additional_fee_eur_per_mwh,spread_multiplier,panel,price_area,scenario_stream,nomination_method,total_stressed_incremental_eur,stressed_incremental_eur_per_actual_mwh,total_absolute_imbalance_mwh
0.0,0.5,d2,DK1,gated,online_profit_quantile,-6921371.522245619,-0.8232199708356673,2524163.6637724387
0.0,0.5,d2,DK1,gated,online_risk_adjusted_quantile,-7752757.334062243,-0.9221040433864806,2122317.5536349574
0.0,0.5,d2,DK1,gated,point_centre,-10750001.483391425,-1.2785928163511784,1523070.8135931366
0.0,0.5,d2,DK1,gated,scenario_median,-10984289.071215492,-1.306458712668952,1558218.0484398364
0.0,0.5,d2,DK1,gated,scenario_q25,-11876130.833722085,-1.412533346484087,1761394.5111301641
0.0,0.5,d2,DK1,gated,scenario_q75,-9962958.587933153,-1.184982839287649,1916561.3492554422
0.0,0.5,d2,DK1,gated,spread_signal_quantile,-10763963.102375563,-1.2802533952604307,1596886.5618795361
0.0,0.5,d2,DK1,raw,online_profit_quantile,-6111371.981762461,-0.7268795568078554,2314868.418700146
0.0,0.5,d2,DK1,raw,online_risk_adjusted_quantile,-7184538.70240834,-0.8545207726611659,1995888.3466061633
0.0,0.5,d2,DK1,raw,point_centre,-10750001.483391425,-1.2785928163511784,1523070.8135931366
0.0,0.5,d2,DK1,raw,scenario_median,-10655525.755412526,-1.2673559818912021,1526315.3215305374
0.0,0.5,d2,DK1,raw,scenario_q25,-11439020.82892477,-1.360543985091668,1685246.0480048205
0.0,0.5,d2,DK1,raw,scenario_q75,-9832488.778207988,-1.1694649101298686,1858290.2098151478
0.0,0.5,d2,DK1,raw,spread_signal_quantile,-10466281.532009698,-1.2448474915479546,1544465.7175835771
0.0,0.5,d2,DK2,gated,online_profit_quantile,-8006548.581564682,-3.0306103583228796,995652.1553218492
0.0,0.5,d2,DK2,gated,online_risk_adjusted_quantile,-8235111.7568735145,-3.1171252803976732,711912.3972588765
0.0,0.5,d2,DK2,gated,point_centre,-7719601.105267213,-2.9219960178111566,570309.2447255645
0.0,0.5,d2,DK2,gated,scenario_median,-7891356.723240723,-2.98700834486169,588861.067890837
0.0,0.5,d2,DK2,gated,scenario_q25,-7542423.708943037,-2.854931458458194,650120.5291922165
0.0,0.5,d2,DK2,gated,scenario_q75,-7952103.266324986,-3.0100019107943776,783415.3794868626
0.0,0.5,d2,DK2,gated,spread_signal_quantile,-7886470.213553096,-2.9851587205542245,618812.070453563
0.0,0.5,d2,DK2,raw,online_profit_quantile,-8220334.557814648,-3.1115318674459407,935194.5609924536
0.0,0.5,d2,DK2,raw,online_risk_adjusted_quantile,-8734393.788448106,-3.306111743316099,675413.5985123839
0.0,0.5,d2,DK2,raw,point_centre,-7719601.105267213,-2.9219960178111566,570309.2447255645
0.0,0.5,d2,DK2,raw,scenario_median,-8050339.389674745,-3.04718589961957,585655.8846151202
0.0,0.5,d2,DK2,raw,scenario_q25,-7667512.390776569,-2.9022795824359258,630715.3316272078
0.0,0.5,d2,DK2,raw,scenario_q75,-8175736.225501759,-3.094650664953449,776860.4072209182
0.0,0.5,d2,DK2,raw,spread_signal_quantile,-8046916.572886736,-3.0458903071546395,606455.0828322577
0.0,0.5,exact,DK1,gated,online_profit_quantile,-2167984.3602666846,-1.9647521730043684,376472.26115285733
0.0,0.5,exact,DK1,gated,online_risk_adjusted_quantile,-2180008.7149447524,-1.975649335094506,301658.51668500947
0.0,0.5,exact,DK1,gated,point_centre,-1932987.460215286,-1.7517844604658515,265982.3257293138
0.0,0.5,exact,DK1,gated,scenario_median,-2180690.6172362445,-1.9762673141876859,283768.7888619525
0.0,0.5,exact,DK1,gated,scenario_q25,-2055578.817979997,-1.8628838027739039,341911.88097510673
0.0,0.5,exact,DK1,gated,scenario_q75,-2300706.933506582,-2.085033005725755,324081.8487667515
0.0,0.5,exact,DK1,gated,spread_signal_quantile,-2270424.266856796,-2.057589110744329,283318.1890909
0.0,0.5,exact,DK1,raw,online_profit_quantile,-2025161.053768548,-1.83531747460859,345211.3318149023
0.0,0.5,exact,DK1,raw,online_risk_adjusted_quantile,-2084613.2732627066,-1.889196496792455,300300.39116498234
0.0,0.5,exact,DK1,raw,point_centre,-1932987.460215286,-1.7517844604658515,265982.3257293138
0.0,0.5,exact,DK1,raw,scenario_median,-1880193.3079417904,-1.703939361902265,272226.69503474905
0.0,0.5,exact,DK1,raw,scenario_q25,-1838093.0630349452,-1.6657856975213257,340490.83480099484
0.0,0.5,exact,DK1,raw,scenario_q75,-1924411.8807463245,-1.7440127769125897,283518.01124983456
0.0,0.5,exact,DK1,raw,spread_signal_quantile,-1964933.1517424881,-1.7807354842815755,274496.94432955625
0.0,0.5,exact,DK2,gated,online_profit_quantile,-1263021.0629980622,-4.09008926075995,151735.5762460012
0.0,0.5,exact,DK2,gated,online_risk_adjusted_quantile,-1425967.005572407,-4.617763318883522,142677.27642068063
0.0,0.5,exact,DK2,gated,point_centre,-2210137.4729120657,-7.157172439629097,109699.67926677752
0.0,0.5,exact,DK2,gated,scenario_median,-2009626.4102339,-6.5078498209098,108988.22461150956
0.0,0.5,exact,DK2,gated,scenario_q25,-1446585.8289809972,-4.684534040816534,123774.34892436933
0.0,0.5,exact,DK2,gated,scenario_q75,-2362727.2469594046,-7.651309722384583,132048.10429666715
0.0,0.5,exact,DK2,gated,spread_signal_quantile,-2022579.844101211,-6.549797419649676,113564.59343593488
0.0,0.5,exact,DK2,raw,online_profit_quantile,-1263021.0629980622,-4.09008926075995,151735.5762460012
0.0,0.5,exact,DK2,raw,online_risk_adjusted_quantile,-1425967.005572407,-4.617763318883522,142677.2764206806
0.0,0.5,exact,DK2,raw,point_centre,-2210137.4729120657,-7.157172439629097,109699.67926677752
0.0,0.5,exact,DK2,raw,scenario_median,-2009626.4102339,-6.5078498209098,108988.22461150956
0.0,0.5,exact,DK2,raw,scenario_q25,-1446585.8289809972,-4.684534040816534,123774.34892436933
0.0,0.5,exact,DK2,raw,scenario_q75,-2362727.2469594046,-7.651309722384583,132048.10429666715
0.0,0.5,exact,DK2,raw,spread_signal_quantile,-2022579.844101211,-6.549797419649676,113564.59343593488
0.0,1.0,d2,DK1,gated,online_profit_quantile,-13842743.044491239,-1.6464399416713347,2524163.6637724387
0.0,1.0,d2,DK1,gated,online_risk_adjusted_quantile,-15505514.668124486,-1.844208086772961,2122317.5536349574
0.0,1.0,d2,DK1,gated,point_centre,-21500002.96678285,-2.5571856327023568,1523070.8135931366
0.0,1.0,d2,DK1,gated,scenario_median,-21968578.142430983,-2.612917425337904,1558218.0484398364
0.0,1.0,d2,DK1,gated,scenario_q25,-23752261.66744417,-2.825066692968174,1761394.5111301641
0.0,1.0,d2,DK1,gated,scenario_q75,-19925917.175866306,-2.369965678575298,1916561.3492554422
0.0,1.0,d2,DK1,gated,spread_signal_quantile,-21527926.204751126,-2.5605067905208614,1596886.5618795361
0.0,1.0,d2,DK1,raw,online_profit_quantile,-12222743.963524923,-1.4537591136157109,2314868.418700146
0.0,1.0,d2,DK1,raw,online_risk_adjusted_quantile,-14369077.40481668,-1.7090415453223318,1995888.3466061633
0.0,1.0,d2,DK1,raw,point_centre,-21500002.96678285,-2.5571856327023568,1523070.8135931366
0.0,1.0,d2,DK1,raw,scenario_median,-21311051.510825053,-2.5347119637824043,1526315.3215305374
0.0,1.0,d2,DK1,raw,scenario_q25,-22878041.65784954,-2.721087970183336,1685246.0480048205
0.0,1.0,d2,DK1,raw,scenario_q75,-19664977.556415975,-2.3389298202597373,1858290.2098151478
0.0,1.0,d2,DK1,raw,spread_signal_quantile,-20932563.064019397,-2.489694983095909,1544465.7175835771
0.0,1.0,d2,DK2,gated,online_profit_quantile,-16013097.163129363,-6.061220716645759,995652.1553218492
0.0,1.0,d2,DK2,gated,online_risk_adjusted_quantile,-16470223.513747029,-6.2342505607953465,711912.3972588765
0.0,1.0,d2,DK2,gated,point_centre,-15439202.210534425,-5.843992035622313,570309.2447255645
0.0,1.0,d2,DK2,gated,scenario_median,-15782713.446481446,-5.97401668972338,588861.067890837
0.0,1.0,d2,DK2,gated,scenario_q25,-15084847.417886075,-5.709862916916388,650120.5291922165
0.0,1.0,d2,DK2,gated,scenario_q75,-15904206.532649972,-6.020003821588755,783415.3794868626
0.0,1.0,d2,DK2,gated,spread_signal_quantile,-15772940.427106192,-5.970317441108449,618812.070453563
0.0,1.0,d2,DK2,raw,online_profit_quantile,-16440669.115629297,-6.223063734891881,935194.5609924536
0.0,1.0,d2,DK2,raw,online_risk_adjusted_quantile,-17468787.576896213,-6.612223486632198,675413.5985123839
0.0,1.0,d2,DK2,raw,point_centre,-15439202.210534425,-5.843992035622313,570309.2447255645
0.0,1.0,d2,DK2,raw,scenario_median,-16100678.77934949,-6.09437179923914,585655.8846151202
0.0,1.0,d2,DK2,raw,scenario_q25,-15335024.781553138,-5.8045591648718515,630715.3316272078
0.0,1.0,d2,DK2,raw,scenario_q75,-16351472.451003518,-6.189301329906898,776860.4072209182
0.0,1.0,d2,DK2,raw,spread_signal_quantile,-16093833.145773472,-6.091780614309279,606455.0828322577
0.0,1.0,exact,DK1,gated,online_profit_quantile,-4335968.720533369,-3.929504346008737,376472.26115285733
0.0,1.0,exact,DK1,gated,online_risk_adjusted_quantile,-4360017.429889505,-3.951298670189012,301658.51668500947
0.0,1.0,exact,DK1,gated,point_centre,-3865974.920430572,-3.503568920931703,265982.3257293138
0.0,1.0,exact,DK1,gated,scenario_median,-4361381.234472489,-3.9525346283753717,283768.7888619525
0.0,1.0,exact,DK1,gated,scenario_q25,-4111157.635959994,-3.7257676055478077,341911.88097510673
0.0,1.0,exact,DK1,gated,scenario_q75,-4601413.867013164,-4.17006601145151,324081.8487667515
0.0,1.0,exact,DK1,gated,spread_signal_quantile,-4540848.533713592,-4.115178221488658,283318.1890909
0.0,1.0,exact,DK1,raw,online_profit_quantile,-4050322.107537096,-3.67063494921718,345211.3318149023
0.0,1.0,exact,DK1,raw,online_risk_adjusted_quantile,-4169226.546525413,-3.77839299358491,300300.39116498234
0.0,1.0,exact,DK1,raw,point_centre,-3865974.920430572,-3.503568920931703,265982.3257293138
0.0,1.0,exact,DK1,raw,scenario_median,-3760386.615883581,-3.40787872380453,272226.69503474905
0.0,1.0,exact,DK1,raw,scenario_q25,-3676186.1260698903,-3.3315713950426513,340490.83480099484
0.0,1.0,exact,DK1,raw,scenario_q75,-3848823.761492649,-3.4880255538251794,283518.01124983456
0.0,1.0,exact,DK1,raw,spread_signal_quantile,-3929866.3034849763,-3.561470968563151,274496.94432955625
0.0,1.0,exact,DK2,gated,online_profit_quantile,-2526042.1259961245,-8.1801785215199,151735.5762460012
0.0,1.0,exact,DK2,gated,online_risk_adjusted_quantile,-2851934.011144814,-9.235526637767045,142677.27642068063
0.0,1.0,exact,DK2,gated,point_centre,-4420274.945824131,-14.314344879258194,109699.67926677752
0.0,1.0,exact,DK2,gated,scenario_median,-4019252.8204678,-13.0156996418196,108988.22461150956
0.0,1.0,exact,DK2,gated,scenario_q25,-2893171.6579619944,-9.369068081633069,123774.34892436933
0.0,1.0,exact,DK2,gated,scenario_q75,-4725454.493918809,-15.302619444769165,132048.10429666715
0.0,1.0,exact,DK2,gated,spread_signal_quantile,-4045159.688202422,-13.099594839299352,113564.59343593488
0.0,1.0,exact,DK2,raw,online_profit_quantile,-2526042.1259961245,-8.1801785215199,151735.5762460012
0.0,1.0,exact,DK2,raw,online_risk_adjusted_quantile,-2851934.011144814,-9.235526637767045,142677.2764206806
0.0,1.0,exact,DK2,raw,point_centre,-4420274.945824131,-14.314344879258194,109699.67926677752
0.0,1.0,exact,DK2,raw,scenario_median,-4019252.8204678,-13.0156996418196,108988.22461150956
0.0,1.0,exact,DK2,raw,scenario_q25,-2893171.6579619944,-9.369068081633069,123774.34892436933
0.0,1.0,exact,DK2,raw,scenario_q75,-4725454.493918809,-15.302619444769165,132048.10429666715
0.0,1.0,exact,DK2,raw,spread_signal_quantile,-4045159.688202422,-13.099594839299352,113564.59343593488
0.0,1.5,d2,DK1,gated,online_profit_quantile,-20764114.566736862,-2.4696599125070025,2524163.6637724387
0.0,1.5,d2,DK1,gated,online_risk_adjusted_quantile,-23258272.00218673,-2.7663121301594416,2122317.5536349574
0.0,1.5,d2,DK1,gated,point_centre,-32250004.450174272,-3.8357784490535347,1523070.8135931366
0.0,1.5,d2,DK1,gated,scenario_median,-32952867.21364647,-3.9193761380068555,1558218.0484398364
0.0,1.5,d2,DK1,gated,scenario_q25,-35628392.501166254,-4.237600039452261,1761394.5111301641
0.0,1.5,d2,DK1,gated,scenario_q75,-29888875.763799462,-3.554948517862947,1916561.3492554422
0.0,1.5,d2,DK1,gated,spread_signal_quantile,-32291889.307126686,-3.8407601857812916,1596886.5618795361
0.0,1.5,d2,DK1,raw,online_profit_quantile,-18334115.945287388,-2.180638670423567,2314868.418700146
0.0,1.5,d2,DK1,raw,online_risk_adjusted_quantile,-21553616.107225023,-2.563562317983498,1995888.3466061633
0.0,1.5,d2,DK1,raw,point_centre,-32250004.450174272,-3.8357784490535347,1523070.8135931366
0.0,1.5,d2,DK1,raw,scenario_median,-31966577.266237583,-3.802067945673607,1526315.3215305374
0.0,1.5,d2,DK1,raw,scenario_q25,-34317062.4867743,-4.081631955275003,1685246.0480048205
0.0,1.5,d2,DK1,raw,scenario_q75,-29497466.334623963,-3.508394730389606,1858290.2098151478
0.0,1.5,d2,DK1,raw,spread_signal_quantile,-31398844.596029088,-3.7345424746438627,1544465.7175835771
0.0,1.5,d2,DK2,gated,online_profit_quantile,-24019645.744694047,-9.09183107496864,995652.1553218492
0.0,1.5,d2,DK2,gated,online_risk_adjusted_quantile,-24705335.270620547,-9.35137584119302,711912.3972588765
0.0,1.5,d2,DK2,gated,point_centre,-23158803.315801635,-8.76598805343347,570309.2447255645
0.0,1.5,d2,DK2,gated,scenario_median,-23674070.169722173,-8.961025034585072,588861.067890837
0.0,1.5,d2,DK2,gated,scenario_q25,-22627271.12682911,-8.564794375374582,650120.5291922165
0.0,1.5,d2,DK2,gated,scenario_q75,-23856309.798974957,-9.030005732383133,783415.3794868626
0.0,1.5,d2,DK2,gated,spread_signal_quantile,-23659410.64065929,-8.955476161662675,618812.070453563
0.0,1.5,d2,DK2,raw,online_profit_quantile,-24661003.673443947,-9.334595602337822,935194.5609924536
0.0,1.5,d2,DK2,raw,online_risk_adjusted_quantile,-26203181.36534432,-9.918335229948298,675413.5985123839
0.0,1.5,d2,DK2,raw,point_centre,-23158803.315801635,-8.76598805343347,570309.2447255645
0.0,1.5,d2,DK2,raw,scenario_median,-24151018.169024233,-9.14155769885871,585655.8846151202
0.0,1.5,d2,DK2,raw,scenario_q25,-23002537.172329705,-8.706838747307776,630715.3316272078
0.0,1.5,d2,DK2,raw,scenario_q75,-24527208.676505275,-9.283951994860345,776860.4072209182
0.0,1.5,d2,DK2,raw,spread_signal_quantile,-24140749.71866021,-9.137670921463918,606455.0828322577
0.0,1.5,exact,DK1,gated,online_profit_quantile,-6503953.080800053,-5.894256519013105,376472.26115285733
0.0,1.5,exact,DK1,gated,online_risk_adjusted_quantile,-6540026.144834257,-5.926948005283517,301658.51668500947
0.0,1.5,exact,DK1,gated,point_centre,-5798962.380645857,-5.255353381397554,265982.3257293138
0.0,1.5,exact,DK1,gated,scenario_median,-6542071.851708733,-5.928801942563057,283768.7888619525
0.0,1.5,exact,DK1,gated,scenario_q25,-6166736.453939991,-5.588651408321711,341911.88097510673
0.0,1.5,exact,DK1,gated,scenario_q75,-6902120.800519746,-6.255099017177266,324081.8487667515
0.0,1.5,exact,DK1,gated,spread_signal_quantile,-6811272.800570389,-6.172767332232988,283318.1890909
0.0,1.5,exact,DK1,raw,online_profit_quantile,-6075483.161305644,-5.50595242382577,345211.3318149023
0.0,1.5,exact,DK1,raw,online_risk_adjusted_quantile,-6253839.819788119,-5.667589490377364,300300.39116498234
0.0,1.5,exact,DK1,raw,point_centre,-5798962.380645857,-5.255353381397554,265982.3257293138
0.0,1.5,exact,DK1,raw,scenario_median,-5640579.923825371,-5.111818085706795,272226.69503474905
0.0,1.5,exact,DK1,raw,scenario_q25,-5514279.1891048355,-4.997357092563977,340490.83480099484
0.0,1.5,exact,DK1,raw,scenario_q75,-5773235.642238973,-5.232038330737768,283518.01124983456
0.0,1.5,exact,DK1,raw,spread_signal_quantile,-5894799.455227464,-5.342206452844726,274496.94432955625
0.0,1.5,exact,DK2,gated,online_profit_quantile,-3789063.188994187,-12.270267782279852,151735.5762460012
0.0,1.5,exact,DK2,gated,online_risk_adjusted_quantile,-4277901.0167172225,-13.853289956650572,142677.27642068063
0.0,1.5,exact,DK2,gated,point_centre,-6630412.418736197,-21.47151731888729,109699.67926677752
0.0,1.5,exact,DK2,gated,scenario_median,-6028879.230701702,-19.523549462729406,108988.22461150956
0.0,1.5,exact,DK2,gated,scenario_q25,-4339757.486942992,-14.053602122449602,123774.34892436933
0.0,1.5,exact,DK2,gated,scenario_q75,-7088181.740878213,-22.953929167153746,132048.10429666715
0.0,1.5,exact,DK2,gated,spread_signal_quantile,-6067739.532303633,-19.649392258949025,113564.59343593488
0.0,1.5,exact,DK2,raw,online_profit_quantile,-3789063.188994187,-12.270267782279852,151735.5762460012
0.0,1.5,exact,DK2,raw,online_risk_adjusted_quantile,-4277901.0167172225,-13.853289956650572,142677.2764206806
0.0,1.5,exact,DK2,raw,point_centre,-6630412.418736197,-21.47151731888729,109699.67926677752
0.0,1.5,exact,DK2,raw,scenario_median,-6028879.230701702,-19.523549462729406,108988.22461150956
0.0,1.5,exact,DK2,raw,scenario_q25,-4339757.486942992,-14.053602122449602,123774.34892436933
0.0,1.5,exact,DK2,raw,scenario_q75,-7088181.740878213,-22.953929167153746,132048.10429666715
0.0,1.5,exact,DK2,raw,spread_signal_quantile,-6067739.532303633,-19.649392258949025,113564.59343593488
0.0,2.0,d2,DK1,gated,online_profit_quantile,-27685486.088982478,-3.2928798833426693,2524163.6637724387
0.0,2.0,d2,DK1,gated,online_risk_adjusted_quantile,-31011029.33624897,-3.688416173545922,2122317.5536349574
0.0,2.0,d2,DK1,gated,point_centre,-43000005.9335657,-5.1143712654047135,1523070.8135931366
0.0,2.0,d2,DK1,gated,scenario_median,-43937156.28486197,-5.225834850675808,1558218.0484398364
0.0,2.0,d2,DK1,gated,scenario_q25,-47504523.33488834,-5.650133385936348,1761394.5111301641
0.0,2.0,d2,DK1,gated,scenario_q75,-39851834.35173261,-4.739931357150596,1916561.3492554422
0.0,2.0,d2,DK1,gated,spread_signal_quantile,-43055852.40950225,-5.121013581041723,1596886.5618795361
0.0,2.0,d2,DK1,raw,online_profit_quantile,-24445487.927049845,-2.9075182272314217,2314868.418700146
0.0,2.0,d2,DK1,raw,online_risk_adjusted_quantile,-28738154.80963336,-3.4180830906446635,1995888.3466061633
0.0,2.0,d2,DK1,raw,point_centre,-43000005.9335657,-5.1143712654047135,1523070.8135931366
0.0,2.0,d2,DK1,raw,scenario_median,-42622103.021650106,-5.0694239275648085,1526315.3215305374
0.0,2.0,d2,DK1,raw,scenario_q25,-45756083.31569908,-5.442175940366672,1685246.0480048205
0.0,2.0,d2,DK1,raw,scenario_q75,-39329955.11283195,-4.677859640519475,1858290.2098151478
0.0,2.0,d2,DK1,raw,spread_signal_quantile,-41865126.128038794,-4.979389966191818,1544465.7175835771
0.0,2.0,d2,DK2,gated,online_profit_quantile,-32026194.326258726,-12.122441433291518,995652.1553218492
0.0,2.0,d2,DK2,gated,online_risk_adjusted_quantile,-32940447.027494058,-12.468501121590693,711912.3972588765
0.0,2.0,d2,DK2,gated,point_centre,-30878404.42106885,-11.687984071244626,570309.2447255645
0.0,2.0,d2,DK2,gated,scenario_median,-31565426.89296289,-11.94803337944676,588861.067890837
0.0,2.0,d2,DK2,gated,scenario_q25,-30169694.83577215,-11.419725833832777,650120.5291922165
0.0,2.0,d2,DK2,gated,scenario_q75,-31808413.065299943,-12.04000764317751,783415.3794868626
0.0,2.0,d2,DK2,gated,spread_signal_quantile,-31545880.854212385,-11.940634882216898,618812.070453563
0.0,2.0,d2,DK2,raw,online_profit_quantile,-32881338.231258593,-12.446127469783763,935194.5609924536
0.0,2.0,d2,DK2,raw,online_risk_adjusted_quantile,-34937575.153792426,-13.224446973264396,675413.5985123839
0.0,2.0,d2,DK2,raw,point_centre,-30878404.42106885,-11.687984071244626,570309.2447255645
0.0,2.0,d2,DK2,raw,scenario_median,-32201357.55869898,-12.18874359847828,585655.8846151202
0.0,2.0,d2,DK2,raw,scenario_q25,-30670049.563106276,-11.609118329743703,630715.3316272078
0.0,2.0,d2,DK2,raw,scenario_q75,-32702944.902007036,-12.378602659813795,776860.4072209182
0.0,2.0,d2,DK2,raw,spread_signal_quantile,-32187666.291546945,-12.183561228618558,606455.0828322577
0.0,2.0,exact,DK1,gated,online_profit_quantile,-8671937.441066738,-7.859008692017474,376472.26115285733
0.0,2.0,exact,DK1,gated,online_risk_adjusted_quantile,-8720034.85977901,-7.902597340378024,301658.51668500947
0.0,2.0,exact,DK1,gated,point_centre,-7731949.840861144,-7.007137841863406,265982.3257293138
0.0,2.0,exact,DK1,gated,scenario_median,-8722762.468944978,-7.9050692567507435,283768.7888619525
0.0,2.0,exact,DK1,gated,scenario_q25,-8222315.271919988,-7.4515352110956155,341911.88097510673
0.0,2.0,exact,DK1,gated,scenario_q75,-9202827.734026328,-8.34013202290302,324081.8487667515
0.0,2.0,exact,DK1,gated,spread_signal_quantile,-9081697.067427184,-8.230356442977316,283318.1890909
0.0,2.0,exact,DK1,raw,online_profit_quantile,-8100644.215074192,-7.34126989843436,345211.3318149023
0.0,2.0,exact,DK1,raw,online_risk_adjusted_quantile,-8338453.093050826,-7.55678598716982,300300.39116498234
0.0,2.0,exact,DK1,raw,point_centre,-7731949.840861144,-7.007137841863406,265982.3257293138
0.0,2.0,exact,DK1,raw,scenario_median,-7520773.231767162,-6.81575744760906,272226.69503474905
0.0,2.0,exact,DK1,raw,scenario_q25,-7352372.252139781,-6.663142790085303,340490.83480099484
0.0,2.0,exact,DK1,raw,scenario_q75,-7697647.522985298,-6.976051107650359,283518.01124983456
0.0,2.0,exact,DK1,raw,spread_signal_quantile,-7859732.606969953,-7.122941937126302,274496.94432955625
0.0,2.0,exact,DK2,gated,online_profit_quantile,-5052084.251992249,-16.3603570430398,151735.5762460012
0.0,2.0,exact,DK2,gated,online_risk_adjusted_quantile,-5703868.022289628,-18.47105327553409,142677.27642068063
0.0,2.0,exact,DK2,gated,point_centre,-8840549.891648263,-28.628689758516387,109699.67926677752
0.0,2.0,exact,DK2,gated,scenario_median,-8038505.6409356,-26.0313992836392,108988.22461150956
0.0,2.0,exact,DK2,gated,scenario_q25,-5786343.315923989,-18.738136163266137,123774.34892436933
0.0,2.0,exact,DK2,gated,scenario_q75,-9450908.987837618,-30.60523888953833,132048.10429666715
0.0,2.0,exact,DK2,gated,spread_signal_quantile,-8090319.376404844,-26.199189678598703,113564.59343593488
0.0,2.0,exact,DK2,raw,online_profit_quantile,-5052084.251992249,-16.3603570430398,151735.5762460012
0.0,2.0,exact,DK2,raw,online_risk_adjusted_quantile,-5703868.022289628,-18.47105327553409,142677.2764206806
0.0,2.0,exact,DK2,raw,point_centre,-8840549.891648263,-28.628689758516387,109699.67926677752
0.0,2.0,exact,DK2,raw,scenario_median,-8038505.6409356,-26.0313992836392,108988.22461150956
0.0,2.0,exact,DK2,raw,scenario_q25,-5786343.315923989,-18.738136163266137,123774.34892436933
0.0,2.0,exact,DK2,raw,scenario_q75,-9450908.987837618,-30.60523888953833,132048.10429666715
0.0,2.0,exact,DK2,raw,spread_signal_quantile,-8090319.376404844,-26.199189678598703,113564.59343593488
0.25,0.5,d2,DK1,gated,online_profit_quantile,-7552412.438188731,-0.8982752518228458,2524163.6637724387
0.25,0.5,d2,DK1,gated,online_risk_adjusted_quantile,-8283336.722470983,-0.985210545796878,2122317.5536349574
0.25,0.5,d2,DK1,gated,point_centre,-11130769.18678971,-1.3238808891961686,1523070.8135931366
0.25,0.5,d2,DK1,gated,scenario_median,-11373843.58332545,-1.3527918784392552,1558218.0484398364
0.25,0.5,d2,DK1,gated,scenario_q25,-12316479.461504627,-1.4649079059706809,1761394.5111301641
0.25,0.5,d2,DK1,gated,scenario_q75,-10442098.925247014,-1.2419712401041585,1916561.3492554422
0.25,0.5,d2,DK1,gated,spread_signal_quantile,-11163184.742845446,-1.3277363581628405,1596886.5618795361
0.25,0.5,d2,DK1,raw,online_profit_quantile,-6690089.086437499,-0.7957115038434216,2314868.418700146
0.25,0.5,d2,DK1,raw,online_risk_adjusted_quantile,-7683510.789059883,-0.9138679389418489,1995888.3466061633
0.25,0.5,d2,DK1,raw,point_centre,-11130769.18678971,-1.3238808891961686,1523070.8135931366
0.25,0.5,d2,DK1,raw,scenario_median,-11037104.58579516,-1.3127405292470973,1526315.3215305374
0.25,0.5,d2,DK1,raw,scenario_q25,-11860332.340925973,-1.4106542919156302,1685246.0480048205
0.25,0.5,d2,DK1,raw,scenario_q75,-10297061.330661774,-1.2247206353647964,1858290.2098151478
0.25,0.5,d2,DK1,raw,spread_signal_quantile,-10852397.961405592,-1.2907717357132686,1544465.7175835771
0.25,0.5,d2,DK2,gated,online_profit_quantile,-8255461.620395144,-3.1248280385275757,995652.1553218492
0.25,0.5,d2,DK2,gated,online_risk_adjusted_quantile,-8413089.856188234,-3.184492919005369,711912.3972588765
0.25,0.5,d2,DK2,gated,point_centre,-7862178.416448603,-2.975963875712258,570309.2447255645
0.25,0.5,d2,DK2,gated,scenario_median,-8038571.990213433,-3.0427317453314062,588861.067890837
0.25,0.5,d2,DK2,gated,scenario_q25,-7704953.8412410915,-2.916451787406952,650120.5291922165
0.25,0.5,d2,DK2,gated,scenario_q75,-8147957.111196701,-3.0841358131792664,783415.3794868626
0.25,0.5,d2,DK2,gated,spread_signal_quantile,-8041173.231166488,-3.043716357826604,618812.070453563
0.25,0.5,d2,DK2,raw,online_profit_quantile,-8454133.198062763,-3.200028499131809,935194.5609924536
0.25,0.5,d2,DK2,raw,online_risk_adjusted_quantile,-8903247.188076202,-3.3700255329768787,675413.5985123839
0.25,0.5,d2,DK2,raw,point_centre,-7862178.416448603,-2.975963875712258,570309.2447255645
0.25,0.5,d2,DK2,raw,scenario_median,-8196753.360828524,-3.102605996439256,585655.8846151202
0.25,0.5,d2,DK2,raw,scenario_q25,-7825191.22368337,-2.96196361475366,630715.3316272078
0.25,0.5,d2,DK2,raw,scenario_q75,-8369951.327306989,-3.1681642761277953,776860.4072209182
0.25,0.5,d2,DK2,raw,spread_signal_quantile,-8198530.343594801,-3.1032786136504273,606455.0828322577
0.25,0.5,exact,DK1,gated,online_profit_quantile,-2262102.425554899,-2.0500473793181446,376472.26115285733
0.25,0.5,exact,DK1,gated,online_risk_adjusted_quantile,-2255423.3441160046,-2.0439944114041477,301658.51668500947
0.25,0.5,exact,DK1,gated,point_centre,-1999483.041647614,-1.8120465825128411,265982.3257293138
0.25,0.5,exact,DK1,gated,scenario_median,-2251632.8144517327,-2.0405592153154637,283768.7888619525
0.25,0.5,exact,DK1,gated,scenario_q25,-2141056.7882237732,-1.9403488578076973,341911.88097510673
0.25,0.5,exact,DK1,gated,scenario_q75,-2381727.39569827,-2.1584584104779165,324081.8487667515
0.25,0.5,exact,DK1,gated,spread_signal_quantile,-2341253.814129521,-2.121778922012102,283318.1890909
0.25,0.5,exact,DK1,raw,online_profit_quantile,-2111463.8867222737,-1.913530067692706,345211.3318149023
0.25,0.5,exact,DK1,raw,online_risk_adjusted_quantile,-2159688.3710539523,-1.9572338702289132,300300.39116498234
0.25,0.5,exact,DK1,raw,point_centre,-1999483.041647614,-1.8120465825128411,265982.3257293138
0.25,0.5,exact,DK1,raw,scenario_median,-1948249.9817004781,-1.7656162356405896,272226.69503474905
0.25,0.5,exact,DK1,raw,scenario_q25,-1923215.7717351937,-1.7429287941026397,340490.83480099484
0.25,0.5,exact,DK1,raw,scenario_q75,-1995291.383558783,-1.8082478607649088,283518.01124983456
0.25,0.5,exact,DK1,raw,spread_signal_quantile,-2033557.3878248772,-1.842926715655151,274496.94432955625
0.25,0.5,exact,DK2,gated,online_profit_quantile,-1300954.9570595624,-4.212932036122269,151735.5762460012
0.25,0.5,exact,DK2,gated,online_risk_adjusted_quantile,-1461636.3246775775,-4.733272634828241,142677.27642068063
0.25,0.5,exact,DK2,gated,point_centre,-2237562.3927287604,-7.2459836030416875,109699.67926677752
0.25,0.5,exact,DK2,gated,scenario_median,-2036873.4663867773,-6.596085001638832,108988.22461150956
0.25,0.5,exact,DK2,gated,scenario_q25,-1477529.4162120898,-4.78473983906574,123774.34892436933
0.25,0.5,exact,DK2,gated,scenario_q75,-2395739.2730335714,-7.758213824998178,132048.10429666715
0.25,0.5,exact,DK2,gated,spread_signal_quantile,-2050970.992460195,-6.641737557788053,113564.59343593488
0.25,0.5,exact,DK2,raw,online_profit_quantile,-1300954.9570595624,-4.212932036122269,151735.5762460012
0.25,0.5,exact,DK2,raw,online_risk_adjusted_quantile,-1461636.3246775775,-4.733272634828241,142677.2764206806
0.25,0.5,exact,DK2,raw,point_centre,-2237562.3927287604,-7.2459836030416875,109699.67926677752
0.25,0.5,exact,DK2,raw,scenario_median,-2036873.4663867773,-6.596085001638832,108988.22461150956
0.25,0.5,exact,DK2,raw,scenario_q25,-1477529.4162120898,-4.78473983906574,123774.34892436933
0.25,0.5,exact,DK2,raw,scenario_q75,-2395739.2730335714,-7.758213824998178,132048.10429666715
0.25,0.5,exact,DK2,raw,spread_signal_quantile,-2050970.992460195,-6.641737557788053,113564.59343593488
0.25,1.0,d2,DK1,gated,online_profit_quantile,-14473783.960434351,-1.7214952226585132,2524163.6637724387
0.25,1.0,d2,DK1,gated,online_risk_adjusted_quantile,-16036094.056533225,-1.9073145891833583,2122317.5536349574
0.25,1.0,d2,DK1,gated,point_centre,-21880770.670181133,-2.6024737055473466,1523070.8135931366
0.25,1.0,d2,DK1,gated,scenario_median,-22358132.65454094,-2.659250591108207,1558218.0484398364
0.25,1.0,d2,DK1,gated,scenario_q25,-24192610.295226716,-2.8774412524547683,1761394.5111301641
0.25,1.0,d2,DK1,gated,scenario_q75,-20405057.513180166,-2.4269540793918076,1916561.3492554422
0.25,1.0,d2,DK1,gated,spread_signal_quantile,-21927147.845221005,-2.6079897534232708,1596886.5618795361
0.25,1.0,d2,DK1,raw,online_profit_quantile,-12801461.068199962,-1.5225910606512774,2314868.418700146
0.25,1.0,d2,DK1,raw,online_risk_adjusted_quantile,-14868049.491468225,-1.768388711603015,1995888.3466061633
0.25,1.0,d2,DK1,raw,point_centre,-21880770.670181133,-2.6024737055473466,1523070.8135931366
0.25,1.0,d2,DK1,raw,scenario_median,-21692630.341207687,-2.5800965111382994,1526315.3215305374
0.25,1.0,d2,DK1,raw,scenario_q25,-23299353.16985074,-2.771198277007298,1685246.0480048205
0.25,1.0,d2,DK1,raw,scenario_q75,-20129550.10886976,-2.394185545494665,1858290.2098151478
0.25,1.0,d2,DK1,raw,spread_signal_quantile,-21318679.49341529,-2.535619227261223,1544465.7175835771
0.25,1.0,d2,DK2,gated,online_profit_quantile,-16262010.201959826,-6.155438396850456,995652.1553218492
0.25,1.0,d2,DK2,gated,online_risk_adjusted_quantile,-16648201.61306175,-6.301618199403043,711912.3972588765
0.25,1.0,d2,DK2,gated,point_centre,-15581779.521715816,-5.8979598935234145,570309.2447255645
0.25,1.0,d2,DK2,gated,scenario_median,-15929928.713454157,-6.029740090193097,588861.067890837
0.25,1.0,d2,DK2,gated,scenario_q25,-15247377.550184127,-5.771383245865145,650120.5291922165
0.25,1.0,d2,DK2,gated,scenario_q75,-16100060.377521688,-6.0941377239736445,783415.3794868626
0.25,1.0,d2,DK2,gated,spread_signal_quantile,-15927643.444719583,-6.028875078380828,618812.070453563
0.25,1.0,d2,DK2,raw,online_profit_quantile,-16674467.75587741,-6.311560366577749,935194.5609924536
0.25,1.0,d2,DK2,raw,online_risk_adjusted_quantile,-17637640.97652431,-6.676137276292978,675413.5985123839
0.25,1.0,d2,DK2,raw,point_centre,-15581779.521715816,-5.8979598935234145,570309.2447255645
0.25,1.0,d2,DK2,raw,scenario_median,-16247092.75050327,-6.149791896058827,585655.8846151202
0.25,1.0,d2,DK2,raw,scenario_q25,-15492703.61445994,-5.864243197189586,630715.3316272078
0.25,1.0,d2,DK2,raw,scenario_q75,-16545687.552808747,-6.262814941081244,776860.4072209182
0.25,1.0,d2,DK2,raw,spread_signal_quantile,-16245446.916481536,-6.149168920805066,606455.0828322577
0.25,1.0,exact,DK1,gated,online_profit_quantile,-4430086.785821583,-4.014799552322512,376472.26115285733
0.25,1.0,exact,DK1,gated,online_risk_adjusted_quantile,-4435432.059060756,-4.0196437464986525,301658.51668500947
0.25,1.0,exact,DK1,gated,point_centre,-3932470.5018629003,-3.563831042978693,265982.3257293138
0.25,1.0,exact,DK1,gated,scenario_median,-4432323.431687976,-4.016826529503149,283768.7888619525
0.25,1.0,exact,DK1,gated,scenario_q25,-4196635.60620377,-3.803232660581601,341911.88097510673
0.25,1.0,exact,DK1,gated,scenario_q75,-4682434.329204852,-4.243491416203672,324081.8487667515
0.25,1.0,exact,DK1,gated,spread_signal_quantile,-4611678.080986317,-4.179368032756431,283318.1890909
0.25,1.0,exact,DK1,raw,online_profit_quantile,-4136624.9404908214,-3.748847542301296,345211.3318149023
0.25,1.0,exact,DK1,raw,online_risk_adjusted_quantile,-4244301.644316658,-3.8464303670213678,300300.39116498234
0.25,1.0,exact,DK1,raw,point_centre,-3932470.5018629003,-3.563831042978693,265982.3257293138
0.25,1.0,exact,DK1,raw,scenario_median,-3828443.289642268,-3.469555597542854,272226.69503474905
0.25,1.0,exact,DK1,raw,scenario_q25,-3761308.834770139,-3.4087144916239653,340490.83480099484
0.25,1.0,exact,DK1,raw,scenario_q75,-3919703.2643051078,-3.552260637677499,283518.01124983456
0.25,1.0,exact,DK1,raw,spread_signal_quantile,-3998490.5395673653,-3.6236621999367267,274496.94432955625
0.25,1.0,exact,DK2,gated,online_profit_quantile,-2563976.020057625,-8.303021296882221,151735.5762460012
0.25,1.0,exact,DK2,gated,online_risk_adjusted_quantile,-2887603.3302499847,-9.351035953711765,142677.27642068063
0.25,1.0,exact,DK2,gated,point_centre,-4447699.8656408265,-14.403156042670785,109699.67926677752
0.25,1.0,exact,DK2,gated,scenario_median,-4046499.8766206773,-13.103934822548633,108988.22461150956
0.25,1.0,exact,DK2,gated,scenario_q25,-2924115.2451930866,-9.469273879882273,123774.34892436933
0.25,1.0,exact,DK2,gated,scenario_q75,-4758466.519992976,-15.409523547382761,132048.10429666715
0.25,1.0,exact,DK2,gated,spread_signal_quantile,-4073550.8365614065,-13.19153497743773,113564.59343593488
0.25,1.0,exact,DK2,raw,online_profit_quantile,-2563976.020057625,-8.303021296882221,151735.5762460012
0.25,1.0,exact,DK2,raw,online_risk_adjusted_quantile,-2887603.3302499847,-9.351035953711765,142677.2764206806
0.25,1.0,exact,DK2,raw,point_centre,-4447699.8656408265,-14.403156042670785,109699.67926677752
0.25,1.0,exact,DK2,raw,scenario_median,-4046499.8766206773,-13.103934822548633,108988.22461150956
0.25,1.0,exact,DK2,raw,scenario_q25,-2924115.2451930866,-9.469273879882273,123774.34892436933
0.25,1.0,exact,DK2,raw,scenario_q75,-4758466.519992976,-15.409523547382761,132048.10429666715
0.25,1.0,exact,DK2,raw,spread_signal_quantile,-4073550.8365614065,-13.19153497743773,113564.59343593488
0.25,1.5,d2,DK1,gated,online_profit_quantile,-21395155.48267997,-2.5447151934941807,2524163.6637724387
0.25,1.5,d2,DK1,gated,online_risk_adjusted_quantile,-23788851.390595466,-2.8294186325698387,2122317.5536349574
0.25,1.5,d2,DK1,gated,point_centre,-32630772.153572556,-3.8810665218985245,1523070.8135931366
0.25,1.5,d2,DK1,gated,scenario_median,-33342421.72575643,-3.9657093037771585,1558218.0484398364
0.25,1.5,d2,DK1,gated,scenario_q25,-36068741.1289488,-4.289974598938855,1761394.5111301641
0.25,1.5,d2,DK1,gated,scenario_q75,-30368016.101113323,-3.611936918679457,1916561.3492554422
0.25,1.5,d2,DK1,gated,spread_signal_quantile,-32691110.947596572,-3.888243148683702,1596886.5618795361
0.25,1.5,d2,DK1,raw,online_profit_quantile,-18912833.049962424,-2.249470617459133,2314868.418700146
0.25,1.5,d2,DK1,raw,online_risk_adjusted_quantile,-22052588.193876565,-2.6229094842641807,1995888.3466061633
0.25,1.5,d2,DK1,raw,point_centre,-32630772.153572556,-3.8810665218985245,1523070.8135931366
0.25,1.5,d2,DK1,raw,scenario_median,-32348156.096620213,-3.8474524930295018,1526315.3215305374
0.25,1.5,d2,DK1,raw,scenario_q25,-34738373.99877551,-4.131742262098966,1685246.0480048205
0.25,1.5,d2,DK1,raw,scenario_q75,-29962038.88707775,-3.5636504556245336,1858290.2098151478
0.25,1.5,d2,DK1,raw,spread_signal_quantile,-31784961.025424987,-3.7804667188091776,1544465.7175835771
0.25,1.5,d2,DK2,gated,online_profit_quantile,-24268558.78352451,-9.186048755173337,995652.1553218492
0.25,1.5,d2,DK2,gated,online_risk_adjusted_quantile,-24883313.369935267,-9.418743479800716,711912.3972588765
0.25,1.5,d2,DK2,gated,point_centre,-23301380.62698303,-8.819955911334572,570309.2447255645
0.25,1.5,d2,DK2,gated,scenario_median,-23821285.43669488,-9.016748435054787,588861.067890837
0.25,1.5,d2,DK2,gated,scenario_q25,-22789801.259127166,-8.62631470432334,650120.5291922165
0.25,1.5,d2,DK2,gated,scenario_q75,-24052163.643846676,-9.104139634768023,783415.3794868626
0.25,1.5,d2,DK2,gated,spread_signal_quantile,-23814113.658272676,-9.014033798935051,618812.070453563
0.25,1.5,d2,DK2,raw,online_profit_quantile,-24894802.31369206,-9.42309223402369,935194.5609924536
0.25,1.5,d2,DK2,raw,online_risk_adjusted_quantile,-26372034.76497242,-9.982249019609078,675413.5985123839
0.25,1.5,d2,DK2,raw,point_centre,-23301380.62698303,-8.819955911334572,570309.2447255645
0.25,1.5,d2,DK2,raw,scenario_median,-24297432.140178014,-9.196977795678396,585655.8846151202
0.25,1.5,d2,DK2,raw,scenario_q25,-23160216.005236506,-8.766522779625511,630715.3316272078
0.25,1.5,d2,DK2,raw,scenario_q75,-24721423.778310504,-9.357465606034692,776860.4072209182
0.25,1.5,d2,DK2,raw,spread_signal_quantile,-24292363.489368275,-9.195059227959707,606455.0828322577
0.25,1.5,exact,DK1,gated,online_profit_quantile,-6598071.146088269,-5.979551725326882,376472.26115285733
0.25,1.5,exact,DK1,gated,online_risk_adjusted_quantile,-6615440.774005509,-5.995293081593159,301658.51668500947
0.25,1.5,exact,DK1,gated,point_centre,-5865457.962078187,-5.315615503444545,265982.3257293138
0.25,1.5,exact,DK1,gated,scenario_median,-6613014.048924221,-5.9930938436908345,283768.7888619525
0.25,1.5,exact,DK1,gated,scenario_q25,-6252214.424183767,-5.666116463355505,341911.88097510673
0.25,1.5,exact,DK1,gated,scenario_q75,-6983141.262711433,-6.328524421929426,324081.8487667515
0.25,1.5,exact,DK1,gated,spread_signal_quantile,-6882102.347843113,-6.23695714350076,283318.1890909
0.25,1.5,exact,DK1,raw,online_profit_quantile,-6161785.99425937,-5.584165016909886,345211.3318149023
0.25,1.5,exact,DK1,raw,online_risk_adjusted_quantile,-6328914.917579364,-5.735626863813822,300300.39116498234
0.25,1.5,exact,DK1,raw,point_centre,-5865457.962078187,-5.315615503444545,265982.3257293138
0.25,1.5,exact,DK1,raw,scenario_median,-5708636.5975840585,-5.173494959445119,272226.69503474905
0.25,1.5,exact,DK1,raw,scenario_q25,-5599401.897805084,-5.074500189145291,340490.83480099484
0.25,1.5,exact,DK1,raw,scenario_q75,-5844115.145051432,-5.296273414590088,283518.01124983456
0.25,1.5,exact,DK1,raw,spread_signal_quantile,-5963423.691309853,-5.404397684218302,274496.94432955625
0.25,1.5,exact,DK2,gated,online_profit_quantile,-3826997.083055687,-12.39311055764217,151735.5762460012
0.25,1.5,exact,DK2,gated,online_risk_adjusted_quantile,-4313570.335822392,-13.96879927259529,142677.27642068063
0.25,1.5,exact,DK2,gated,point_centre,-6657837.338552893,-21.560328482299884,109699.67926677752
0.25,1.5,exact,DK2,gated,scenario_median,-6056126.286854578,-19.611784643458435,108988.22461150956
0.25,1.5,exact,DK2,gated,scenario_q25,-4370701.074174085,-14.15380792069881,123774.34892436933
0.25,1.5,exact,DK2,gated,scenario_q75,-7121193.7669523815,-23.060833269767347,132048.10429666715
0.25,1.5,exact,DK2,gated,spread_signal_quantile,-6096130.680662617,-19.741332397087405,113564.59343593488
0.25,1.5,exact,DK2,raw,online_profit_quantile,-3826997.083055687,-12.39311055764217,151735.5762460012
0.25,1.5,exact,DK2,raw,online_risk_adjusted_quantile,-4313570.335822392,-13.96879927259529,142677.2764206806
0.25,1.5,exact,DK2,raw,point_centre,-6657837.338552893,-21.560328482299884,109699.67926677752
0.25,1.5,exact,DK2,raw,scenario_median,-6056126.286854578,-19.611784643458435,108988.22461150956
0.25,1.5,exact,DK2,raw,scenario_q25,-4370701.074174085,-14.15380792069881,123774.34892436933
0.25,1.5,exact,DK2,raw,scenario_q75,-7121193.7669523815,-23.060833269767347,132048.10429666715
0.25,1.5,exact,DK2,raw,spread_signal_quantile,-6096130.680662617,-19.741332397087405,113564.59343593488
0.25,2.0,d2,DK1,gated,online_profit_quantile,-28316527.004925594,-3.3679351643298485,2524163.6637724387
0.25,2.0,d2,DK1,gated,online_risk_adjusted_quantile,-31541608.72465771,-3.7515226759563194,2122317.5536349574
0.25,2.0,d2,DK1,gated,point_centre,-43380773.636963986,-5.159659338249703,1523070.8135931366
0.25,2.0,d2,DK1,gated,scenario_median,-44326710.79697192,-5.27216801644611,1558218.0484398364
0.25,2.0,d2,DK1,gated,scenario_q25,-47944871.962670885,-5.702507945422942,1761394.5111301641
0.25,2.0,d2,DK1,gated,scenario_q75,-40330974.68904647,-4.796919757967105,1916561.3492554422
0.25,2.0,d2,DK1,gated,spread_signal_quantile,-43455074.04997213,-5.168496543944132,1596886.5618795361
0.25,2.0,d2,DK1,raw,online_profit_quantile,-25024205.031724885,-2.976350174266988,2314868.418700146
0.25,2.0,d2,DK1,raw,online_risk_adjusted_quantile,-29237126.896284908,-3.4774302569253472,1995888.3466061633
0.25,2.0,d2,DK1,raw,point_centre,-43380773.636963986,-5.159659338249703,1523070.8135931366
0.25,2.0,d2,DK1,raw,scenario_median,-43003681.85203275,-5.1148084749207055,1526315.3215305374
0.25,2.0,d2,DK1,raw,scenario_q25,-46177394.82770028,-5.492286247190634,1685246.0480048205
0.25,2.0,d2,DK1,raw,scenario_q75,-39794527.66528574,-4.7331153657544025,1858290.2098151478
0.25,2.0,d2,DK1,raw,spread_signal_quantile,-42251242.55743468,-5.0253142103571316,1544465.7175835771
0.25,2.0,d2,DK2,gated,online_profit_quantile,-32275107.365089193,-12.216659113496217,995652.1553218492
0.25,2.0,d2,DK2,gated,online_risk_adjusted_quantile,-33118425.126808777,-12.535868760198388,711912.3972588765
0.25,2.0,d2,DK2,gated,point_centre,-31020981.732250247,-11.741951929145731,570309.2447255645
0.25,2.0,d2,DK2,gated,scenario_median,-31712642.1599356,-12.003756779916475,588861.067890837
0.25,2.0,d2,DK2,gated,scenario_q25,-30332224.9680702,-11.481246162781533,650120.5291922165
0.25,2.0,d2,DK2,gated,scenario_q75,-32004266.91017166,-12.1141415455624,783415.3794868626
0.25,2.0,d2,DK2,gated,spread_signal_quantile,-31700583.871825777,-11.999192519489277,618812.070453563
0.25,2.0,d2,DK2,raw,online_profit_quantile,-33115136.87150671,-12.534624101469632,935194.5609924536
0.25,2.0,d2,DK2,raw,online_risk_adjusted_quantile,-35106428.55342052,-13.288360762925176,675413.5985123839
0.25,2.0,d2,DK2,raw,point_centre,-31020981.732250247,-11.741951929145731,570309.2447255645
0.25,2.0,d2,DK2,raw,scenario_median,-32347771.529852755,-12.244163695297967,585655.8846151202
0.25,2.0,d2,DK2,raw,scenario_q25,-30827728.396013074,-11.668802362061436,630715.3316272078
0.25,2.0,d2,DK2,raw,scenario_q75,-32897160.003812265,-12.45211627098814,776860.4072209182
0.25,2.0,d2,DK2,raw,spread_signal_quantile,-32339280.06225501,-12.240949535114346,606455.0828322577
0.25,2.0,exact,DK1,gated,online_profit_quantile,-8766055.506354954,-7.944303898331251,376472.26115285733
0.25,2.0,exact,DK1,gated,online_risk_adjusted_quantile,-8795449.48895026,-7.970942416687664,301658.51668500947
0.25,2.0,exact,DK1,gated,point_centre,-7798445.422293471,-7.067399963910395,265982.3257293138
0.25,2.0,exact,DK1,gated,scenario_median,-8793704.666160466,-7.969361157878521,283768.7888619525
0.25,2.0,exact,DK1,gated,scenario_q25,-8307793.242163763,-7.529000266129408,341911.88097510673
0.25,2.0,exact,DK1,gated,scenario_q75,-9283848.196218016,-8.413557427655183,324081.8487667515
0.25,2.0,exact,DK1,gated,spread_signal_quantile,-9152526.61469991,-8.29454625424509,283318.1890909
0.25,2.0,exact,DK1,raw,online_profit_quantile,-8186947.048027918,-7.419482491518477,345211.3318149023
0.25,2.0,exact,DK1,raw,online_risk_adjusted_quantile,-8413528.190842072,-7.624823360606278,300300.39116498234
0.25,2.0,exact,DK1,raw,point_centre,-7798445.422293471,-7.067399963910395,265982.3257293138
0.25,2.0,exact,DK1,raw,scenario_median,-7588829.90552585,-6.877434321347385,272226.69503474905
0.25,2.0,exact,DK1,raw,scenario_q25,-7437494.960840029,-6.740285886666617,340490.83480099484
0.25,2.0,exact,DK1,raw,scenario_q75,-7768527.025797756,-7.040286191502678,283518.01124983456
0.25,2.0,exact,DK1,raw,spread_signal_quantile,-7928356.843052342,-7.185133168499878,274496.94432955625
0.25,2.0,exact,DK2,gated,online_profit_quantile,-5090018.14605375,-16.483199818402124,151735.5762460012
0.25,2.0,exact,DK2,gated,online_risk_adjusted_quantile,-5739537.341394801,-18.586562591478817,142677.27642068063
0.25,2.0,exact,DK2,gated,point_centre,-8867974.811464956,-28.717500921928973,109699.67926677752
0.25,2.0,exact,DK2,gated,scenario_median,-8065752.697088477,-26.119634464368232,108988.22461150956
0.25,2.0,exact,DK2,gated,scenario_q25,-5817286.903155083,-18.838341961515347,123774.34892436933
0.25,2.0,exact,DK2,gated,scenario_q75,-9483921.013911787,-30.712142992151932,132048.10429666715
0.25,2.0,exact,DK2,gated,spread_signal_quantile,-8118710.524763828,-26.29112981673708,113564.59343593488
0.25,2.0,exact,DK2,raw,online_profit_quantile,-5090018.14605375,-16.483199818402124,151735.5762460012
0.25,2.0,exact,DK2,raw,online_risk_adjusted_quantile,-5739537.341394801,-18.586562591478817,142677.2764206806
0.25,2.0,exact,DK2,raw,point_centre,-8867974.811464956,-28.717500921928973,109699.67926677752
0.25,2.0,exact,DK2,raw,scenario_median,-8065752.697088477,-26.119634464368232,108988.22461150956
0.25,2.0,exact,DK2,raw,scenario_q25,-5817286.903155083,-18.838341961515347,123774.34892436933
0.25,2.0,exact,DK2,raw,scenario_q75,-9483921.013911787,-30.712142992151932,132048.10429666715
0.25,2.0,exact,DK2,raw,spread_signal_quantile,-8118710.524763828,-26.29112981673708,113564.59343593488
0.5,0.5,d2,DK1,gated,online_profit_quantile,-8183453.354131841,-0.9733305328100244,2524163.6637724387
0.5,0.5,d2,DK1,gated,online_risk_adjusted_quantile,-8813916.110879723,-1.0483170482072752,2122317.5536349574
0.5,0.5,d2,DK1,gated,point_centre,-11511536.890187992,-1.3691689620411582,1523070.8135931366
0.5,0.5,d2,DK1,gated,scenario_median,-11763398.095435409,-1.3991250442095584,1558218.0484398364
0.5,0.5,d2,DK1,gated,scenario_q25,-12756828.08928717,-1.5172824654572747,1761394.5111301641
0.5,0.5,d2,DK1,gated,scenario_q75,-10921239.262560872,-1.2989596409206678,1916561.3492554422
0.5,0.5,d2,DK1,gated,spread_signal_quantile,-11562406.383315329,-1.3752193210652501,1596886.5618795361
0.5,0.5,d2,DK1,raw,online_profit_quantile,-7268806.191112535,-0.8645434508789875,2314868.418700146
0.5,0.5,d2,DK1,raw,online_risk_adjusted_quantile,-8182482.875711422,-0.9732151052225316,1995888.3466061633
0.5,0.5,d2,DK1,raw,point_centre,-11511536.890187992,-1.3691689620411582,1523070.8135931366
0.5,0.5,d2,DK1,raw,scenario_median,-11418683.416177794,-1.3581250766029924,1526315.3215305374
0.5,0.5,d2,DK1,raw,scenario_q25,-12281643.852927178,-1.4607645987395923,1685246.0480048205
0.5,0.5,d2,DK1,raw,scenario_q75,-10761633.88311556,-1.279976360599724,1858290.2098151478
0.5,0.5,d2,DK1,raw,spread_signal_quantile,-11238514.390801486,-1.3366959798785827,1544465.7175835771
0.5,0.5,d2,DK2,gated,online_profit_quantile,-8504374.659225607,-3.2190457187322723,995652.1553218492
0.5,0.5,d2,DK2,gated,online_risk_adjusted_quantile,-8591067.955502953,-3.2518605576130644,711912.3972588765
0.5,0.5,d2,DK2,gated,point_centre,-8004755.727629994,-3.0299317336133593,570309.2447255645
0.5,0.5,d2,DK2,gated,scenario_median,-8185787.257186143,-3.0984551458011214,588861.067890837
0.5,0.5,d2,DK2,gated,scenario_q25,-7867483.973539146,-2.9779721163557102,650120.5291922165
0.5,0.5,d2,DK2,gated,scenario_q75,-8343810.956068417,-3.158269715564155,783415.3794868626
0.5,0.5,d2,DK2,gated,spread_signal_quantile,-8195876.248779878,-3.1022739950989835,618812.070453563
0.5,0.5,d2,DK2,raw,online_profit_quantile,-8687931.838310875,-3.288525130817676,935194.5609924536
0.5,0.5,d2,DK2,raw,online_risk_adjusted_quantile,-9072100.587704299,-3.433939322637659,675413.5985123839
0.5,0.5,d2,DK2,raw,point_centre,-8004755.727629994,-3.0299317336133593,570309.2447255645
0.5,0.5,d2,DK2,raw,scenario_median,-8343167.331982304,-3.158026093258942,585655.8846151202
0.5,0.5,d2,DK2,raw,scenario_q25,-7982870.0565901715,-3.021647647071394,630715.3316272078
0.5,0.5,d2,DK2,raw,scenario_q75,-8564166.429112218,-3.2416778873021417,776860.4072209182
0.5,0.5,d2,DK2,raw,spread_signal_quantile,-8350144.114302865,-3.160666920146215,606455.0828322577
0.5,0.5,exact,DK1,gated,online_profit_quantile,-2356220.4908431135,-2.1353425856319204,376472.26115285733
0.5,0.5,exact,DK1,gated,online_risk_adjusted_quantile,-2330837.973287257,-2.1123394877137898,301658.51668500947
0.5,0.5,exact,DK1,gated,point_centre,-2065978.6230799428,-1.8723087045598312,265982.3257293138
0.5,0.5,exact,DK1,gated,scenario_median,-2322575.0116672204,-2.1048511164432417,283768.7888619525
0.5,0.5,exact,DK1,gated,scenario_q25,-2226534.7584675504,-2.0178139128414916,341911.88097510673
0.5,0.5,exact,DK1,gated,scenario_q75,-2462747.8578899577,-2.231883815230078,324081.8487667515
0.5,0.5,exact,DK1,gated,spread_signal_quantile,-2412083.361402246,-2.185968733279875,283318.1890909
0.5,0.5,exact,DK1,raw,online_profit_quantile,-2197766.719675999,-1.9917426607768218,345211.3318149023
0.5,0.5,exact,DK1,raw,online_risk_adjusted_quantile,-2234763.468845198,-2.0252712436653715,300300.39116498234
0.5,0.5,exact,DK1,raw,point_centre,-2065978.6230799428,-1.8723087045598312,265982.3257293138
0.5,0.5,exact,DK1,raw,scenario_median,-2016306.655459165,-1.8272931093789138,272226.69503474905
0.5,0.5,exact,DK1,raw,scenario_q25,-2008338.4804354422,-1.8200718906839537,340490.83480099484
0.5,0.5,exact,DK1,raw,scenario_q75,-2066170.8863712416,-1.8724829446172282,283518.01124983456
0.5,0.5,exact,DK1,raw,spread_signal_quantile,-2102181.6239072667,-1.9051179470287272,274496.94432955625
0.5,0.5,exact,DK2,gated,online_profit_quantile,-1338888.851121063,-4.335774811484589,151735.5762460012
0.5,0.5,exact,DK2,gated,online_risk_adjusted_quantile,-1497305.643782748,-4.84878195077296,142677.27642068063
0.5,0.5,exact,DK2,gated,point_centre,-2264987.312545455,-7.334794766454279,109699.67926677752
0.5,0.5,exact,DK2,gated,scenario_median,-2064120.5225396547,-6.684320182367863,108988.22461150956
0.5,0.5,exact,DK2,gated,scenario_q25,-1508473.003443182,-4.884945637314943,123774.34892436933
0.5,0.5,exact,DK2,gated,scenario_q75,-2428751.299107738,-7.865117927611772,132048.10429666715
0.5,0.5,exact,DK2,gated,spread_signal_quantile,-2079362.1408191787,-6.73367769592643,113564.59343593488
0.5,0.5,exact,DK2,raw,online_profit_quantile,-1338888.851121063,-4.335774811484589,151735.5762460012
0.5,0.5,exact,DK2,raw,online_risk_adjusted_quantile,-1497305.643782748,-4.84878195077296,142677.2764206806
0.5,0.5,exact,DK2,raw,point_centre,-2264987.312545455,-7.334794766454279,109699.67926677752
0.5,0.5,exact,DK2,raw,scenario_median,-2064120.5225396547,-6.684320182367863,108988.22461150956
0.5,0.5,exact,DK2,raw,scenario_q25,-1508473.003443182,-4.884945637314943,123774.34892436933
0.5,0.5,exact,DK2,raw,scenario_q75,-2428751.299107738,-7.865117927611772,132048.10429666715
0.5,0.5,exact,DK2,raw,spread_signal_quantile,-2079362.1408191787,-6.73367769592643,113564.59343593488
0.5,1.0,d2,DK1,gated,online_profit_quantile,-15104824.876377461,-1.7965505036456917,2524163.6637724387
0.5,1.0,d2,DK1,gated,online_risk_adjusted_quantile,-16566673.444941966,-1.970421091593756,2122317.5536349574
0.5,1.0,d2,DK1,gated,point_centre,-22261538.37357942,-2.6477617783923373,1523070.8135931366
0.5,1.0,d2,DK1,gated,scenario_median,-22747687.1666509,-2.7055837568785104,1558218.0484398364
0.5,1.0,d2,DK1,gated,scenario_q25,-24632958.923009254,-2.9298158119413618,1761394.5111301641
0.5,1.0,d2,DK1,gated,scenario_q75,-20884197.850494027,-2.483942480208317,1916561.3492554422
0.5,1.0,d2,DK1,gated,spread_signal_quantile,-22326369.48569089,-2.655472716325681,1596886.5618795361
0.5,1.0,d2,DK1,raw,online_profit_quantile,-13380178.172874998,-1.5914230076868432,2314868.418700146
0.5,1.0,d2,DK1,raw,online_risk_adjusted_quantile,-15367021.578119766,-1.8277358778836978,1995888.3466061633
0.5,1.0,d2,DK1,raw,point_centre,-22261538.37357942,-2.6477617783923373,1523070.8135931366
0.5,1.0,d2,DK1,raw,scenario_median,-22074209.17159032,-2.6254810584941946,1526315.3215305374
0.5,1.0,d2,DK1,raw,scenario_q25,-23720664.681851946,-2.8213085838312604,1685246.0480048205
0.5,1.0,d2,DK1,raw,scenario_q75,-20594122.661323547,-2.4494412707295927,1858290.2098151478
0.5,1.0,d2,DK1,raw,spread_signal_quantile,-21704795.922811184,-2.5815434714265373,1544465.7175835771
0.5,1.0,d2,DK2,gated,online_profit_quantile,-16510923.240790289,-6.2496560770551515,995652.1553218492
0.5,1.0,d2,DK2,gated,online_risk_adjusted_quantile,-16826179.712376468,-6.368985838010738,711912.3972588765
0.5,1.0,d2,DK2,gated,point_centre,-15724356.832897207,-5.951927751424516,570309.2447255645
0.5,1.0,d2,DK2,gated,scenario_median,-16077143.980426867,-6.0854634906628124,588861.067890837
0.5,1.0,d2,DK2,gated,scenario_q25,-15409907.682482183,-5.832903574813904,650120.5291922165
0.5,1.0,d2,DK2,gated,scenario_q75,-16295914.222393403,-6.168271626358533,783415.3794868626
0.5,1.0,d2,DK2,gated,spread_signal_quantile,-16082346.462332975,-6.087432715653208,618812.070453563
0.5,1.0,d2,DK2,raw,online_profit_quantile,-16908266.396125525,-6.400056998263618,935194.5609924536
0.5,1.0,d2,DK2,raw,online_risk_adjusted_quantile,-17806494.376152404,-6.740051065953757,675413.5985123839
0.5,1.0,d2,DK2,raw,point_centre,-15724356.832897207,-5.951927751424516,570309.2447255645
0.5,1.0,d2,DK2,raw,scenario_median,-16393506.721657049,-6.205211992878512,585655.8846151202
0.5,1.0,d2,DK2,raw,scenario_q25,-15650382.44736674,-5.92392722950732,630715.3316272078
0.5,1.0,d2,DK2,raw,scenario_q75,-16739902.654613977,-6.3363285522555906,776860.4072209182
0.5,1.0,d2,DK2,raw,spread_signal_quantile,-16397060.687189601,-6.206557227300855,606455.0828322577
0.5,1.0,exact,DK1,gated,online_profit_quantile,-4524204.851109798,-4.100094758636289,376472.26115285733
0.5,1.0,exact,DK1,gated,online_risk_adjusted_quantile,-4510846.688232009,-4.0879888228082955,301658.51668500947
0.5,1.0,exact,DK1,gated,point_centre,-3998966.083295228,-3.6240931650256822,265982.3257293138
0.5,1.0,exact,DK1,gated,scenario_median,-4503265.628903465,-4.081118430630927,283768.7888619525
0.5,1.0,exact,DK1,gated,scenario_q25,-4282113.5764475465,-3.8806977156153946,341911.88097510673
0.5,1.0,exact,DK1,gated,scenario_q75,-4763454.79139654,-4.316916820955833,324081.8487667515
0.5,1.0,exact,DK1,gated,spread_signal_quantile,-4682507.628259042,-4.243557844024204,283318.1890909
0.5,1.0,exact,DK1,raw,online_profit_quantile,-4222927.773444547,-3.827060135385412,345211.3318149023
0.5,1.0,exact,DK1,raw,online_risk_adjusted_quantile,-4319376.7421079045,-3.9144677404578263,300300.39116498234
0.5,1.0,exact,DK1,raw,point_centre,-3998966.083295228,-3.6240931650256822,265982.3257293138
0.5,1.0,exact,DK1,raw,scenario_median,-3896499.9634009562,-3.531232471281179,272226.69503474905
0.5,1.0,exact,DK1,raw,scenario_q25,-3846431.5434703873,-3.4858575882052794,340490.83480099484
0.5,1.0,exact,DK1,raw,scenario_q75,-3990582.767117566,-3.6164957215298177,283518.01124983456
0.5,1.0,exact,DK1,raw,spread_signal_quantile,-4067114.7756497543,-3.685853431310302,274496.94432955625
0.5,1.0,exact,DK2,gated,online_profit_quantile,-2601909.914119125,-8.425864072244538,151735.5762460012
0.5,1.0,exact,DK2,gated,online_risk_adjusted_quantile,-2923272.649355155,-9.466545269656482,142677.27642068063
0.5,1.0,exact,DK2,gated,point_centre,-4475124.785457521,-14.491967206083375,109699.67926677752
0.5,1.0,exact,DK2,gated,scenario_median,-4073746.9327735547,-13.192170003277663,108988.22461150956
0.5,1.0,exact,DK2,gated,scenario_q25,-2955058.8324241797,-9.56947967813148,123774.34892436933
0.5,1.0,exact,DK2,gated,scenario_q75,-4791478.546067143,-15.516427649996356,132048.10429666715
0.5,1.0,exact,DK2,gated,spread_signal_quantile,-4101941.98492039,-13.283475115576106,113564.59343593488
0.5,1.0,exact,DK2,raw,online_profit_quantile,-2601909.914119125,-8.425864072244538,151735.5762460012
0.5,1.0,exact,DK2,raw,online_risk_adjusted_quantile,-2923272.649355155,-9.466545269656482,142677.2764206806
0.5,1.0,exact,DK2,raw,point_centre,-4475124.785457521,-14.491967206083375,109699.67926677752
0.5,1.0,exact,DK2,raw,scenario_median,-4073746.9327735547,-13.192170003277663,108988.22461150956
0.5,1.0,exact,DK2,raw,scenario_q25,-2955058.8324241797,-9.56947967813148,123774.34892436933
0.5,1.0,exact,DK2,raw,scenario_q75,-4791478.546067143,-15.516427649996356,132048.10429666715
0.5,1.0,exact,DK2,raw,spread_signal_quantile,-4101941.98492039,-13.283475115576106,113564.59343593488
0.5,1.5,d2,DK1,gated,online_profit_quantile,-22026196.39862308,-2.619770474481359,2524163.6637724387
0.5,1.5,d2,DK1,gated,online_risk_adjusted_quantile,-24319430.779004205,-2.892525134980236,2122317.5536349574
0.5,1.5,d2,DK1,gated,point_centre,-33011539.85697084,-3.926354594743515,1523070.8135931366
0.5,1.5,d2,DK1,gated,scenario_median,-33731976.23786639,-4.0120424695474615,1558218.0484398364
0.5,1.5,d2,DK1,gated,scenario_q25,-36509089.75673134,-4.342349158425448,1761394.5111301641
0.5,1.5,d2,DK1,gated,scenario_q75,-30847156.438427176,-3.6689253194959655,1916561.3492554422
0.5,1.5,d2,DK1,gated,spread_signal_quantile,-33090332.58806645,-3.9357261115861113,1596886.5618795361
0.5,1.5,d2,DK1,raw,online_profit_quantile,-19491550.15463746,-2.3183025644946986,2314868.418700146
0.5,1.5,d2,DK1,raw,online_risk_adjusted_quantile,-22551560.280528106,-2.682256650544864,1995888.3466061633
0.5,1.5,d2,DK1,raw,point_centre,-33011539.85697084,-3.926354594743515,1523070.8135931366
0.5,1.5,d2,DK1,raw,scenario_median,-32729734.927002847,-3.892837040385397,1526315.3215305374
0.5,1.5,d2,DK1,raw,scenario_q25,-35159685.51077672,-4.1818525689229284,1685246.0480048205
0.5,1.5,d2,DK1,raw,scenario_q75,-30426611.439531535,-3.618906180859461,1858290.2098151478
0.5,1.5,d2,DK1,raw,spread_signal_quantile,-32171077.45482088,-3.826390962974491,1544465.7175835771
0.5,1.5,d2,DK2,gated,online_profit_quantile,-24517471.822354972,-9.280266435378032,995652.1553218492
0.5,1.5,d2,DK2,gated,online_risk_adjusted_quantile,-25061291.469249982,-9.486111118408411,711912.3972588765
0.5,1.5,d2,DK2,gated,point_centre,-23443957.938164417,-8.873923769235672,570309.2447255645
0.5,1.5,d2,DK2,gated,scenario_median,-23968500.70366759,-9.072471835524501,588861.067890837
0.5,1.5,d2,DK2,gated,scenario_q25,-22952331.391425222,-8.6878350332721,650120.5291922165
0.5,1.5,d2,DK2,gated,scenario_q75,-24248017.488718387,-9.17827353715291,783415.3794868626
0.5,1.5,d2,DK2,gated,spread_signal_quantile,-23968816.67588607,-9.072591436207432,618812.070453563
0.5,1.5,d2,DK2,raw,online_profit_quantile,-25128600.95394017,-9.511588865709557,935194.5609924536
0.5,1.5,d2,DK2,raw,online_risk_adjusted_quantile,-26540888.16460051,-10.046162809269857,675413.5985123839
0.5,1.5,d2,DK2,raw,point_centre,-23443957.938164417,-8.873923769235672,570309.2447255645
0.5,1.5,d2,DK2,raw,scenario_median,-24443846.111331794,-9.252397892498083,585655.8846151202
0.5,1.5,d2,DK2,raw,scenario_q25,-23317894.838143308,-8.826206811943244,630715.3316272078
0.5,1.5,d2,DK2,raw,scenario_q75,-24915638.880115736,-9.430979217209039,776860.4072209182
0.5,1.5,d2,DK2,raw,spread_signal_quantile,-24443977.260076337,-9.252447534455493,606455.0828322577
0.5,1.5,exact,DK1,gated,online_profit_quantile,-6692189.211376483,-6.064846931640657,376472.26115285733
0.5,1.5,exact,DK1,gated,online_risk_adjusted_quantile,-6690855.403176761,-6.063638157902801,301658.51668500947
0.5,1.5,exact,DK1,gated,point_centre,-5931953.543510515,-5.375877625491535,265982.3257293138
0.5,1.5,exact,DK1,gated,scenario_median,-6683956.246139709,-6.057385744818613,283768.7888619525
0.5,1.5,exact,DK1,gated,scenario_q25,-6337692.3944275435,-5.743581518389298,341911.88097510673
0.5,1.5,exact,DK1,gated,scenario_q75,-7064161.72490312,-6.401949826681587,324081.8487667515
0.5,1.5,exact,DK1,gated,spread_signal_quantile,-6952931.895115837,-6.301146954768532,283318.1890909
0.5,1.5,exact,DK1,raw,online_profit_quantile,-6248088.8272130955,-5.662377609994002,345211.3318149023
0.5,1.5,exact,DK1,raw,online_risk_adjusted_quantile,-6403990.015370611,-5.803664237250281,300300.39116498234
0.5,1.5,exact,DK1,raw,point_centre,-5931953.543510515,-5.375877625491535,265982.3257293138
0.5,1.5,exact,DK1,raw,scenario_median,-5776693.271342746,-5.235171833183443,272226.69503474905
0.5,1.5,exact,DK1,raw,scenario_q25,-5684524.6065053325,-5.151643285726605,340490.83480099484
0.5,1.5,exact,DK1,raw,scenario_q75,-5914994.647863889,-5.360508498442406,283518.01124983456
0.5,1.5,exact,DK1,raw,spread_signal_quantile,-6032047.9273922425,-5.466588915591878,274496.94432955625
0.5,1.5,exact,DK2,gated,online_profit_quantile,-3864930.9771171883,-12.515953333004493,151735.5762460012
0.5,1.5,exact,DK2,gated,online_risk_adjusted_quantile,-4349239.654927563,-14.084308588540008,142677.27642068063
0.5,1.5,exact,DK2,gated,point_centre,-6685262.258369586,-21.649139645712474,109699.67926677752
0.5,1.5,exact,DK2,gated,scenario_median,-6083373.343007455,-19.700019824187464,108988.22461150956
0.5,1.5,exact,DK2,gated,scenario_q25,-4401644.661405177,-14.254013718948013,123774.34892436933
0.5,1.5,exact,DK2,gated,scenario_q75,-7154205.793026546,-23.167737372380934,132048.10429666715
0.5,1.5,exact,DK2,gated,spread_signal_quantile,-6124521.829021603,-19.833272535225788,113564.59343593488
0.5,1.5,exact,DK2,raw,online_profit_quantile,-3864930.9771171883,-12.515953333004493,151735.5762460012
0.5,1.5,exact,DK2,raw,online_risk_adjusted_quantile,-4349239.654927563,-14.084308588540008,142677.2764206806
0.5,1.5,exact,DK2,raw,point_centre,-6685262.258369586,-21.649139645712474,109699.67926677752
0.5,1.5,exact,DK2,raw,scenario_median,-6083373.343007455,-19.700019824187464,108988.22461150956
0.5,1.5,exact,DK2,raw,scenario_q25,-4401644.661405177,-14.254013718948013,123774.34892436933
0.5,1.5,exact,DK2,raw,scenario_q75,-7154205.793026546,-23.167737372380934,132048.10429666715
0.5,1.5,exact,DK2,raw,spread_signal_quantile,-6124521.829021603,-19.833272535225788,113564.59343593488
0.5,2.0,d2,DK1,gated,online_profit_quantile,-28947567.920868702,-3.4429904453170264,2524163.6637724387
0.5,2.0,d2,DK1,gated,online_risk_adjusted_quantile,-32072188.11306645,-3.8146291783667166,2122317.5536349574
0.5,2.0,d2,DK1,gated,point_centre,-43761541.340362266,-5.204947411094693,1523070.8135931366
0.5,2.0,d2,DK1,gated,scenario_median,-44716265.30908188,-5.318501182216414,1558218.0484398364
0.5,2.0,d2,DK1,gated,scenario_q25,-48385220.59045343,-5.754882504909537,1761394.5111301641
0.5,2.0,d2,DK1,gated,scenario_q75,-40810115.02636033,-4.853908158783615,1916561.3492554422
0.5,2.0,d2,DK1,gated,spread_signal_quantile,-43854295.69044201,-5.2159795068465415,1596886.5618795361
0.5,2.0,d2,DK1,raw,online_profit_quantile,-25602922.136399925,-3.0451821213025547,2314868.418700146
0.5,2.0,d2,DK1,raw,online_risk_adjusted_quantile,-29736098.98293645,-3.53677742320603,1995888.3466061633
0.5,2.0,d2,DK1,raw,point_centre,-43761541.340362266,-5.204947411094693,1523070.8135931366
0.5,2.0,d2,DK1,raw,scenario_median,-43385260.68241537,-5.160193022276599,1526315.3215305374
0.5,2.0,d2,DK1,raw,scenario_q25,-46598706.33970148,-5.542396554014596,1685246.0480048205
0.5,2.0,d2,DK1,raw,scenario_q75,-40259100.21773952,-4.78837109098933,1858290.2098151478
0.5,2.0,d2,DK1,raw,spread_signal_quantile,-42637358.98683058,-5.071238454522446,1544465.7175835771
0.5,2.0,d2,DK2,gated,online_profit_quantile,-32524020.403919652,-12.310876793700912,995652.1553218492
0.5,2.0,d2,DK2,gated,online_risk_adjusted_quantile,-33296403.2261235,-12.603236398806086,711912.3972588765
0.5,2.0,d2,DK2,gated,point_centre,-31163559.043431632,-11.795919787046829,570309.2447255645
0.5,2.0,d2,DK2,gated,scenario_median,-31859857.426908314,-12.059480180386194,588861.067890837
0.5,2.0,d2,DK2,gated,scenario_q25,-30494755.100368254,-11.54276649173029,650120.5291922165
0.5,2.0,d2,DK2,gated,scenario_q75,-32200120.755043376,-12.188275447947289,783415.3794868626
0.5,2.0,d2,DK2,gated,spread_signal_quantile,-31855286.889439166,-12.057750156761657,618812.070453563
0.5,2.0,d2,DK2,raw,online_profit_quantile,-33348935.51175482,-12.623120733155497,935194.5609924536
0.5,2.0,d2,DK2,raw,online_risk_adjusted_quantile,-35275281.95304862,-13.352274552585955,675413.5985123839
0.5,2.0,d2,DK2,raw,point_centre,-31163559.043431632,-11.795919787046829,570309.2447255645
0.5,2.0,d2,DK2,raw,scenario_median,-32494185.50100654,-12.299583792117653,585655.8846151202
0.5,2.0,d2,DK2,raw,scenario_q25,-30985407.22891988,-11.728486394379171,630715.3316272078
0.5,2.0,d2,DK2,raw,scenario_q75,-33091375.105617493,-12.525629882162487,776860.4072209182
0.5,2.0,d2,DK2,raw,spread_signal_quantile,-32490893.83296307,-12.298337841610133,606455.0828322577
0.5,2.0,exact,DK1,gated,online_profit_quantile,-8860173.571643166,-8.029599104645024,376472.26115285733
0.5,2.0,exact,DK1,gated,online_risk_adjusted_quantile,-8870864.118121512,-8.039287492997305,301658.51668500947
0.5,2.0,exact,DK1,gated,point_centre,-7864941.003725801,-7.127662085957386,265982.3257293138
0.5,2.0,exact,DK1,gated,scenario_median,-8864646.863375952,-8.033653059006298,283768.7888619525
0.5,2.0,exact,DK1,gated,scenario_q25,-8393271.21240754,-7.606465321163202,341911.88097510673
0.5,2.0,exact,DK1,gated,scenario_q75,-9364868.658409704,-8.486982832407344,324081.8487667515
0.5,2.0,exact,DK1,gated,spread_signal_quantile,-9223356.161972634,-8.358736065512861,283318.1890909
0.5,2.0,exact,DK1,raw,online_profit_quantile,-8273249.880981643,-7.497695084602592,345211.3318149023
0.5,2.0,exact,DK1,raw,online_risk_adjusted_quantile,-8488603.288633317,-7.6928607340427355,300300.39116498234
0.5,2.0,exact,DK1,raw,point_centre,-7864941.003725801,-7.127662085957386,265982.3257293138
0.5,2.0,exact,DK1,raw,scenario_median,-7656886.579284536,-6.939111195085708,272226.69503474905
0.5,2.0,exact,DK1,raw,scenario_q25,-7522617.669540278,-6.817428983247931,340490.83480099484
0.5,2.0,exact,DK1,raw,scenario_q75,-7839406.5286102155,-7.104521275354998,283518.01124983456
0.5,2.0,exact,DK1,raw,spread_signal_quantile,-7996981.079134731,-7.247324399873453,274496.94432955625
0.5,2.0,exact,DK2,gated,online_profit_quantile,-5127952.04011525,-16.606042593764442,151735.5762460012
0.5,2.0,exact,DK2,gated,online_risk_adjusted_quantile,-5775206.6604999695,-18.70207190742353,142677.27642068063
0.5,2.0,exact,DK2,gated,point_centre,-8895399.731281653,-28.80631208534157,109699.67926677752
0.5,2.0,exact,DK2,gated,scenario_median,-8092999.753241355,-26.207869645097265,108988.22461150956
0.5,2.0,exact,DK2,gated,scenario_q25,-5848230.490386173,-18.938547759764546,123774.34892436933
0.5,2.0,exact,DK2,gated,scenario_q75,-9516933.039985953,-30.819047094765523,132048.10429666715
0.5,2.0,exact,DK2,gated,spread_signal_quantile,-8147101.673122813,-26.38306995487546,113564.59343593488
0.5,2.0,exact,DK2,raw,online_profit_quantile,-5127952.04011525,-16.606042593764442,151735.5762460012
0.5,2.0,exact,DK2,raw,online_risk_adjusted_quantile,-5775206.6604999695,-18.70207190742353,142677.2764206806
0.5,2.0,exact,DK2,raw,point_centre,-8895399.731281653,-28.80631208534157,109699.67926677752
0.5,2.0,exact,DK2,raw,scenario_median,-8092999.753241355,-26.207869645097265,108988.22461150956
0.5,2.0,exact,DK2,raw,scenario_q25,-5848230.490386173,-18.938547759764546,123774.34892436933
0.5,2.0,exact,DK2,raw,scenario_q75,-9516933.039985953,-30.819047094765523,132048.10429666715
0.5,2.0,exact,DK2,raw,spread_signal_quantile,-8147101.673122813,-26.38306995487546,113564.59343593488
1.0,0.5,d2,DK1,gated,online_profit_quantile,-9445535.18601806,-1.1234410947843811,2524163.6637724387
1.0,0.5,d2,DK1,gated,online_risk_adjusted_quantile,-9875074.887697201,-1.17453005302807,2122317.5536349574
1.0,0.5,d2,DK1,gated,point_centre,-12273072.29698456,-1.4597451077311385,1523070.8135931366
1.0,0.5,d2,DK1,gated,scenario_median,-12542507.119655328,-1.4917913757501653,1558218.0484398364
1.0,0.5,d2,DK1,gated,scenario_q25,-13637525.34485225,-1.6220315844304622,1761394.5111301641
1.0,0.5,d2,DK1,gated,scenario_q75,-11879519.937188596,-1.4129364425536872,1916561.3492554422
1.0,0.5,d2,DK1,gated,spread_signal_quantile,-12360849.664255098,-1.4701852468700702,1596886.5618795361
1.0,0.5,d2,DK1,raw,online_profit_quantile,-8426240.400462609,-1.0022073449501196,2314868.418700146
1.0,0.5,d2,DK1,raw,online_risk_adjusted_quantile,-9180427.049014505,-1.0919094377838974,1995888.3466061633
1.0,0.5,d2,DK1,raw,point_centre,-12273072.29698456,-1.4597451077311385,1523070.8135931366
1.0,0.5,d2,DK1,raw,scenario_median,-12181841.076943064,-1.4488941713147827,1526315.3215305374
1.0,0.5,d2,DK1,raw,scenario_q25,-13124266.876929589,-1.560985212387517,1685246.0480048205
1.0,0.5,d2,DK1,raw,scenario_q75,-11690778.988023136,-1.39048781106958,1858290.2098151478
1.0,0.5,d2,DK1,raw,spread_signal_quantile,-12010747.249593277,-1.4285444682092114,1544465.7175835771
1.0,0.5,d2,DK2,gated,online_profit_quantile,-9002200.736886531,-3.407481079141664,995652.1553218492
1.0,0.5,d2,DK2,gated,online_risk_adjusted_quantile,-8947024.154132392,-3.3865958348284555,711912.3972588765
1.0,0.5,d2,DK2,gated,point_centre,-8289910.349992776,-3.1378674494155625,570309.2447255645
1.0,0.5,d2,DK2,gated,scenario_median,-8480217.79113156,-3.2099019467405516,588861.067890837
1.0,0.5,d2,DK2,gated,scenario_q25,-8192544.238135254,-3.101012774253226,650120.5291922165
1.0,0.5,d2,DK2,gated,scenario_q75,-8735518.645811848,-3.306537520333932,783415.3794868626
1.0,0.5,d2,DK2,gated,spread_signal_quantile,-8505282.284006659,-3.219389269643742,618812.070453563
1.0,0.5,d2,DK2,raw,online_profit_quantile,-9155529.118807102,-3.4655183941894117,935194.5609924536
1.0,0.5,d2,DK2,raw,online_risk_adjusted_quantile,-9409807.386960492,-3.561766901959219,675413.5985123839
1.0,0.5,d2,DK2,raw,point_centre,-8289910.349992776,-3.1378674494155625,570309.2447255645
1.0,0.5,d2,DK2,raw,scenario_median,-8635995.274289865,-3.268866286898314,585655.8846151202
1.0,0.5,d2,DK2,raw,scenario_q25,-8298227.722403776,-3.1410157117068627,630715.3316272078
1.0,0.5,d2,DK2,raw,scenario_q75,-8952596.63272268,-3.3887051096508354,776860.4072209182
1.0,0.5,d2,DK2,raw,spread_signal_quantile,-8653371.655718995,-3.275443533137792,606455.0828322577
1.0,0.5,exact,DK1,gated,online_profit_quantile,-2544456.621419542,-2.305932998259472,376472.26115285733
1.0,0.5,exact,DK1,gated,online_risk_adjusted_quantile,-2481667.231629762,-2.2490296403330734,301658.51668500947
1.0,0.5,exact,DK1,gated,point_centre,-2198969.7859445997,-1.992832948653811,265982.3257293138
1.0,0.5,exact,DK1,gated,scenario_median,-2464459.4060981967,-2.233434918698798,283768.7888619525
1.0,0.5,exact,DK1,gated,scenario_q25,-2397490.6989551038,-2.172744022909079,341911.88097510673
1.0,0.5,exact,DK1,gated,scenario_q75,-2624788.782273333,-2.378734624734401,324081.8487667515
1.0,0.5,exact,DK1,gated,spread_signal_quantile,-2553742.455947696,-2.314348355815421,283318.1890909
1.0,0.5,exact,DK1,raw,online_profit_quantile,-2370372.3855834506,-2.1481678469450536,345211.3318149023
1.0,0.5,exact,DK1,raw,online_risk_adjusted_quantile,-2384913.664427689,-2.1613459905382877,300300.39116498234
1.0,0.5,exact,DK1,raw,point_centre,-2198969.7859445997,-1.992832948653811,265982.3257293138
1.0,0.5,exact,DK1,raw,scenario_median,-2152420.0029765395,-1.9506468568555624,272226.69503474905
1.0,0.5,exact,DK1,raw,scenario_q25,-2178583.89783594,-1.9743580838465826,340490.83480099484
1.0,0.5,exact,DK1,raw,scenario_q75,-2207929.8919961588,-2.000953112321867,283518.01124983456
1.0,0.5,exact,DK1,raw,spread_signal_quantile,-2239430.096072044,-2.0295004097758778,274496.94432955625
1.0,0.5,exact,DK2,gated,online_profit_quantile,-1414756.6392440635,-4.581460362209226,151735.5762460012
1.0,0.5,exact,DK2,gated,online_risk_adjusted_quantile,-1568644.281993088,-5.079800582662394,142677.27642068063
1.0,0.5,exact,DK2,gated,point_centre,-2319837.1521788435,-7.512417093279459,109699.67926677752
1.0,0.5,exact,DK2,gated,scenario_median,-2118614.6348454095,-6.860790543825925,108988.22461150956
1.0,0.5,exact,DK2,gated,scenario_q25,-1570360.1779053668,-5.085357233813353,123774.34892436933
1.0,0.5,exact,DK2,gated,scenario_q75,-2494775.351256072,-8.078926132838966,132048.10429666715
1.0,0.5,exact,DK2,gated,spread_signal_quantile,-2136144.437537146,-6.917557972203183,113564.59343593488
1.0,0.5,exact,DK2,raw,online_profit_quantile,-1414756.6392440635,-4.581460362209226,151735.5762460012
1.0,0.5,exact,DK2,raw,online_risk_adjusted_quantile,-1568644.281993088,-5.079800582662394,142677.2764206806
1.0,0.5,exact,DK2,raw,point_centre,-2319837.1521788435,-7.512417093279459,109699.67926677752
1.0,0.5,exact,DK2,raw,scenario_median,-2118614.6348454095,-6.860790543825925,108988.22461150956
1.0,0.5,exact,DK2,raw,scenario_q25,-1570360.1779053668,-5.085357233813353,123774.34892436933
1.0,0.5,exact,DK2,raw,scenario_q75,-2494775.351256072,-8.078926132838966,132048.10429666715
1.0,0.5,exact,DK2,raw,spread_signal_quantile,-2136144.437537146,-6.917557972203183,113564.59343593488
1.0,1.0,d2,DK1,gated,online_profit_quantile,-16366906.708263682,-1.9466610656200487,2524163.6637724387
1.0,1.0,d2,DK1,gated,online_risk_adjusted_quantile,-17627832.221759446,-2.0966340964145505,2122317.5536349574
1.0,1.0,d2,DK1,gated,point_centre,-23023073.780375984,-2.7383379240823165,1523070.8135931366
1.0,1.0,d2,DK1,gated,scenario_median,-23526796.190870818,-2.798250088419117,1558218.0484398364
1.0,1.0,d2,DK1,gated,scenario_q25,-25513656.17857434,-3.0345649309145495,1761394.5111301641
1.0,1.0,d2,DK1,gated,scenario_q75,-21842478.525121745,-2.5979192818413357,1916561.3492554422
1.0,1.0,d2,DK1,gated,spread_signal_quantile,-23124812.766630657,-2.7504386421305003,1596886.5618795361
1.0,1.0,d2,DK1,raw,online_profit_quantile,-14537612.38222507,-1.729086901757975,2314868.418700146
1.0,1.0,d2,DK1,raw,online_risk_adjusted_quantile,-16364965.751422845,-1.9464302104450633,1995888.3466061633
1.0,1.0,d2,DK1,raw,point_centre,-23023073.780375984,-2.7383379240823165,1523070.8135931366
1.0,1.0,d2,DK1,raw,scenario_median,-22837366.83235559,-2.716250153205985,1526315.3215305374
1.0,1.0,d2,DK1,raw,scenario_q25,-24563287.705854356,-2.9215291974791846,1685246.0480048205
1.0,1.0,d2,DK1,raw,scenario_q75,-21523267.76623112,-2.559952721199448,1858290.2098151478
1.0,1.0,d2,DK1,raw,spread_signal_quantile,-22477028.78160297,-2.6733919597571654,1544465.7175835771
1.0,1.0,d2,DK2,gated,online_profit_quantile,-17008749.318451215,-6.438091437464545,995652.1553218492
1.0,1.0,d2,DK2,gated,online_risk_adjusted_quantile,-17182135.911005907,-6.503721115226129,711912.3972588765
1.0,1.0,d2,DK2,gated,point_centre,-16009511.455259988,-6.059863467226719,570309.2447255645
1.0,1.0,d2,DK2,gated,scenario_median,-16371574.514372285,-6.196910291602243,588861.067890837
1.0,1.0,d2,DK2,gated,scenario_q25,-15734967.947078291,-5.9559442327114205,650120.5291922165
1.0,1.0,d2,DK2,gated,scenario_q75,-16687621.912136834,-6.31653943112831,783415.3794868626
1.0,1.0,d2,DK2,gated,spread_signal_quantile,-16391752.497559756,-6.204547990197967,618812.070453563
1.0,1.0,d2,DK2,raw,online_profit_quantile,-17375863.67662175,-6.577050261635352,935194.5609924536
1.0,1.0,d2,DK2,raw,online_risk_adjusted_quantile,-18144201.175408598,-6.867878645275318,675413.5985123839
1.0,1.0,d2,DK2,raw,point_centre,-16009511.455259988,-6.059863467226719,570309.2447255645
1.0,1.0,d2,DK2,raw,scenario_median,-16686334.663964609,-6.316052186517884,585655.8846151202
1.0,1.0,d2,DK2,raw,scenario_q25,-15965740.113180343,-6.043295294142788,630715.3316272078
1.0,1.0,d2,DK2,raw,scenario_q75,-17128332.858224437,-6.483355774604283,776860.4072209182
1.0,1.0,d2,DK2,raw,spread_signal_quantile,-16700288.22860573,-6.32133384029243,606455.0828322577
1.0,1.0,exact,DK1,gated,online_profit_quantile,-4712440.981686227,-4.270685171263841,376472.26115285733
1.0,1.0,exact,DK1,gated,online_risk_adjusted_quantile,-4661675.946574514,-4.2246789754275795,301658.51668500947
1.0,1.0,exact,DK1,gated,point_centre,-4131957.2461598855,-3.7446174091196625,265982.3257293138
1.0,1.0,exact,DK1,gated,scenario_median,-4645150.023334441,-4.2097022328864835,283768.7888619525
1.0,1.0,exact,DK1,gated,scenario_q25,-4453069.516935101,-4.035627825682983,341911.88097510673
1.0,1.0,exact,DK1,gated,scenario_q75,-4925495.715779915,-4.463767630460156,324081.8487667515
1.0,1.0,exact,DK1,gated,spread_signal_quantile,-4824166.722804492,-4.37193746655975,283318.1890909
1.0,1.0,exact,DK1,raw,online_profit_quantile,-4395533.439351998,-3.9834853215536437,345211.3318149023
1.0,1.0,exact,DK1,raw,online_risk_adjusted_quantile,-4469526.937690396,-4.050542487330743,300300.39116498234
1.0,1.0,exact,DK1,raw,point_centre,-4131957.2461598855,-3.7446174091196625,265982.3257293138
1.0,1.0,exact,DK1,raw,scenario_median,-4032613.31091833,-3.6545862187578275,272226.69503474905
1.0,1.0,exact,DK1,raw,scenario_q25,-4016676.9608708844,-3.6401437813679074,340490.83480099484
1.0,1.0,exact,DK1,raw,scenario_q75,-4132341.7727424833,-3.7449658892344564,283518.01124983456
1.0,1.0,exact,DK1,raw,spread_signal_quantile,-4204363.247814533,-3.8102358940574543,274496.94432955625
1.0,1.0,exact,DK2,gated,online_profit_quantile,-2677777.702242126,-8.671549622969177,151735.5762460012
1.0,1.0,exact,DK2,gated,online_risk_adjusted_quantile,-2994611.287565496,-9.69756390154592,142677.27642068063
1.0,1.0,exact,DK2,gated,point_centre,-4529974.62509091,-14.669589532908558,109699.67926677752
1.0,1.0,exact,DK2,gated,scenario_median,-4128241.0450793095,-13.368640364735725,108988.22461150956
1.0,1.0,exact,DK2,gated,scenario_q25,-3016946.006886364,-9.769891274629886,123774.34892436933
1.0,1.0,exact,DK2,gated,scenario_q75,-4857502.598215476,-15.730235855223544,132048.10429666715
1.0,1.0,exact,DK2,gated,spread_signal_quantile,-4158724.2816383573,-13.46735539185286,113564.59343593488
1.0,1.0,exact,DK2,raw,online_profit_quantile,-2677777.702242126,-8.671549622969177,151735.5762460012
1.0,1.0,exact,DK2,raw,online_risk_adjusted_quantile,-2994611.287565496,-9.69756390154592,142677.2764206806
1.0,1.0,exact,DK2,raw,point_centre,-4529974.62509091,-14.669589532908558,109699.67926677752
1.0,1.0,exact,DK2,raw,scenario_median,-4128241.0450793095,-13.368640364735725,108988.22461150956
1.0,1.0,exact,DK2,raw,scenario_q25,-3016946.006886364,-9.769891274629886,123774.34892436933
1.0,1.0,exact,DK2,raw,scenario_q75,-4857502.598215476,-15.730235855223544,132048.10429666715
1.0,1.0,exact,DK2,raw,spread_signal_quantile,-4158724.2816383573,-13.46735539185286,113564.59343593488
1.0,1.5,d2,DK1,gated,online_profit_quantile,-23288278.230509304,-2.769881036455716,2524163.6637724387
1.0,1.5,d2,DK1,gated,online_risk_adjusted_quantile,-25380589.555821683,-3.0187381398010307,2122317.5536349574
1.0,1.5,d2,DK1,gated,point_centre,-33773075.26376741,-4.016930740433494,1523070.8135931366
1.0,1.5,d2,DK1,gated,scenario_median,-34511085.26208631,-4.104708801088069,1558218.0484398364
1.0,1.5,d2,DK1,gated,scenario_q25,-37389787.01229642,-4.447098277398637,1761394.5111301641
1.0,1.5,d2,DK1,gated,scenario_q75,-31805437.1130549,-3.782902121128985,1916561.3492554422
1.0,1.5,d2,DK1,gated,spread_signal_quantile,-33888775.86900622,-4.0306920373909305,1596886.5618795361
1.0,1.5,d2,DK1,raw,online_profit_quantile,-20648984.36398753,-2.4559664585658307,2314868.418700146
1.0,1.5,d2,DK1,raw,online_risk_adjusted_quantile,-23549504.45383119,-2.8009509831062296,1995888.3466061633
1.0,1.5,d2,DK1,raw,point_centre,-33773075.26376741,-4.016930740433494,1523070.8135931366
1.0,1.5,d2,DK1,raw,scenario_median,-33492892.587768123,-3.9836061350971876,1526315.3215305374
1.0,1.5,d2,DK1,raw,scenario_q25,-36002308.534779124,-4.282073182570852,1685246.0480048205
1.0,1.5,d2,DK1,raw,scenario_q75,-31355756.54443911,-3.729417631329317,1858290.2098151478
1.0,1.5,d2,DK1,raw,spread_signal_quantile,-32943310.31361267,-3.91823945130512,1544465.7175835771
1.0,1.5,d2,DK2,gated,online_profit_quantile,-25015297.900015898,-9.468701795787425,995652.1553218492
1.0,1.5,d2,DK2,gated,online_risk_adjusted_quantile,-25417247.667879425,-9.620846395623802,711912.3972588765
1.0,1.5,d2,DK2,gated,point_centre,-23729112.5605272,-8.981859485037877,570309.2447255645
1.0,1.5,d2,DK2,gated,scenario_median,-24262931.237613007,-9.183918636463932,588861.067890837
1.0,1.5,d2,DK2,gated,scenario_q25,-23277391.656021327,-8.810875691169613,650120.5291922165
1.0,1.5,d2,DK2,gated,scenario_q75,-24639725.17846182,-9.326541341922688,783415.3794868626
1.0,1.5,d2,DK2,gated,spread_signal_quantile,-24278222.711112857,-9.189706710752194,618812.070453563
1.0,1.5,d2,DK2,raw,online_profit_quantile,-25596198.2344364,-9.688582129081293,935194.5609924536
1.0,1.5,d2,DK2,raw,online_risk_adjusted_quantile,-26878594.963856705,-10.173990388591417,675413.5985123839
1.0,1.5,d2,DK2,raw,point_centre,-23729112.5605272,-8.981859485037877,570309.2447255645
1.0,1.5,d2,DK2,raw,scenario_median,-24736674.053639352,-9.363238086137454,585655.8846151202
1.0,1.5,d2,DK2,raw,scenario_q25,-23633252.50395691,-8.945574876578712,630715.3316272078
1.0,1.5,d2,DK2,raw,scenario_q75,-25304069.083726194,-9.578006439557731,776860.4072209182
1.0,1.5,d2,DK2,raw,spread_signal_quantile,-24747204.801492468,-9.36722414744707,606455.0828322577
1.0,1.5,exact,DK1,gated,online_profit_quantile,-6880425.341952912,-6.23543734426821,376472.26115285733
1.0,1.5,exact,DK1,gated,online_risk_adjusted_quantile,-6841684.661519265,-6.200328310522083,301658.51668500947
1.0,1.5,exact,DK1,gated,point_centre,-6064944.706375171,-5.496401869585514,265982.3257293138
1.0,1.5,exact,DK1,gated,scenario_median,-6825840.640570685,-6.185969547074169,283768.7888619525
1.0,1.5,exact,DK1,gated,scenario_q25,-6508648.334915098,-5.898511628456887,341911.88097510673
1.0,1.5,exact,DK1,gated,scenario_q75,-7226202.6492864955,-6.54880063618591,324081.8487667515
1.0,1.5,exact,DK1,gated,spread_signal_quantile,-7094590.9896612875,-6.429526577304078,283318.1890909
1.0,1.5,exact,DK1,raw,online_profit_quantile,-6420694.493120547,-5.818802796162235,345211.3318149023
1.0,1.5,exact,DK1,raw,online_risk_adjusted_quantile,-6554140.2109531015,-5.939738984123197,300300.39116498234
1.0,1.5,exact,DK1,raw,point_centre,-6064944.706375171,-5.496401869585514,265982.3257293138
1.0,1.5,exact,DK1,raw,scenario_median,-5912806.618860121,-5.358525580660093,272226.69503474905
1.0,1.5,exact,DK1,raw,scenario_q25,-5854770.023905829,-5.305929478889232,340490.83480099484
1.0,1.5,exact,DK1,raw,scenario_q75,-6056753.653488807,-5.488978666147045,283518.01124983456
1.0,1.5,exact,DK1,raw,spread_signal_quantile,-6169296.3995570205,-5.590971378339029,274496.94432955625
1.0,1.5,exact,DK2,gated,online_profit_quantile,-3940798.7652401873,-12.761638883729125,151735.5762460012
1.0,1.5,exact,DK2,gated,online_risk_adjusted_quantile,-4420578.293137902,-14.31532722042944,142677.27642068063
1.0,1.5,exact,DK2,gated,point_centre,-6740112.098002976,-21.826761972537653,109699.67926677752
1.0,1.5,exact,DK2,gated,scenario_median,-6137867.455313209,-19.876490185645526,108988.22461150956
1.0,1.5,exact,DK2,gated,scenario_q25,-4463531.835867361,-14.454425315446422,123774.34892436933
1.0,1.5,exact,DK2,gated,scenario_q75,-7220229.845174882,-23.381545577608133,132048.10429666715
1.0,1.5,exact,DK2,gated,spread_signal_quantile,-6181304.125739568,-20.017152811502534,113564.59343593488
1.0,1.5,exact,DK2,raw,online_profit_quantile,-3940798.7652401873,-12.761638883729125,151735.5762460012
1.0,1.5,exact,DK2,raw,online_risk_adjusted_quantile,-4420578.293137902,-14.31532722042944,142677.2764206806
1.0,1.5,exact,DK2,raw,point_centre,-6740112.098002976,-21.826761972537653,109699.67926677752
1.0,1.5,exact,DK2,raw,scenario_median,-6137867.455313209,-19.876490185645526,108988.22461150956
1.0,1.5,exact,DK2,raw,scenario_q25,-4463531.835867361,-14.454425315446422,123774.34892436933
1.0,1.5,exact,DK2,raw,scenario_q75,-7220229.845174882,-23.381545577608133,132048.10429666715
1.0,1.5,exact,DK2,raw,spread_signal_quantile,-6181304.125739568,-20.017152811502534,113564.59343593488
1.0,2.0,d2,DK1,gated,online_profit_quantile,-30209649.752754923,-3.5931010072913834,2524163.6637724387
1.0,2.0,d2,DK1,gated,online_risk_adjusted_quantile,-33133346.88988393,-3.940842183187512,2122317.5536349574
1.0,2.0,d2,DK1,gated,point_centre,-44523076.74715884,-5.295523556784675,1523070.8135931366
1.0,2.0,d2,DK1,gated,scenario_median,-45495374.3333018,-5.411167513757021,1558218.0484398364
1.0,2.0,d2,DK1,gated,scenario_q25,-49265917.84601851,-5.8596316238827235,1761394.5111301641
1.0,2.0,d2,DK1,gated,scenario_q75,-41768395.700988054,-4.967884960416634,1916561.3492554422
1.0,2.0,d2,DK1,gated,spread_signal_quantile,-44652738.97138178,-5.310945432651362,1596886.5618795361
1.0,2.0,d2,DK1,raw,online_profit_quantile,-26760356.345749997,-3.1828460153736864,2314868.418700146
1.0,2.0,d2,DK1,raw,online_risk_adjusted_quantile,-30734043.156239532,-3.6554717557673957,1995888.3466061633
1.0,2.0,d2,DK1,raw,point_centre,-44523076.74715884,-5.295523556784675,1523070.8135931366
1.0,2.0,d2,DK1,raw,scenario_median,-44148418.34318064,-5.250962116988389,1526315.3215305374
1.0,2.0,d2,DK1,raw,scenario_q25,-47441329.36370389,-5.642617167662521,1685246.0480048205
1.0,2.0,d2,DK1,raw,scenario_q75,-41188245.322647095,-4.8988825414591854,1858290.2098151478
1.0,2.0,d2,DK1,raw,spread_signal_quantile,-43409591.84562237,-5.163086942853075,1544465.7175835771
1.0,2.0,d2,DK2,gated,online_profit_quantile,-33021846.481580578,-12.499312154110303,995652.1553218492
1.0,2.0,d2,DK2,gated,online_risk_adjusted_quantile,-33652359.424752936,-12.737971676021475,711912.3972588765
1.0,2.0,d2,DK2,gated,point_centre,-31448713.665794414,-11.903855502849032,570309.2447255645
1.0,2.0,d2,DK2,gated,scenario_median,-32154287.960853733,-12.170926981325625,588861.067890837
1.0,2.0,d2,DK2,gated,scenario_q25,-30819815.364964366,-11.665807149627808,650120.5291922165
1.0,2.0,d2,DK2,gated,scenario_q75,-32591828.444786806,-12.336543252717066,783415.3794868626
1.0,2.0,d2,DK2,gated,spread_signal_quantile,-32164692.92466595,-12.174865431306417,618812.070453563
1.0,2.0,d2,DK2,raw,online_profit_quantile,-33816532.79225105,-12.800113996527235,935194.5609924536
1.0,2.0,d2,DK2,raw,online_risk_adjusted_quantile,-35612988.75230481,-13.480102131907515,675413.5985123839
1.0,2.0,d2,DK2,raw,point_centre,-31448713.665794414,-11.903855502849032,570309.2447255645
1.0,2.0,d2,DK2,raw,scenario_median,-32787013.443314098,-12.410423985757024,585655.8846151202
1.0,2.0,d2,DK2,raw,scenario_q25,-31300764.89473348,-11.84785445901464,630715.3316272078
1.0,2.0,d2,DK2,raw,scenario_q75,-33479805.309227955,-12.672657104511181,776860.4072209182
1.0,2.0,d2,DK2,raw,spread_signal_quantile,-32794121.374379203,-12.41311445460171,606455.0828322577
1.0,2.0,exact,DK1,gated,online_profit_quantile,-9048409.702219596,-8.200189517272578,376472.26115285733
1.0,2.0,exact,DK1,gated,online_risk_adjusted_quantile,-9021693.376464019,-8.175977645616591,301658.51668500947
1.0,2.0,exact,DK1,gated,point_centre,-7997932.166590456,-7.2481863300513645,265982.3257293138
1.0,2.0,exact,DK1,gated,scenario_median,-9006531.25780693,-8.162236861261855,283768.7888619525
1.0,2.0,exact,DK1,gated,scenario_q25,-8564227.152895093,-7.761395431230789,341911.88097510673
1.0,2.0,exact,DK1,gated,scenario_q75,-9526909.58279308,-8.633833641911666,324081.8487667515
1.0,2.0,exact,DK1,gated,spread_signal_quantile,-9365015.256518085,-8.487115688048409,283318.1890909
1.0,2.0,exact,DK1,raw,online_profit_quantile,-8445855.546889095,-7.654120270770824,345211.3318149023
1.0,2.0,exact,DK1,raw,online_risk_adjusted_quantile,-8638753.484215809,-7.828935480915653,300300.39116498234
1.0,2.0,exact,DK1,raw,point_centre,-7997932.166590456,-7.2481863300513645,265982.3257293138
1.0,2.0,exact,DK1,raw,scenario_median,-7792999.9268019125,-7.062464942562358,272226.69503474905
1.0,2.0,exact,DK1,raw,scenario_q25,-7692863.086940775,-6.971715176410559,340490.83480099484
1.0,2.0,exact,DK1,raw,scenario_q75,-7981165.534235132,-7.232991443059635,283518.01124983456
1.0,2.0,exact,DK1,raw,spread_signal_quantile,-8134229.551299509,-7.371706862620604,274496.94432955625
1.0,2.0,exact,DK2,gated,online_profit_quantile,-5203819.82823825,-16.851728144489076,151735.5762460012
1.0,2.0,exact,DK2,gated,online_risk_adjusted_quantile,-5846545.29871031,-18.933090539312964,142677.27642068063
1.0,2.0,exact,DK2,gated,point_centre,-8950249.570915041,-28.98393441216675,109699.67926677752
1.0,2.0,exact,DK2,gated,scenario_median,-8147493.865547109,-26.384340006555327,108988.22461150956
1.0,2.0,exact,DK2,gated,scenario_q25,-5910117.664848359,-19.13895935626296,123774.34892436933
1.0,2.0,exact,DK2,gated,scenario_q75,-9582957.092134286,-31.03285529999271,132048.10429666715
1.0,2.0,exact,DK2,gated,spread_signal_quantile,-8203883.96984078,-26.566950231152212,113564.59343593488
1.0,2.0,exact,DK2,raw,online_profit_quantile,-5203819.82823825,-16.851728144489076,151735.5762460012
1.0,2.0,exact,DK2,raw,online_risk_adjusted_quantile,-5846545.29871031,-18.933090539312964,142677.2764206806
1.0,2.0,exact,DK2,raw,point_centre,-8950249.570915041,-28.98393441216675,109699.67926677752
1.0,2.0,exact,DK2,raw,scenario_median,-8147493.865547109,-26.384340006555327,108988.22461150956
1.0,2.0,exact,DK2,raw,scenario_q25,-5910117.664848359,-19.13895935626296,123774.34892436933
1.0,2.0,exact,DK2,raw,scenario_q75,-9582957.092134286,-31.03285529999271,132048.10429666715
1.0,2.0,exact,DK2,raw,spread_signal_quantile,-8203883.96984078,-26.566950231152212,113564.59343593488
2.0,0.5,d2,DK1,gated,online_profit_quantile,-11969698.849790499,-1.4236622187330945,2524163.6637724387
2.0,0.5,d2,DK1,gated,online_risk_adjusted_quantile,-11997392.441332158,-1.4269560626696591,2122317.5536349574
2.0,0.5,d2,DK1,gated,point_centre,-13796143.110577699,-1.640897399111099,1523070.8135931366
2.0,0.5,d2,DK1,gated,scenario_median,-14100725.168095164,-1.6771240388313786,1558218.0484398364
2.0,0.5,d2,DK1,gated,scenario_q25,-15398919.855982415,-1.8315298223768377,1761394.5111301641
2.0,0.5,d2,DK1,gated,scenario_q75,-13796081.286444034,-1.6408900458197249,1916561.3492554422
2.0,0.5,d2,DK1,gated,spread_signal_quantile,-13957736.226134634,-1.6601170984797098,1596886.5618795361
2.0,0.5,d2,DK1,raw,online_profit_quantile,-10741108.819162752,-1.2775351330923834,2314868.418700146
2.0,0.5,d2,DK1,raw,online_risk_adjusted_quantile,-11176315.395620668,-1.3292981029066286,1995888.3466061633
2.0,0.5,d2,DK1,raw,point_centre,-13796143.110577699,-1.640897399111099,1523070.8135931366
2.0,0.5,d2,DK1,raw,scenario_median,-13708156.398473602,-1.6304323607383633,1526315.3215305374
2.0,0.5,d2,DK1,raw,scenario_q25,-14809512.92493441,-1.7614264396833663,1685246.0480048205
2.0,0.5,d2,DK1,raw,scenario_q75,-13549069.19783828,-1.6115107120092909,1858290.2098151478
2.0,0.5,d2,DK1,raw,spread_signal_quantile,-13555212.96717685,-1.6122414448704678,1544465.7175835771
2.0,0.5,d2,DK2,gated,online_profit_quantile,-9997852.89220838,-3.7843517999604486,995652.1553218492
2.0,0.5,d2,DK2,gated,online_risk_adjusted_quantile,-9658936.551391268,-3.656066389259237,711912.3972588765
2.0,0.5,d2,DK2,gated,point_centre,-8860219.59471834,-3.3537388810199684,570309.2447255645
2.0,0.5,d2,DK2,gated,scenario_median,-9069078.859022398,-3.432795548619414,588861.067890837
2.0,0.5,d2,DK2,gated,scenario_q25,-8842664.76732747,-3.347094090048258,650120.5291922165
2.0,0.5,d2,DK2,gated,scenario_q75,-9518934.02529871,-3.603073129873486,783415.3794868626
2.0,0.5,d2,DK2,gated,spread_signal_quantile,-9124094.354460223,-3.4536198187332605,618812.070453563
2.0,0.5,d2,DK2,raw,online_profit_quantile,-10090723.679799557,-3.8195049209328835,935194.5609924536
2.0,0.5,d2,DK2,raw,online_risk_adjusted_quantile,-10085220.985472875,-3.817422060602338,675413.5985123839
2.0,0.5,d2,DK2,raw,point_centre,-8860219.59471834,-3.3537388810199684,570309.2447255645
2.0,0.5,d2,DK2,raw,scenario_median,-9221651.158904985,-3.490546674177057,585655.8846151202
2.0,0.5,d2,DK2,raw,scenario_q25,-8928943.054030985,-3.3797518409778005,630715.3316272078
2.0,0.5,d2,DK2,raw,scenario_q75,-9729457.039943594,-3.68275955434822,776860.4072209182
2.0,0.5,d2,DK2,raw,spread_signal_quantile,-9259826.738551252,-3.5049967591209428,606455.0828322577
2.0,0.5,exact,DK1,gated,online_profit_quantile,-2920928.8825723995,-2.6471138235145752,376472.26115285733
2.0,0.5,exact,DK1,gated,online_risk_adjusted_quantile,-2783325.748314771,-2.5224099455716407,301658.51668500947
2.0,0.5,exact,DK1,gated,point_centre,-2464952.1116739134,-2.2338814368417705,265982.3257293138
2.0,0.5,exact,DK1,gated,scenario_median,-2748228.194960149,-2.4906025232099096,283768.7888619525
2.0,0.5,exact,DK1,gated,scenario_q25,-2739402.5799302105,-2.4826042430442543,341911.88097510673
2.0,0.5,exact,DK1,gated,scenario_q75,-2948870.631040085,-2.672436243743047,324081.8487667515
2.0,0.5,exact,DK1,gated,spread_signal_quantile,-2837060.645038596,-2.571107600886513,283318.1890909
2.0,0.5,exact,DK1,raw,online_profit_quantile,-2715583.7173983525,-2.4610182192815167,345211.3318149023
2.0,0.5,exact,DK1,raw,online_risk_adjusted_quantile,-2685214.055592671,-2.43349548428412,300300.39116498234
2.0,0.5,exact,DK1,raw,point_centre,-2464952.1116739134,-2.2338814368417705,265982.3257293138
2.0,0.5,exact,DK1,raw,scenario_median,-2424646.6980112884,-2.1973543518088596,272226.69503474905
2.0,0.5,exact,DK1,raw,scenario_q25,-2519074.732636934,-2.2829304701718387,340490.83480099484
2.0,0.5,exact,DK1,raw,scenario_q75,-2491447.9032459934,-2.2578934477311443,283518.01124983456
2.0,0.5,exact,DK1,raw,spread_signal_quantile,-2513927.0404016008,-2.2782653352701807,274496.94432955625
2.0,0.5,exact,DK2,gated,online_profit_quantile,-1566492.215490065,-5.072831463658502,151735.5762460012
2.0,0.5,exact,DK2,gated,online_risk_adjusted_quantile,-1711321.558413769,-5.541837846441265,142677.27642068063
2.0,0.5,exact,DK2,gated,point_centre,-2429536.831445621,-7.867661746929819,109699.67926677752
2.0,0.5,exact,DK2,gated,scenario_median,-2227602.859456919,-7.21373126674205,108988.22461150956
2.0,0.5,exact,DK2,gated,scenario_q25,-1694134.5268297358,-5.4861804268101695,123774.34892436933
2.0,0.5,exact,DK2,gated,scenario_q75,-2626823.4555527396,-8.506542543293348,132048.10429666715
2.0,0.5,exact,DK2,gated,spread_signal_quantile,-2249709.0309730805,-7.285318524756692,113564.59343593488
2.0,0.5,exact,DK2,raw,online_profit_quantile,-1566492.215490065,-5.072831463658502,151735.5762460012
2.0,0.5,exact,DK2,raw,online_risk_adjusted_quantile,-1711321.558413769,-5.541837846441265,142677.2764206806
2.0,0.5,exact,DK2,raw,point_centre,-2429536.831445621,-7.867661746929819,109699.67926677752
2.0,0.5,exact,DK2,raw,scenario_median,-2227602.859456919,-7.21373126674205,108988.22461150956
2.0,0.5,exact,DK2,raw,scenario_q25,-1694134.5268297358,-5.4861804268101695,123774.34892436933
2.0,0.5,exact,DK2,raw,scenario_q75,-2626823.4555527396,-8.506542543293348,132048.10429666715
2.0,0.5,exact,DK2,raw,spread_signal_quantile,-2249709.0309730805,-7.285318524756692,113564.59343593488
2.0,1.0,d2,DK1,gated,online_profit_quantile,-18891070.37203612,-2.2468821895687623,2524163.6637724387
2.0,1.0,d2,DK1,gated,online_risk_adjusted_quantile,-19750149.775394402,-2.34906010605614,2122317.5536349574
2.0,1.0,d2,DK1,gated,point_centre,-24546144.59396912,-2.919490215462277,1523070.8135931366
2.0,1.0,d2,DK1,gated,scenario_median,-25085014.239310656,-2.9835827515003306,1558218.0484398364
2.0,1.0,d2,DK1,gated,scenario_q25,-27275050.6897045,-3.2440631688609245,1761394.5111301641
2.0,1.0,d2,DK1,gated,scenario_q75,-23759039.87437719,-2.8258728851073744,1916561.3492554422
2.0,1.0,d2,DK1,gated,spread_signal_quantile,-24721699.328510195,-2.9403704937401405,1596886.5618795361
2.0,1.0,d2,DK1,raw,online_profit_quantile,-16852480.800925218,-2.0044146899002393,2314868.418700146
2.0,1.0,d2,DK1,raw,online_risk_adjusted_quantile,-18360854.09802901,-2.1838188755677947,1995888.3466061633
2.0,1.0,d2,DK1,raw,point_centre,-24546144.59396912,-2.919490215462277,1523070.8135931366
2.0,1.0,d2,DK1,raw,scenario_median,-24363682.15388613,-2.8977883426295654,1526315.3215305374
2.0,1.0,d2,DK1,raw,scenario_q25,-26248533.753859177,-3.121970424775034,1685246.0480048205
2.0,1.0,d2,DK1,raw,scenario_q75,-23381557.97604627,-2.78097562213916,1858290.2098151478
2.0,1.0,d2,DK1,raw,spread_signal_quantile,-24021494.499186553,-2.857088936418423,1544465.7175835771
2.0,1.0,d2,DK2,gated,online_profit_quantile,-18004401.473773062,-6.814962158283328,995652.1553218492
2.0,1.0,d2,DK2,gated,online_risk_adjusted_quantile,-17894048.308264785,-6.773191669656911,711912.3972588765
2.0,1.0,d2,DK2,gated,point_centre,-16579820.699985553,-6.275734898831125,570309.2447255645
2.0,1.0,d2,DK2,gated,scenario_median,-16960435.58226312,-6.419803893481103,588861.067890837
2.0,1.0,d2,DK2,gated,scenario_q25,-16385088.476270508,-6.202025548506452,650120.5291922165
2.0,1.0,d2,DK2,gated,scenario_q75,-17471037.291623697,-6.613075040667864,783415.3794868626
2.0,1.0,d2,DK2,gated,spread_signal_quantile,-17010564.568013318,-6.438778539287484,618812.070453563
2.0,1.0,d2,DK2,raw,online_profit_quantile,-18311058.237614203,-6.931036788378823,935194.5609924536
2.0,1.0,d2,DK2,raw,online_risk_adjusted_quantile,-18819614.773920983,-7.123533803918438,675413.5985123839
2.0,1.0,d2,DK2,raw,point_centre,-16579820.699985553,-6.275734898831125,570309.2447255645
2.0,1.0,d2,DK2,raw,scenario_median,-17271990.54857973,-6.537732573796628,585655.8846151202
2.0,1.0,d2,DK2,raw,scenario_q25,-16596455.444807552,-6.282031423413725,630715.3316272078
2.0,1.0,d2,DK2,raw,scenario_q75,-17905193.26544536,-6.777410219301671,776860.4072209182
2.0,1.0,d2,DK2,raw,spread_signal_quantile,-17306743.31143799,-6.550887066275584,606455.0828322577
2.0,1.0,exact,DK1,gated,online_profit_quantile,-5088913.242839084,-4.611865996518944,376472.26115285733
2.0,1.0,exact,DK1,gated,online_risk_adjusted_quantile,-4963334.463259524,-4.498059280666147,301658.51668500947
2.0,1.0,exact,DK1,gated,point_centre,-4397939.571889199,-3.985665897307622,265982.3257293138
2.0,1.0,exact,DK1,gated,scenario_median,-4928918.8121963935,-4.466869837397596,283768.7888619525
2.0,1.0,exact,DK1,gated,scenario_q25,-4794981.3979102075,-4.345488045818158,341911.88097510673
2.0,1.0,exact,DK1,gated,scenario_q75,-5249577.564546666,-4.757469249468802,324081.8487667515
2.0,1.0,exact,DK1,gated,spread_signal_quantile,-5107484.911895392,-4.628696711630842,283318.1890909
2.0,1.0,exact,DK1,raw,online_profit_quantile,-4740744.771166901,-4.296335693890107,345211.3318149023
2.0,1.0,exact,DK1,raw,online_risk_adjusted_quantile,-4769827.328855378,-4.322691981076575,300300.39116498234
2.0,1.0,exact,DK1,raw,point_centre,-4397939.571889199,-3.985665897307622,265982.3257293138
2.0,1.0,exact,DK1,raw,scenario_median,-4304840.005953079,-3.9012937137111248,272226.69503474905
2.0,1.0,exact,DK1,raw,scenario_q25,-4357167.79567188,-3.9487161676931652,340490.83480099484
2.0,1.0,exact,DK1,raw,scenario_q75,-4415859.7839923175,-4.001906224643734,283518.01124983456
2.0,1.0,exact,DK1,raw,spread_signal_quantile,-4478860.192144088,-4.0590008195517555,274496.94432955625
2.0,1.0,exact,DK2,gated,online_profit_quantile,-2829513.278488127,-9.162920724418452,151735.5762460012
2.0,1.0,exact,DK2,gated,online_risk_adjusted_quantile,-3137288.563986176,-10.159601165324789,142677.27642068063
2.0,1.0,exact,DK2,gated,point_centre,-4639674.304357687,-15.024834186558918,109699.67926677752
2.0,1.0,exact,DK2,gated,scenario_median,-4237229.269690819,-13.72158108765185,108988.22461150956
2.0,1.0,exact,DK2,gated,scenario_q25,-3140720.3558107335,-10.170714467626706,123774.34892436933
2.0,1.0,exact,DK2,gated,scenario_q75,-4989550.702512144,-16.15785226567793,132048.10429666715
2.0,1.0,exact,DK2,gated,spread_signal_quantile,-4272288.875074292,-13.835115944406366,113564.59343593488
2.0,1.0,exact,DK2,raw,online_profit_quantile,-2829513.278488127,-9.162920724418452,151735.5762460012
2.0,1.0,exact,DK2,raw,online_risk_adjusted_quantile,-3137288.563986176,-10.159601165324789,142677.2764206806
2.0,1.0,exact,DK2,raw,point_centre,-4639674.304357687,-15.024834186558918,109699.67926677752
2.0,1.0,exact,DK2,raw,scenario_median,-4237229.269690819,-13.72158108765185,108988.22461150956
2.0,1.0,exact,DK2,raw,scenario_q25,-3140720.3558107335,-10.170714467626706,123774.34892436933
2.0,1.0,exact,DK2,raw,scenario_q75,-4989550.702512144,-16.15785226567793,132048.10429666715
2.0,1.0,exact,DK2,raw,spread_signal_quantile,-4272288.875074292,-13.835115944406366,113564.59343593488
2.0,1.5,d2,DK1,gated,online_profit_quantile,-25812441.894281738,-3.070102160404429,2524163.6637724387
2.0,1.5,d2,DK1,gated,online_risk_adjusted_quantile,-27502907.10945664,-3.27116414944262,2122317.5536349574
2.0,1.5,d2,DK1,gated,point_centre,-35296146.07736055,-4.198083031813455,1523070.8135931366
2.0,1.5,d2,DK1,gated,scenario_median,-36069303.31052615,-4.290041464169282,1558218.0484398364
2.0,1.5,d2,DK1,gated,scenario_q25,-39151181.52342658,-4.656596515345011,1761394.5111301641
2.0,1.5,d2,DK1,gated,scenario_q75,-33721998.462310344,-4.010855724395023,1916561.3492554422
2.0,1.5,d2,DK1,gated,spread_signal_quantile,-35485662.43088576,-4.220623889000572,1596886.5618795361
2.0,1.5,d2,DK1,raw,online_profit_quantile,-22963852.78268768,-2.731294246708095,2314868.418700146
2.0,1.5,d2,DK1,raw,online_risk_adjusted_quantile,-25545392.800437354,-3.038339648228961,1995888.3466061633
2.0,1.5,d2,DK1,raw,point_centre,-35296146.07736055,-4.198083031813455,1523070.8135931366
2.0,1.5,d2,DK1,raw,scenario_median,-35019207.90929866,-4.165144324520768,1526315.3215305374
2.0,1.5,d2,DK1,raw,scenario_q25,-37687554.58278395,-4.4825144098667025,1685246.0480048205
2.0,1.5,d2,DK1,raw,scenario_q75,-33214046.75425426,-3.9504405322690284,1858290.2098151478
2.0,1.5,d2,DK1,raw,spread_signal_quantile,-34487776.03119625,-4.101936427966377,1544465.7175835771
2.0,1.5,d2,DK2,gated,online_profit_quantile,-26010950.055337746,-9.84557251660621,995652.1553218492
2.0,1.5,d2,DK2,gated,online_risk_adjusted_quantile,-26129160.065138295,-9.890316950054583,711912.3972588765
2.0,1.5,d2,DK2,gated,point_centre,-24299421.805252768,-9.197730916642282,570309.2447255645
2.0,1.5,d2,DK2,gated,scenario_median,-24851792.305503845,-9.406812238342795,588861.067890837
2.0,1.5,d2,DK2,gated,scenario_q25,-23927512.185213543,-9.056957006964645,650120.5291922165
2.0,1.5,d2,DK2,gated,scenario_q75,-25423140.557948686,-9.623076951462243,783415.3794868626
2.0,1.5,d2,DK2,gated,spread_signal_quantile,-24897034.781566415,-9.42393725984171,618812.070453563
2.0,1.5,d2,DK2,raw,online_profit_quantile,-26531392.795428857,-10.042568655824766,935194.5609924536
2.0,1.5,d2,DK2,raw,online_risk_adjusted_quantile,-27554008.56236909,-10.429645547234538,675413.5985123839
2.0,1.5,d2,DK2,raw,point_centre,-24299421.805252768,-9.197730916642282,570309.2447255645
2.0,1.5,d2,DK2,raw,scenario_median,-25322329.938254476,-9.584918473416199,585655.8846151202
2.0,1.5,d2,DK2,raw,scenario_q25,-24263967.83558412,-9.18431100584965,630715.3316272078
2.0,1.5,d2,DK2,raw,scenario_q75,-26080929.490947112,-9.872060884255118,776860.4072209182
2.0,1.5,d2,DK2,raw,spread_signal_quantile,-25353659.884324726,-9.596777373430221,606455.0828322577
2.0,1.5,exact,DK1,gated,online_profit_quantile,-7256897.603105769,-6.576618169523313,376472.26115285733
2.0,1.5,exact,DK1,gated,online_risk_adjusted_quantile,-7143343.178204275,-6.473708615760652,301658.51668500947
2.0,1.5,exact,DK1,gated,point_centre,-6330927.032104486,-5.737450357773474,265982.3257293138
2.0,1.5,exact,DK1,gated,scenario_median,-7109609.429432637,-6.44313715158528,283768.7888619525
2.0,1.5,exact,DK1,gated,scenario_q25,-6850560.2158902045,-6.208371848592062,341911.88097510673
2.0,1.5,exact,DK1,gated,scenario_q75,-7550284.498053248,-6.842502255194557,324081.8487667515
2.0,1.5,exact,DK1,gated,spread_signal_quantile,-7377909.178752188,-6.68628582237517,283318.1890909
2.0,1.5,exact,DK1,raw,online_profit_quantile,-6765905.824935449,-6.131653168498698,345211.3318149023
2.0,1.5,exact,DK1,raw,online_risk_adjusted_quantile,-6854440.602118084,-6.21188847786903,300300.39116498234
2.0,1.5,exact,DK1,raw,point_centre,-6330927.032104486,-5.737450357773474,265982.3257293138
2.0,1.5,exact,DK1,raw,scenario_median,-6185033.313894868,-5.605233075613389,272226.69503474905
2.0,1.5,exact,DK1,raw,scenario_q25,-6195260.8587068245,-5.61450186521449,340490.83480099484
2.0,1.5,exact,DK1,raw,scenario_q75,-6340271.664738642,-5.745919001556323,283518.01124983456
2.0,1.5,exact,DK1,raw,spread_signal_quantile,-6443793.343886578,-5.839736303833333,274496.94432955625
2.0,1.5,exact,DK2,gated,online_profit_quantile,-4092534.34148619,-13.253009985178405,151735.5762460012
2.0,1.5,exact,DK2,gated,online_risk_adjusted_quantile,-4563255.569558584,-14.777364484208313,142677.27642068063
2.0,1.5,exact,DK2,gated,point_centre,-6849811.777269754,-22.182006626188016,109699.67926677752
2.0,1.5,exact,DK2,gated,scenario_median,-6246855.679924719,-20.22943090856165,108988.22461150956
2.0,1.5,exact,DK2,gated,scenario_q25,-4587306.184791731,-14.855248508443239,123774.34892436933
2.0,1.5,exact,DK2,gated,scenario_q75,-7352277.949471546,-23.809161988062506,132048.10429666715
2.0,1.5,exact,DK2,gated,spread_signal_quantile,-6294868.719175503,-20.384913364056043,113564.59343593488
2.0,1.5,exact,DK2,raw,online_profit_quantile,-4092534.34148619,-13.253009985178405,151735.5762460012
2.0,1.5,exact,DK2,raw,online_risk_adjusted_quantile,-4563255.569558584,-14.777364484208313,142677.2764206806
2.0,1.5,exact,DK2,raw,point_centre,-6849811.777269754,-22.182006626188016,109699.67926677752
2.0,1.5,exact,DK2,raw,scenario_median,-6246855.679924719,-20.22943090856165,108988.22461150956
2.0,1.5,exact,DK2,raw,scenario_q25,-4587306.184791731,-14.855248508443239,123774.34892436933
2.0,1.5,exact,DK2,raw,scenario_q75,-7352277.949471546,-23.809161988062506,132048.10429666715
2.0,1.5,exact,DK2,raw,spread_signal_quantile,-6294868.719175503,-20.384913364056043,113564.59343593488
2.0,2.0,d2,DK1,gated,online_profit_quantile,-32733813.416527364,-3.8933221312400974,2524163.6637724387
2.0,2.0,d2,DK1,gated,online_risk_adjusted_quantile,-35255664.44351889,-4.193268192829101,2122317.5536349574
2.0,2.0,d2,DK1,gated,point_centre,-46046147.56075197,-5.476675848164633,1523070.8135931366
2.0,2.0,d2,DK1,gated,scenario_median,-47053592.381741636,-5.596500176838234,1558218.0484398364
2.0,2.0,d2,DK1,gated,scenario_q25,-51027312.35714868,-6.069129861829099,1761394.5111301641
2.0,2.0,d2,DK1,gated,scenario_q75,-43684957.05024349,-5.195838563682671,1916561.3492554422
2.0,2.0,d2,DK1,gated,spread_signal_quantile,-46249625.533261314,-5.5008772842610005,1596886.5618795361
2.0,2.0,d2,DK1,raw,online_profit_quantile,-29075224.76445014,-3.45817380351595,2314868.418700146
2.0,2.0,d2,DK1,raw,online_risk_adjusted_quantile,-32729931.50284569,-3.8928604208901265,1995888.3466061633
2.0,2.0,d2,DK1,raw,point_centre,-46046147.56075197,-5.476675848164633,1523070.8135931366
2.0,2.0,d2,DK1,raw,scenario_median,-45674733.66471118,-5.43250030641197,1526315.3215305374
2.0,2.0,d2,DK1,raw,scenario_q25,-49126575.41170871,-5.843058394958369,1685246.0480048205
2.0,2.0,d2,DK1,raw,scenario_q75,-43046535.53246224,-5.119905442398896,1858290.2098151478
2.0,2.0,d2,DK1,raw,spread_signal_quantile,-44954057.56320594,-5.346783919514331,1544465.7175835771
2.0,2.0,d2,DK2,gated,online_profit_quantile,-34017498.63690243,-12.87618287492909,995652.1553218492
2.0,2.0,d2,DK2,gated,online_risk_adjusted_quantile,-34364271.82201181,-13.007442230452257,711912.3972588765
2.0,2.0,d2,DK2,gated,point_centre,-32019022.910519976,-12.119726934453437,570309.2447255645
2.0,2.0,d2,DK2,gated,scenario_median,-32743149.02874457,-12.393820583204485,588861.067890837
2.0,2.0,d2,DK2,gated,scenario_q25,-31469935.894156583,-11.911888465422841,650120.5291922165
2.0,2.0,d2,DK2,gated,scenario_q75,-33375243.82427367,-12.63307886225662,783415.3794868626
2.0,2.0,d2,DK2,gated,spread_signal_quantile,-32783504.995119512,-12.409095980395934,618812.070453563
2.0,2.0,d2,DK2,raw,online_profit_quantile,-34751727.3532435,-13.154100523270705,935194.5609924536
2.0,2.0,d2,DK2,raw,online_risk_adjusted_quantile,-36288402.350817196,-13.735757290550636,675413.5985123839
2.0,2.0,d2,DK2,raw,point_centre,-32019022.910519976,-12.119726934453437,570309.2447255645
2.0,2.0,d2,DK2,raw,scenario_median,-33372669.327929217,-12.632104373035768,585655.8846151202
2.0,2.0,d2,DK2,raw,scenario_q25,-31931480.226360686,-12.086590588285576,630715.3316272078
2.0,2.0,d2,DK2,raw,scenario_q75,-34256665.71644887,-12.966711549208567,776860.4072209182
2.0,2.0,d2,DK2,raw,spread_signal_quantile,-33400576.45721146,-12.64266768058486,606455.0828322577
2.0,2.0,exact,DK1,gated,online_profit_quantile,-9424881.963372454,-8.541370342527681,376472.26115285733
2.0,2.0,exact,DK1,gated,online_risk_adjusted_quantile,-9323351.893149028,-8.449357950855159,301658.51668500947
2.0,2.0,exact,DK1,gated,point_centre,-8263914.492319771,-7.489234818239325,265982.3257293138
2.0,2.0,exact,DK1,gated,scenario_median,-9290300.046668882,-8.419404465772967,283768.7888619525
2.0,2.0,exact,DK1,gated,scenario_q25,-8906139.033870202,-8.071255651365966,341911.88097510673
2.0,2.0,exact,DK1,gated,scenario_q75,-9850991.43155983,-8.927535260920312,324081.8487667515
2.0,2.0,exact,DK1,gated,spread_signal_quantile,-9648333.445608985,-8.7438749331195,283318.1890909
2.0,2.0,exact,DK1,raw,online_profit_quantile,-8791066.878703997,-7.966970643107287,345211.3318149023
2.0,2.0,exact,DK1,raw,online_risk_adjusted_quantile,-8939053.875380792,-8.101084974661486,300300.39116498234
2.0,2.0,exact,DK1,raw,point_centre,-8263914.492319771,-7.489234818239325,265982.3257293138
2.0,2.0,exact,DK1,raw,scenario_median,-8065226.62183666,-7.309172437515655,272226.69503474905
2.0,2.0,exact,DK1,raw,scenario_q25,-8033353.921741769,-7.280287562735815,340490.83480099484
2.0,2.0,exact,DK1,raw,scenario_q75,-8264683.545484967,-7.489931778468913,283518.01124983456
2.0,2.0,exact,DK1,raw,spread_signal_quantile,-8408726.495629067,-7.620471788114909,274496.94432955625
2.0,2.0,exact,DK2,gated,online_profit_quantile,-5355555.404484252,-17.343099245938355,151735.5762460012
2.0,2.0,exact,DK2,gated,online_risk_adjusted_quantile,-5989222.575130992,-19.39512780309184,142677.27642068063
2.0,2.0,exact,DK2,gated,point_centre,-9059949.25018182,-29.339179065817117,109699.67926677752
2.0,2.0,exact,DK2,gated,scenario_median,-8256482.090158619,-26.73728072947145,108988.22461150956
2.0,2.0,exact,DK2,gated,scenario_q25,-6033892.013772728,-19.539782549259773,123774.34892436933
2.0,2.0,exact,DK2,gated,scenario_q75,-9715005.196430951,-31.460471710447088,132048.10429666715
2.0,2.0,exact,DK2,gated,spread_signal_quantile,-8317448.563276715,-26.93471078370572,113564.59343593488
2.0,2.0,exact,DK2,raw,online_profit_quantile,-5355555.404484252,-17.343099245938355,151735.5762460012
2.0,2.0,exact,DK2,raw,online_risk_adjusted_quantile,-5989222.575130992,-19.39512780309184,142677.2764206806
2.0,2.0,exact,DK2,raw,point_centre,-9059949.25018182,-29.339179065817117,109699.67926677752
2.0,2.0,exact,DK2,raw,scenario_median,-8256482.090158619,-26.73728072947145,108988.22461150956
2.0,2.0,exact,DK2,raw,scenario_q25,-6033892.013772728,-19.539782549259773,123774.34892436933
2.0,2.0,exact,DK2,raw,scenario_q75,-9715005.196430951,-31.460471710447088,132048.10429666715
2.0,2.0,exact,DK2,raw,spread_signal_quantile,-8317448.563276715,-26.93471078370572,113564.59343593488
