panel,fold_id,price_area,ensemble_method,expert,weight,intercept,validation_mae,success,message,diagnostics_json
d2,1,DK1,equal_weight,gfs,0.2,0.0,267.0506112116587,True,closed_form,null
d2,1,DK1,equal_weight,icon_eu,0.2,0.0,267.0506112116587,True,closed_form,null
d2,1,DK1,equal_weight,ecmwf,0.2,0.0,267.0506112116587,True,closed_form,null
d2,1,DK1,equal_weight,gem_global,0.2,0.0,267.0506112116587,True,closed_form,null
d2,1,DK1,equal_weight,jma_gsm,0.2,0.0,267.0506112116587,True,closed_form,null
d2,1,DK1,best_validation_expert,gfs,0.0,0.0,301.4887029790405,True,one_hot_lowest_validation_mae,"{""best_position"": 2, ""expert_mae"": [346.59633952907024, 309.2947649827333, 301.4887029790405, 315.0276528375416, 323.673680911078]}"
d2,1,DK1,best_validation_expert,icon_eu,0.0,0.0,301.4887029790405,True,one_hot_lowest_validation_mae,"{""best_position"": 2, ""expert_mae"": [346.59633952907024, 309.2947649827333, 301.4887029790405, 315.0276528375416, 323.673680911078]}"
d2,1,DK1,best_validation_expert,ecmwf,1.0,0.0,301.4887029790405,True,one_hot_lowest_validation_mae,"{""best_position"": 2, ""expert_mae"": [346.59633952907024, 309.2947649827333, 301.4887029790405, 315.0276528375416, 323.673680911078]}"
d2,1,DK1,best_validation_expert,gem_global,0.0,0.0,301.4887029790405,True,one_hot_lowest_validation_mae,"{""best_position"": 2, ""expert_mae"": [346.59633952907024, 309.2947649827333, 301.4887029790405, 315.0276528375416, 323.673680911078]}"
d2,1,DK1,best_validation_expert,jma_gsm,0.0,0.0,301.4887029790405,True,one_hot_lowest_validation_mae,"{""best_position"": 2, ""expert_mae"": [346.59633952907024, 309.2947649827333, 301.4887029790405, 315.0276528375416, 323.673680911078]}"
d2,1,DK1,inverse_mae,gfs,0.18378137138672887,0.0,266.7883108162714,True,inverse_validation_mae,"{""expert_mae"": [346.59633952907024, 309.2947649827333, 301.4887029790405, 315.0276528375416, 323.673680911078]}"
d2,1,DK1,inverse_mae,icon_eu,0.20594577667555156,0.0,266.7883108162714,True,inverse_validation_mae,"{""expert_mae"": [346.59633952907024, 309.2947649827333, 301.4887029790405, 315.0276528375416, 323.673680911078]}"
d2,1,DK1,inverse_mae,ecmwf,0.21127806769073584,0.0,266.7883108162714,True,inverse_validation_mae,"{""expert_mae"": [346.59633952907024, 309.2947649827333, 301.4887029790405, 315.0276528375416, 323.673680911078]}"
d2,1,DK1,inverse_mae,gem_global,0.20219796586853098,0.0,266.7883108162714,True,inverse_validation_mae,"{""expert_mae"": [346.59633952907024, 309.2947649827333, 301.4887029790405, 315.0276528375416, 323.673680911078]}"
d2,1,DK1,inverse_mae,jma_gsm,0.19679681837845273,0.0,266.7883108162714,True,inverse_validation_mae,"{""expert_mae"": [346.59633952907024, 309.2947649827333, 301.4887029790405, 315.0276528375416, 323.673680911078]}"
d2,1,DK1,dirichlet_mae,gfs,0.1251156888991264,0.0,266.3044772846079,True,random_search_complete,"{""draws_evaluated"": 30000, ""alphas"": [0.3, 1.0, 3.0]}"
d2,1,DK1,dirichlet_mae,icon_eu,0.17764949818513212,0.0,266.3044772846079,True,random_search_complete,"{""draws_evaluated"": 30000, ""alphas"": [0.3, 1.0, 3.0]}"
d2,1,DK1,dirichlet_mae,ecmwf,0.29454192139559054,0.0,266.3044772846079,True,random_search_complete,"{""draws_evaluated"": 30000, ""alphas"": [0.3, 1.0, 3.0]}"
d2,1,DK1,dirichlet_mae,gem_global,0.20397904638307407,0.0,266.3044772846079,True,random_search_complete,"{""draws_evaluated"": 30000, ""alphas"": [0.3, 1.0, 3.0]}"
d2,1,DK1,dirichlet_mae,jma_gsm,0.19871384513707696,0.0,266.3044772846079,True,random_search_complete,"{""draws_evaluated"": 30000, ""alphas"": [0.3, 1.0, 3.0]}"
d2,1,DK1,slsqp_mae,gfs,0.1325391844868279,0.0,266.2845449618995,True,Optimization terminated successfully,"{""optimized_objective"": ""mae"", ""optimized_objective_value"": 266.2845449618995, ""attempts"": [{""start"": 1, ""success"": true, ""objective"": 266.2845452623128, ""message"": ""Optimization terminated successfully""}, {""start"": 2, ""success"": true, ""objective"": 266.2846323768609, ""message"": ""Optimization terminated successfully""}, {""start"": 3, ""success"": true, ""objective"": 266.2845450185017, ""message"": ""Optimization terminated successfully""}, {""start"": 4, ""success"": true, ""objective"": 266.2845528294681, ""message"": ""Optimization terminated successfully""}, {""start"": 5, ""success"": true, ""objective"": 266.2847453923126, ""message"": ""Optimization terminated successfully""}, {""start"": 6, ""success"": true, ""objective"": 266.28454504404016, ""message"": ""Optimization terminated successfully""}, {""start"": 7, ""success"": true, ""objective"": 266.2845449931986, ""message"": ""Optimization terminated successfully""}, {""start"": 8, ""success"": true, ""objective"": 266.2845449684816, ""message"": ""Optimization terminated successfully""}, {""start"": 9, ""success"": true, ""objective"": 266.2845461110706, ""message"": ""Optimization terminated successfully""}, {""start"": 10, ""success"": true, ""objective"": 266.2845660958201, ""message"": ""Optimization terminated successfully""}, {""start"": 11, ""success"": true, ""objective"": 266.284544968584, ""message"": ""Optimization terminated successfully""}, {""start"": 12, ""success"": true, ""objective"": 266.2845473640431, ""message"": ""Optimization terminated successfully""}, {""start"": 13, ""success"": true, ""objective"": 266.2845471069869, ""message"": ""Optimization terminated successfully""}, {""start"": 14, ""success"": true, ""objective"": 266.2845452815987, ""message"": ""Optimization terminated successfully""}, {""start"": 15, ""success"": true, ""objective"": 266.2845449618995, ""message"": ""Optimization terminated successfully""}, {""start"": 16, ""success"": true, ""objective"": 266.2845449804293, ""message"": ""Optimization terminated successfully""}]}"
d2,1,DK1,slsqp_mae,icon_eu,0.1786345918339194,0.0,266.2845449618995,True,Optimization terminated successfully,"{""optimized_objective"": ""mae"", ""optimized_objective_value"": 266.2845449618995, ""attempts"": [{""start"": 1, ""success"": true, ""objective"": 266.2845452623128, ""message"": ""Optimization terminated successfully""}, {""start"": 2, ""success"": true, ""objective"": 266.2846323768609, ""message"": ""Optimization terminated successfully""}, {""start"": 3, ""success"": true, ""objective"": 266.2845450185017, ""message"": ""Optimization terminated successfully""}, {""start"": 4, ""success"": true, ""objective"": 266.2845528294681, ""message"": ""Optimization terminated successfully""}, {""start"": 5, ""success"": true, ""objective"": 266.2847453923126, ""message"": ""Optimization terminated successfully""}, {""start"": 6, ""success"": true, ""objective"": 266.28454504404016, ""message"": ""Optimization terminated successfully""}, {""start"": 7, ""success"": true, ""objective"": 266.2845449931986, ""message"": ""Optimization terminated successfully""}, {""start"": 8, ""success"": true, ""objective"": 266.2845449684816, ""message"": ""Optimization terminated successfully""}, {""start"": 9, ""success"": true, ""objective"": 266.2845461110706, ""message"": ""Optimization terminated successfully""}, {""start"": 10, ""success"": true, ""objective"": 266.2845660958201, ""message"": ""Optimization terminated successfully""}, {""start"": 11, ""success"": true, ""objective"": 266.284544968584, ""message"": ""Optimization terminated successfully""}, {""start"": 12, ""success"": true, ""objective"": 266.2845473640431, ""message"": ""Optimization terminated successfully""}, {""start"": 13, ""success"": true, ""objective"": 266.2845471069869, ""message"": ""Optimization terminated successfully""}, {""start"": 14, ""success"": true, ""objective"": 266.2845452815987, ""message"": ""Optimization terminated successfully""}, {""start"": 15, ""success"": true, ""objective"": 266.2845449618995, ""message"": ""Optimization terminated successfully""}, {""start"": 16, ""success"": true, ""objective"": 266.2845449804293, ""message"": ""Optimization terminated successfully""}]}"
d2,1,DK1,slsqp_mae,ecmwf,0.2906924535329002,0.0,266.2845449618995,True,Optimization terminated successfully,"{""optimized_objective"": ""mae"", ""optimized_objective_value"": 266.2845449618995, ""attempts"": [{""start"": 1, ""success"": true, ""objective"": 266.2845452623128, ""message"": ""Optimization terminated successfully""}, {""start"": 2, ""success"": true, ""objective"": 266.2846323768609, ""message"": ""Optimization terminated successfully""}, {""start"": 3, ""success"": true, ""objective"": 266.2845450185017, ""message"": ""Optimization terminated successfully""}, {""start"": 4, ""success"": true, ""objective"": 266.2845528294681, ""message"": ""Optimization terminated successfully""}, {""start"": 5, ""success"": true, ""objective"": 266.2847453923126, ""message"": ""Optimization terminated successfully""}, {""start"": 6, ""success"": true, ""objective"": 266.28454504404016, ""message"": ""Optimization terminated successfully""}, {""start"": 7, ""success"": true, ""objective"": 266.2845449931986, ""message"": ""Optimization terminated successfully""}, {""start"": 8, ""success"": true, ""objective"": 266.2845449684816, ""message"": ""Optimization terminated successfully""}, {""start"": 9, ""success"": true, ""objective"": 266.2845461110706, ""message"": ""Optimization terminated successfully""}, {""start"": 10, ""success"": true, ""objective"": 266.2845660958201, ""message"": ""Optimization terminated successfully""}, {""start"": 11, ""success"": true, ""objective"": 266.284544968584, ""message"": ""Optimization terminated successfully""}, {""start"": 12, ""success"": true, ""objective"": 266.2845473640431, ""message"": ""Optimization terminated successfully""}, {""start"": 13, ""success"": true, ""objective"": 266.2845471069869, ""message"": ""Optimization terminated successfully""}, {""start"": 14, ""success"": true, ""objective"": 266.2845452815987, ""message"": ""Optimization terminated successfully""}, {""start"": 15, ""success"": true, ""objective"": 266.2845449618995, ""message"": ""Optimization terminated successfully""}, {""start"": 16, ""success"": true, ""objective"": 266.2845449804293, ""message"": ""Optimization terminated successfully""}]}"
d2,1,DK1,slsqp_mae,gem_global,0.20451298593025707,0.0,266.2845449618995,True,Optimization terminated successfully,"{""optimized_objective"": ""mae"", ""optimized_objective_value"": 266.2845449618995, ""attempts"": [{""start"": 1, ""success"": true, ""objective"": 266.2845452623128, ""message"": ""Optimization terminated successfully""}, {""start"": 2, ""success"": true, ""objective"": 266.2846323768609, ""message"": ""Optimization terminated successfully""}, {""start"": 3, ""success"": true, ""objective"": 266.2845450185017, ""message"": ""Optimization terminated successfully""}, {""start"": 4, ""success"": true, ""objective"": 266.2845528294681, ""message"": ""Optimization terminated successfully""}, {""start"": 5, ""success"": true, ""objective"": 266.2847453923126, ""message"": ""Optimization terminated successfully""}, {""start"": 6, ""success"": true, ""objective"": 266.28454504404016, ""message"": ""Optimization terminated successfully""}, {""start"": 7, ""success"": true, ""objective"": 266.2845449931986, ""message"": ""Optimization terminated successfully""}, {""start"": 8, ""success"": true, ""objective"": 266.2845449684816, ""message"": ""Optimization terminated successfully""}, {""start"": 9, ""success"": true, ""objective"": 266.2845461110706, ""message"": ""Optimization terminated successfully""}, {""start"": 10, ""success"": true, ""objective"": 266.2845660958201, ""message"": ""Optimization terminated successfully""}, {""start"": 11, ""success"": true, ""objective"": 266.284544968584, ""message"": ""Optimization terminated successfully""}, {""start"": 12, ""success"": true, ""objective"": 266.2845473640431, ""message"": ""Optimization terminated successfully""}, {""start"": 13, ""success"": true, ""objective"": 266.2845471069869, ""message"": ""Optimization terminated successfully""}, {""start"": 14, ""success"": true, ""objective"": 266.2845452815987, ""message"": ""Optimization terminated successfully""}, {""start"": 15, ""success"": true, ""objective"": 266.2845449618995, ""message"": ""Optimization terminated successfully""}, {""start"": 16, ""success"": true, ""objective"": 266.2845449804293, ""message"": ""Optimization terminated successfully""}]}"
d2,1,DK1,slsqp_mae,jma_gsm,0.19362078421609558,0.0,266.2845449618995,True,Optimization terminated successfully,"{""optimized_objective"": ""mae"", ""optimized_objective_value"": 266.2845449618995, ""attempts"": [{""start"": 1, ""success"": true, ""objective"": 266.2845452623128, ""message"": ""Optimization terminated successfully""}, {""start"": 2, ""success"": true, ""objective"": 266.2846323768609, ""message"": ""Optimization terminated successfully""}, {""start"": 3, ""success"": true, ""objective"": 266.2845450185017, ""message"": ""Optimization terminated successfully""}, {""start"": 4, ""success"": true, ""objective"": 266.2845528294681, ""message"": ""Optimization terminated successfully""}, {""start"": 5, ""success"": true, ""objective"": 266.2847453923126, ""message"": ""Optimization terminated successfully""}, {""start"": 6, ""success"": true, ""objective"": 266.28454504404016, ""message"": ""Optimization terminated successfully""}, {""start"": 7, ""success"": true, ""objective"": 266.2845449931986, ""message"": ""Optimization terminated successfully""}, {""start"": 8, ""success"": true, ""objective"": 266.2845449684816, ""message"": ""Optimization terminated successfully""}, {""start"": 9, ""success"": true, ""objective"": 266.2845461110706, ""message"": ""Optimization terminated successfully""}, {""start"": 10, ""success"": true, ""objective"": 266.2845660958201, ""message"": ""Optimization terminated successfully""}, {""start"": 11, ""success"": true, ""objective"": 266.284544968584, ""message"": ""Optimization terminated successfully""}, {""start"": 12, ""success"": true, ""objective"": 266.2845473640431, ""message"": ""Optimization terminated successfully""}, {""start"": 13, ""success"": true, ""objective"": 266.2845471069869, ""message"": ""Optimization terminated successfully""}, {""start"": 14, ""success"": true, ""objective"": 266.2845452815987, ""message"": ""Optimization terminated successfully""}, {""start"": 15, ""success"": true, ""objective"": 266.2845449618995, ""message"": ""Optimization terminated successfully""}, {""start"": 16, ""success"": true, ""objective"": 266.2845449804293, ""message"": ""Optimization terminated successfully""}]}"
d2,1,DK1,slsqp_mse,gfs,0.17640910050941674,0.0,267.3414522434763,True,Optimization terminated successfully,"{""optimized_objective"": ""mse"", ""optimized_objective_value"": 132626.30787500786, ""attempts"": [{""start"": 1, ""success"": true, ""objective"": 132626.30787500786, ""message"": ""Optimization terminated successfully""}, {""start"": 2, ""success"": true, ""objective"": 132626.30787500786, ""message"": ""Optimization terminated successfully""}, {""start"": 3, ""success"": true, ""objective"": 132626.30787500791, ""message"": ""Optimization terminated successfully""}, {""start"": 4, ""success"": true, ""objective"": 132626.30787500786, ""message"": ""Optimization terminated successfully""}, {""start"": 5, ""success"": true, ""objective"": 132626.30787500791, ""message"": ""Optimization terminated successfully""}, {""start"": 6, ""success"": true, ""objective"": 132626.3078750079, ""message"": ""Optimization terminated successfully""}, {""start"": 7, ""success"": true, ""objective"": 132626.30787500786, ""message"": ""Optimization terminated successfully""}, {""start"": 8, ""success"": true, ""objective"": 132626.30787500786, ""message"": ""Optimization terminated successfully""}, {""start"": 9, ""success"": true, ""objective"": 132626.30787500797, ""message"": ""Optimization terminated successfully""}, {""start"": 10, ""success"": true, ""objective"": 132626.30787500791, ""message"": ""Optimization terminated successfully""}, {""start"": 11, ""success"": true, ""objective"": 132626.30787500791, ""message"": ""Optimization terminated successfully""}, {""start"": 12, ""success"": true, ""objective"": 132626.3078750079, ""message"": ""Optimization terminated successfully""}, {""start"": 13, ""success"": true, ""objective"": 132626.30787500786, ""message"": ""Optimization terminated successfully""}, {""start"": 14, ""success"": true, ""objective"": 132626.30787500797, ""message"": ""Optimization terminated successfully""}, {""start"": 15, ""success"": true, ""objective"": 132626.30787500791, ""message"": ""Optimization terminated successfully""}, {""start"": 16, ""success"": true, ""objective"": 132626.30787500791, ""message"": ""Optimization terminated successfully""}]}"
d2,1,DK1,slsqp_mse,icon_eu,0.10806748907254798,0.0,267.3414522434763,True,Optimization terminated successfully,"{""optimized_objective"": ""mse"", ""optimized_objective_value"": 132626.30787500786, ""attempts"": [{""start"": 1, ""success"": true, ""objective"": 132626.30787500786, ""message"": ""Optimization terminated successfully""}, {""start"": 2, ""success"": true, ""objective"": 132626.30787500786, ""message"": ""Optimization terminated successfully""}, {""start"": 3, ""success"": true, ""objective"": 132626.30787500791, ""message"": ""Optimization terminated successfully""}, {""start"": 4, ""success"": true, ""objective"": 132626.30787500786, ""message"": ""Optimization terminated successfully""}, {""start"": 5, ""success"": true, ""objective"": 132626.30787500791, ""message"": ""Optimization terminated successfully""}, {""start"": 6, ""success"": true, ""objective"": 132626.3078750079, ""message"": ""Optimization terminated successfully""}, {""start"": 7, ""success"": true, ""objective"": 132626.30787500786, ""message"": ""Optimization terminated successfully""}, {""start"": 8, ""success"": true, ""objective"": 132626.30787500786, ""message"": ""Optimization terminated successfully""}, {""start"": 9, ""success"": true, ""objective"": 132626.30787500797, ""message"": ""Optimization terminated successfully""}, {""start"": 10, ""success"": true, ""objective"": 132626.30787500791, ""message"": ""Optimization terminated successfully""}, {""start"": 11, ""success"": true, ""objective"": 132626.30787500791, ""message"": ""Optimization terminated successfully""}, {""start"": 12, ""success"": true, ""objective"": 132626.3078750079, ""message"": ""Optimization terminated successfully""}, {""start"": 13, ""success"": true, ""objective"": 132626.30787500786, ""message"": ""Optimization terminated successfully""}, {""start"": 14, ""success"": true, ""objective"": 132626.30787500797, ""message"": ""Optimization terminated successfully""}, {""start"": 15, ""success"": true, ""objective"": 132626.30787500791, ""message"": ""Optimization terminated successfully""}, {""start"": 16, ""success"": true, ""objective"": 132626.30787500791, ""message"": ""Optimization terminated successfully""}]}"
d2,1,DK1,slsqp_mse,ecmwf,0.23104988756531233,0.0,267.3414522434763,True,Optimization terminated successfully,"{""optimized_objective"": ""mse"", ""optimized_objective_value"": 132626.30787500786, ""attempts"": [{""start"": 1, ""success"": true, ""objective"": 132626.30787500786, ""message"": ""Optimization terminated successfully""}, {""start"": 2, ""success"": true, ""objective"": 132626.30787500786, ""message"": ""Optimization terminated successfully""}, {""start"": 3, ""success"": true, ""objective"": 132626.30787500791, ""message"": ""Optimization terminated successfully""}, {""start"": 4, ""success"": true, ""objective"": 132626.30787500786, ""message"": ""Optimization terminated successfully""}, {""start"": 5, ""success"": true, ""objective"": 132626.30787500791, ""message"": ""Optimization terminated successfully""}, {""start"": 6, ""success"": true, ""objective"": 132626.3078750079, ""message"": ""Optimization terminated successfully""}, {""start"": 7, ""success"": true, ""objective"": 132626.30787500786, ""message"": ""Optimization terminated successfully""}, {""start"": 8, ""success"": true, ""objective"": 132626.30787500786, ""message"": ""Optimization terminated successfully""}, {""start"": 9, ""success"": true, ""objective"": 132626.30787500797, ""message"": ""Optimization terminated successfully""}, {""start"": 10, ""success"": true, ""objective"": 132626.30787500791, ""message"": ""Optimization terminated successfully""}, {""start"": 11, ""success"": true, ""objective"": 132626.30787500791, ""message"": ""Optimization terminated successfully""}, {""start"": 12, ""success"": true, ""objective"": 132626.3078750079, ""message"": ""Optimization terminated successfully""}, {""start"": 13, ""success"": true, ""objective"": 132626.30787500786, ""message"": ""Optimization terminated successfully""}, {""start"": 14, ""success"": true, ""objective"": 132626.30787500797, ""message"": ""Optimization terminated successfully""}, {""start"": 15, ""success"": true, ""objective"": 132626.30787500791, ""message"": ""Optimization terminated successfully""}, {""start"": 16, ""success"": true, ""objective"": 132626.30787500791, ""message"": ""Optimization terminated successfully""}]}"
d2,1,DK1,slsqp_mse,gem_global,0.22721137549572099,0.0,267.3414522434763,True,Optimization terminated successfully,"{""optimized_objective"": ""mse"", ""optimized_objective_value"": 132626.30787500786, ""attempts"": [{""start"": 1, ""success"": true, ""objective"": 132626.30787500786, ""message"": ""Optimization terminated successfully""}, {""start"": 2, ""success"": true, ""objective"": 132626.30787500786, ""message"": ""Optimization terminated successfully""}, {""start"": 3, ""success"": true, ""objective"": 132626.30787500791, ""message"": ""Optimization terminated successfully""}, {""start"": 4, ""success"": true, ""objective"": 132626.30787500786, ""message"": ""Optimization terminated successfully""}, {""start"": 5, ""success"": true, ""objective"": 132626.30787500791, ""message"": ""Optimization terminated successfully""}, {""start"": 6, ""success"": true, ""objective"": 132626.3078750079, ""message"": ""Optimization terminated successfully""}, {""start"": 7, ""success"": true, ""objective"": 132626.30787500786, ""message"": ""Optimization terminated successfully""}, {""start"": 8, ""success"": true, ""objective"": 132626.30787500786, ""message"": ""Optimization terminated successfully""}, {""start"": 9, ""success"": true, ""objective"": 132626.30787500797, ""message"": ""Optimization terminated successfully""}, {""start"": 10, ""success"": true, ""objective"": 132626.30787500791, ""message"": ""Optimization terminated successfully""}, {""start"": 11, ""success"": true, ""objective"": 132626.30787500791, ""message"": ""Optimization terminated successfully""}, {""start"": 12, ""success"": true, ""objective"": 132626.3078750079, ""message"": ""Optimization terminated successfully""}, {""start"": 13, ""success"": true, ""objective"": 132626.30787500786, ""message"": ""Optimization terminated successfully""}, {""start"": 14, ""success"": true, ""objective"": 132626.30787500797, ""message"": ""Optimization terminated successfully""}, {""start"": 15, ""success"": true, ""objective"": 132626.30787500791, ""message"": ""Optimization terminated successfully""}, {""start"": 16, ""success"": true, ""objective"": 132626.30787500791, ""message"": ""Optimization terminated successfully""}]}"
d2,1,DK1,slsqp_mse,jma_gsm,0.257262147357002,0.0,267.3414522434763,True,Optimization terminated successfully,"{""optimized_objective"": ""mse"", ""optimized_objective_value"": 132626.30787500786, ""attempts"": [{""start"": 1, ""success"": true, ""objective"": 132626.30787500786, ""message"": ""Optimization terminated successfully""}, {""start"": 2, ""success"": true, ""objective"": 132626.30787500786, ""message"": ""Optimization terminated successfully""}, {""start"": 3, ""success"": true, ""objective"": 132626.30787500791, ""message"": ""Optimization terminated successfully""}, {""start"": 4, ""success"": true, ""objective"": 132626.30787500786, ""message"": ""Optimization terminated successfully""}, {""start"": 5, ""success"": true, ""objective"": 132626.30787500791, ""message"": ""Optimization terminated successfully""}, {""start"": 6, ""success"": true, ""objective"": 132626.3078750079, ""message"": ""Optimization terminated successfully""}, {""start"": 7, ""success"": true, ""objective"": 132626.30787500786, ""message"": ""Optimization terminated successfully""}, {""start"": 8, ""success"": true, ""objective"": 132626.30787500786, ""message"": ""Optimization terminated successfully""}, {""start"": 9, ""success"": true, ""objective"": 132626.30787500797, ""message"": ""Optimization terminated successfully""}, {""start"": 10, ""success"": true, ""objective"": 132626.30787500791, ""message"": ""Optimization terminated successfully""}, {""start"": 11, ""success"": true, ""objective"": 132626.30787500791, ""message"": ""Optimization terminated successfully""}, {""start"": 12, ""success"": true, ""objective"": 132626.3078750079, ""message"": ""Optimization terminated successfully""}, {""start"": 13, ""success"": true, ""objective"": 132626.30787500786, ""message"": ""Optimization terminated successfully""}, {""start"": 14, ""success"": true, ""objective"": 132626.30787500797, ""message"": ""Optimization terminated successfully""}, {""start"": 15, ""success"": true, ""objective"": 132626.30787500791, ""message"": ""Optimization terminated successfully""}, {""start"": 16, ""success"": true, ""objective"": 132626.30787500791, ""message"": ""Optimization terminated successfully""}]}"
d2,1,DK1,slsqp_mae_median_intercept,gfs,0.1325391844868279,-26.86535204591992,264.99165697034266,True,secondary_median_intercept_robustness,"{""base_method"": ""slsqp_mae""}"
d2,1,DK1,slsqp_mae_median_intercept,icon_eu,0.1786345918339194,-26.86535204591992,264.99165697034266,True,secondary_median_intercept_robustness,"{""base_method"": ""slsqp_mae""}"
d2,1,DK1,slsqp_mae_median_intercept,ecmwf,0.2906924535329002,-26.86535204591992,264.99165697034266,True,secondary_median_intercept_robustness,"{""base_method"": ""slsqp_mae""}"
d2,1,DK1,slsqp_mae_median_intercept,gem_global,0.20451298593025707,-26.86535204591992,264.99165697034266,True,secondary_median_intercept_robustness,"{""base_method"": ""slsqp_mae""}"
d2,1,DK1,slsqp_mae_median_intercept,jma_gsm,0.19362078421609558,-26.86535204591992,264.99165697034266,True,secondary_median_intercept_robustness,"{""base_method"": ""slsqp_mae""}"
d2,1,DK2,equal_weight,gfs,0.2,0.0,132.23294124414574,True,closed_form,null
d2,1,DK2,equal_weight,icon_eu,0.2,0.0,132.23294124414574,True,closed_form,null
d2,1,DK2,equal_weight,ecmwf,0.2,0.0,132.23294124414574,True,closed_form,null
d2,1,DK2,equal_weight,gem_global,0.2,0.0,132.23294124414574,True,closed_form,null
d2,1,DK2,equal_weight,jma_gsm,0.2,0.0,132.23294124414574,True,closed_form,null
d2,1,DK2,best_validation_expert,gfs,0.0,0.0,137.2012756173966,True,one_hot_lowest_validation_mae,"{""best_position"": 2, ""expert_mae"": [150.07423722100327, 149.7351338971797, 137.2012756173966, 153.880359374041, 142.09704565677262]}"
d2,1,DK2,best_validation_expert,icon_eu,0.0,0.0,137.2012756173966,True,one_hot_lowest_validation_mae,"{""best_position"": 2, ""expert_mae"": [150.07423722100327, 149.7351338971797, 137.2012756173966, 153.880359374041, 142.09704565677262]}"
d2,1,DK2,best_validation_expert,ecmwf,1.0,0.0,137.2012756173966,True,one_hot_lowest_validation_mae,"{""best_position"": 2, ""expert_mae"": [150.07423722100327, 149.7351338971797, 137.2012756173966, 153.880359374041, 142.09704565677262]}"
d2,1,DK2,best_validation_expert,gem_global,0.0,0.0,137.2012756173966,True,one_hot_lowest_validation_mae,"{""best_position"": 2, ""expert_mae"": [150.07423722100327, 149.7351338971797, 137.2012756173966, 153.880359374041, 142.09704565677262]}"
d2,1,DK2,best_validation_expert,jma_gsm,0.0,0.0,137.2012756173966,True,one_hot_lowest_validation_mae,"{""best_position"": 2, ""expert_mae"": [150.07423722100327, 149.7351338971797, 137.2012756173966, 153.880359374041, 142.09704565677262]}"
d2,1,DK2,inverse_mae,gfs,0.19502701357938446,0.0,131.95611824351792,True,inverse_validation_mae,"{""expert_mae"": [150.07423722100327, 149.7351338971797, 137.2012756173966, 153.880359374041, 142.09704565677262]}"
d2,1,DK2,inverse_mae,icon_eu,0.19546868886837276,0.0,131.95611824351792,True,inverse_validation_mae,"{""expert_mae"": [150.07423722100327, 149.7351338971797, 137.2012756173966, 153.880359374041, 142.09704565677262]}"
d2,1,DK2,inverse_mae,ecmwf,0.21332549692797645,0.0,131.95611824351792,True,inverse_validation_mae,"{""expert_mae"": [150.07423722100327, 149.7351338971797, 137.2012756173966, 153.880359374041, 142.09704565677262]}"
d2,1,DK2,inverse_mae,gem_global,0.19020315795676582,0.0,131.95611824351792,True,inverse_validation_mae,"{""expert_mae"": [150.07423722100327, 149.7351338971797, 137.2012756173966, 153.880359374041, 142.09704565677262]}"
d2,1,DK2,inverse_mae,jma_gsm,0.20597564266750037,0.0,131.95611824351792,True,inverse_validation_mae,"{""expert_mae"": [150.07423722100327, 149.7351338971797, 137.2012756173966, 153.880359374041, 142.09704565677262]}"
d2,1,DK2,dirichlet_mae,gfs,0.12255795049425346,0.0,127.61970894478566,True,random_search_complete,"{""draws_evaluated"": 30000, ""alphas"": [0.3, 1.0, 3.0]}"
d2,1,DK2,dirichlet_mae,icon_eu,0.017833559406508877,0.0,127.61970894478566,True,random_search_complete,"{""draws_evaluated"": 30000, ""alphas"": [0.3, 1.0, 3.0]}"
d2,1,DK2,dirichlet_mae,ecmwf,0.48818456942381044,0.0,127.61970894478566,True,random_search_complete,"{""draws_evaluated"": 30000, ""alphas"": [0.3, 1.0, 3.0]}"
d2,1,DK2,dirichlet_mae,gem_global,0.0028866218271846114,0.0,127.61970894478566,True,random_search_complete,"{""draws_evaluated"": 30000, ""alphas"": [0.3, 1.0, 3.0]}"
d2,1,DK2,dirichlet_mae,jma_gsm,0.36853729884824266,0.0,127.61970894478566,True,random_search_complete,"{""draws_evaluated"": 30000, ""alphas"": [0.3, 1.0, 3.0]}"
d2,1,DK2,slsqp_mae,gfs,0.15099118812868498,0.0,127.52839047618689,True,Optimization terminated successfully,"{""optimized_objective"": ""mae"", ""optimized_objective_value"": 127.52839047618689, ""attempts"": [{""start"": 1, ""success"": true, ""objective"": 127.52839706541386, ""message"": ""Optimization terminated successfully""}, {""start"": 2, ""success"": true, ""objective"": 127.52839047779669, ""message"": ""Optimization terminated successfully""}, {""start"": 3, ""success"": true, ""objective"": 127.52839068183307, ""message"": ""Optimization terminated successfully""}, {""start"": 4, ""success"": true, ""objective"": 127.52839086213895, ""message"": ""Optimization terminated successfully""}, {""start"": 5, ""success"": true, ""objective"": 127.5283933479535, ""message"": ""Optimization terminated successfully""}, {""start"": 6, ""success"": true, ""objective"": 127.52839452166593, ""message"": ""Optimization terminated successfully""}, {""start"": 7, ""success"": true, ""objective"": 127.52839149316243, ""message"": ""Optimization terminated successfully""}, {""start"": 8, ""success"": true, ""objective"": 127.52839691949396, ""message"": ""Optimization terminated successfully""}, {""start"": 9, ""success"": true, ""objective"": 127.52839606162136, ""message"": ""Optimization terminated successfully""}, {""start"": 10, ""success"": true, ""objective"": 127.52839051284346, ""message"": ""Optimization terminated successfully""}, {""start"": 11, ""success"": true, ""objective"": 127.52839047618689, ""message"": ""Optimization terminated successfully""}, {""start"": 12, ""success"": true, ""objective"": 127.52839269032657, ""message"": ""Optimization terminated successfully""}, {""start"": 13, ""success"": true, ""objective"": 127.5283904999373, ""message"": ""Optimization terminated successfully""}, {""start"": 14, ""success"": true, ""objective"": 127.52840645607711, ""message"": ""Optimization terminated successfully""}, {""start"": 15, ""success"": true, ""objective"": 127.52839047696827, ""message"": ""Optimization terminated successfully""}, {""start"": 16, ""success"": true, ""objective"": 127.52839048789663, ""message"": ""Optimization terminated successfully""}]}"
d2,1,DK2,slsqp_mae,icon_eu,1.7767451578151458e-18,0.0,127.52839047618689,True,Optimization terminated successfully,"{""optimized_objective"": ""mae"", ""optimized_objective_value"": 127.52839047618689, ""attempts"": [{""start"": 1, ""success"": true, ""objective"": 127.52839706541386, ""message"": ""Optimization terminated successfully""}, {""start"": 2, ""success"": true, ""objective"": 127.52839047779669, ""message"": ""Optimization terminated successfully""}, {""start"": 3, ""success"": true, ""objective"": 127.52839068183307, ""message"": ""Optimization terminated successfully""}, {""start"": 4, ""success"": true, ""objective"": 127.52839086213895, ""message"": ""Optimization terminated successfully""}, {""start"": 5, ""success"": true, ""objective"": 127.5283933479535, ""message"": ""Optimization terminated successfully""}, {""start"": 6, ""success"": true, ""objective"": 127.52839452166593, ""message"": ""Optimization terminated successfully""}, {""start"": 7, ""success"": true, ""objective"": 127.52839149316243, ""message"": ""Optimization terminated successfully""}, {""start"": 8, ""success"": true, ""objective"": 127.52839691949396, ""message"": ""Optimization terminated successfully""}, {""start"": 9, ""success"": true, ""objective"": 127.52839606162136, ""message"": ""Optimization terminated successfully""}, {""start"": 10, ""success"": true, ""objective"": 127.52839051284346, ""message"": ""Optimization terminated successfully""}, {""start"": 11, ""success"": true, ""objective"": 127.52839047618689, ""message"": ""Optimization terminated successfully""}, {""start"": 12, ""success"": true, ""objective"": 127.52839269032657, ""message"": ""Optimization terminated successfully""}, {""start"": 13, ""success"": true, ""objective"": 127.5283904999373, ""message"": ""Optimization terminated successfully""}, {""start"": 14, ""success"": true, ""objective"": 127.52840645607711, ""message"": ""Optimization terminated successfully""}, {""start"": 15, ""success"": true, ""objective"": 127.52839047696827, ""message"": ""Optimization terminated successfully""}, {""start"": 16, ""success"": true, ""objective"": 127.52839048789663, ""message"": ""Optimization terminated successfully""}]}"
d2,1,DK2,slsqp_mae,ecmwf,0.4835454174510451,0.0,127.52839047618689,True,Optimization terminated successfully,"{""optimized_objective"": ""mae"", ""optimized_objective_value"": 127.52839047618689, ""attempts"": [{""start"": 1, ""success"": true, ""objective"": 127.52839706541386, ""message"": ""Optimization terminated successfully""}, {""start"": 2, ""success"": true, ""objective"": 127.52839047779669, ""message"": ""Optimization terminated successfully""}, {""start"": 3, ""success"": true, ""objective"": 127.52839068183307, ""message"": ""Optimization terminated successfully""}, {""start"": 4, ""success"": true, ""objective"": 127.52839086213895, ""message"": ""Optimization terminated successfully""}, {""start"": 5, ""success"": true, ""objective"": 127.5283933479535, ""message"": ""Optimization terminated successfully""}, {""start"": 6, ""success"": true, ""objective"": 127.52839452166593, ""message"": ""Optimization terminated successfully""}, {""start"": 7, ""success"": true, ""objective"": 127.52839149316243, ""message"": ""Optimization terminated successfully""}, {""start"": 8, ""success"": true, ""objective"": 127.52839691949396, ""message"": ""Optimization terminated successfully""}, {""start"": 9, ""success"": true, ""objective"": 127.52839606162136, ""message"": ""Optimization terminated successfully""}, {""start"": 10, ""success"": true, ""objective"": 127.52839051284346, ""message"": ""Optimization terminated successfully""}, {""start"": 11, ""success"": true, ""objective"": 127.52839047618689, ""message"": ""Optimization terminated successfully""}, {""start"": 12, ""success"": true, ""objective"": 127.52839269032657, ""message"": ""Optimization terminated successfully""}, {""start"": 13, ""success"": true, ""objective"": 127.5283904999373, ""message"": ""Optimization terminated successfully""}, {""start"": 14, ""success"": true, ""objective"": 127.52840645607711, ""message"": ""Optimization terminated successfully""}, {""start"": 15, ""success"": true, ""objective"": 127.52839047696827, ""message"": ""Optimization terminated successfully""}, {""start"": 16, ""success"": true, ""objective"": 127.52839048789663, ""message"": ""Optimization terminated successfully""}]}"
d2,1,DK2,slsqp_mae,gem_global,6.837473385092552e-14,0.0,127.52839047618689,True,Optimization terminated successfully,"{""optimized_objective"": ""mae"", ""optimized_objective_value"": 127.52839047618689, ""attempts"": [{""start"": 1, ""success"": true, ""objective"": 127.52839706541386, ""message"": ""Optimization terminated successfully""}, {""start"": 2, ""success"": true, ""objective"": 127.52839047779669, ""message"": ""Optimization terminated successfully""}, {""start"": 3, ""success"": true, ""objective"": 127.52839068183307, ""message"": ""Optimization terminated successfully""}, {""start"": 4, ""success"": true, ""objective"": 127.52839086213895, ""message"": ""Optimization terminated successfully""}, {""start"": 5, ""success"": true, ""objective"": 127.5283933479535, ""message"": ""Optimization terminated successfully""}, {""start"": 6, ""success"": true, ""objective"": 127.52839452166593, ""message"": ""Optimization terminated successfully""}, {""start"": 7, ""success"": true, ""objective"": 127.52839149316243, ""message"": ""Optimization terminated successfully""}, {""start"": 8, ""success"": true, ""objective"": 127.52839691949396, ""message"": ""Optimization terminated successfully""}, {""start"": 9, ""success"": true, ""objective"": 127.52839606162136, ""message"": ""Optimization terminated successfully""}, {""start"": 10, ""success"": true, ""objective"": 127.52839051284346, ""message"": ""Optimization terminated successfully""}, {""start"": 11, ""success"": true, ""objective"": 127.52839047618689, ""message"": ""Optimization terminated successfully""}, {""start"": 12, ""success"": true, ""objective"": 127.52839269032657, ""message"": ""Optimization terminated successfully""}, {""start"": 13, ""success"": true, ""objective"": 127.5283904999373, ""message"": ""Optimization terminated successfully""}, {""start"": 14, ""success"": true, ""objective"": 127.52840645607711, ""message"": ""Optimization terminated successfully""}, {""start"": 15, ""success"": true, ""objective"": 127.52839047696827, ""message"": ""Optimization terminated successfully""}, {""start"": 16, ""success"": true, ""objective"": 127.52839048789663, ""message"": ""Optimization terminated successfully""}]}"
d2,1,DK2,slsqp_mae,jma_gsm,0.3654633944202015,0.0,127.52839047618689,True,Optimization terminated successfully,"{""optimized_objective"": ""mae"", ""optimized_objective_value"": 127.52839047618689, ""attempts"": [{""start"": 1, ""success"": true, ""objective"": 127.52839706541386, ""message"": ""Optimization terminated successfully""}, {""start"": 2, ""success"": true, ""objective"": 127.52839047779669, ""message"": ""Optimization terminated successfully""}, {""start"": 3, ""success"": true, ""objective"": 127.52839068183307, ""message"": ""Optimization terminated successfully""}, {""start"": 4, ""success"": true, ""objective"": 127.52839086213895, ""message"": ""Optimization terminated successfully""}, {""start"": 5, ""success"": true, ""objective"": 127.5283933479535, ""message"": ""Optimization terminated successfully""}, {""start"": 6, ""success"": true, ""objective"": 127.52839452166593, ""message"": ""Optimization terminated successfully""}, {""start"": 7, ""success"": true, ""objective"": 127.52839149316243, ""message"": ""Optimization terminated successfully""}, {""start"": 8, ""success"": true, ""objective"": 127.52839691949396, ""message"": ""Optimization terminated successfully""}, {""start"": 9, ""success"": true, ""objective"": 127.52839606162136, ""message"": ""Optimization terminated successfully""}, {""start"": 10, ""success"": true, ""objective"": 127.52839051284346, ""message"": ""Optimization terminated successfully""}, {""start"": 11, ""success"": true, ""objective"": 127.52839047618689, ""message"": ""Optimization terminated successfully""}, {""start"": 12, ""success"": true, ""objective"": 127.52839269032657, ""message"": ""Optimization terminated successfully""}, {""start"": 13, ""success"": true, ""objective"": 127.5283904999373, ""message"": ""Optimization terminated successfully""}, {""start"": 14, ""success"": true, ""objective"": 127.52840645607711, ""message"": ""Optimization terminated successfully""}, {""start"": 15, ""success"": true, ""objective"": 127.52839047696827, ""message"": ""Optimization terminated successfully""}, {""start"": 16, ""success"": true, ""objective"": 127.52839048789663, ""message"": ""Optimization terminated successfully""}]}"
d2,1,DK2,slsqp_mse,gfs,0.12160676119402773,0.0,127.9007682180358,True,Optimization terminated successfully,"{""optimized_objective"": ""mse"", ""optimized_objective_value"": 31809.86329024461, ""attempts"": [{""start"": 1, ""success"": true, ""objective"": 31809.863290418612, ""message"": ""Optimization terminated successfully""}, {""start"": 2, ""success"": true, ""objective"": 31809.863290445657, ""message"": ""Optimization terminated successfully""}, {""start"": 3, ""success"": false, ""objective"": 31809.863292201495, ""message"": ""Positive directional derivative for linesearch""}, {""start"": 4, ""success"": false, ""objective"": 31809.863290349167, ""message"": ""Positive directional derivative for linesearch""}, {""start"": 5, ""success"": false, ""objective"": 31809.863323856498, ""message"": ""Positive directional derivative for linesearch""}, {""start"": 6, ""success"": true, ""objective"": 31809.86329309606, ""message"": ""Optimization terminated successfully""}, {""start"": 7, ""success"": true, ""objective"": 31809.863290245656, ""message"": ""Optimization terminated successfully""}, {""start"": 8, ""success"": true, ""objective"": 31809.863290327332, ""message"": ""Optimization terminated successfully""}, {""start"": 9, ""success"": false, ""objective"": 31809.86350869413, ""message"": ""Positive directional derivative for linesearch""}, {""start"": 10, ""success"": false, ""objective"": 31809.86384778386, ""message"": ""Positive directional derivative for linesearch""}, {""start"": 11, ""success"": false, ""objective"": 31809.863312738675, ""message"": ""Positive directional derivative for linesearch""}, {""start"": 12, ""success"": false, ""objective"": 31809.863303275328, ""message"": ""Positive directional derivative for linesearch""}, {""start"": 13, ""success"": false, ""objective"": 31809.863290593195, ""message"": ""Positive directional derivative for linesearch""}, {""start"": 14, ""success"": true, ""objective"": 31809.86329112849, ""message"": ""Optimization terminated successfully""}, {""start"": 15, ""success"": false, ""objective"": 31809.863756900704, ""message"": ""Positive directional derivative for linesearch""}, {""start"": 16, ""success"": true, ""objective"": 31809.86329024461, ""message"": ""Optimization terminated successfully""}]}"
d2,1,DK2,slsqp_mse,icon_eu,3.2960244419063777e-15,0.0,127.9007682180358,True,Optimization terminated successfully,"{""optimized_objective"": ""mse"", ""optimized_objective_value"": 31809.86329024461, ""attempts"": [{""start"": 1, ""success"": true, ""objective"": 31809.863290418612, ""message"": ""Optimization terminated successfully""}, {""start"": 2, ""success"": true, ""objective"": 31809.863290445657, ""message"": ""Optimization terminated successfully""}, {""start"": 3, ""success"": false, ""objective"": 31809.863292201495, ""message"": ""Positive directional derivative for linesearch""}, {""start"": 4, ""success"": false, ""objective"": 31809.863290349167, ""message"": ""Positive directional derivative for linesearch""}, {""start"": 5, ""success"": false, ""objective"": 31809.863323856498, ""message"": ""Positive directional derivative for linesearch""}, {""start"": 6, ""success"": true, ""objective"": 31809.86329309606, ""message"": ""Optimization terminated successfully""}, {""start"": 7, ""success"": true, ""objective"": 31809.863290245656, ""message"": ""Optimization terminated successfully""}, {""start"": 8, ""success"": true, ""objective"": 31809.863290327332, ""message"": ""Optimization terminated successfully""}, {""start"": 9, ""success"": false, ""objective"": 31809.86350869413, ""message"": ""Positive directional derivative for linesearch""}, {""start"": 10, ""success"": false, ""objective"": 31809.86384778386, ""message"": ""Positive directional derivative for linesearch""}, {""start"": 11, ""success"": false, ""objective"": 31809.863312738675, ""message"": ""Positive directional derivative for linesearch""}, {""start"": 12, ""success"": false, ""objective"": 31809.863303275328, ""message"": ""Positive directional derivative for linesearch""}, {""start"": 13, ""success"": false, ""objective"": 31809.863290593195, ""message"": ""Positive directional derivative for linesearch""}, {""start"": 14, ""success"": true, ""objective"": 31809.86329112849, ""message"": ""Optimization terminated successfully""}, {""start"": 15, ""success"": false, ""objective"": 31809.863756900704, ""message"": ""Positive directional derivative for linesearch""}, {""start"": 16, ""success"": true, ""objective"": 31809.86329024461, ""message"": ""Optimization terminated successfully""}]}"
d2,1,DK2,slsqp_mse,ecmwf,0.4275972520382602,0.0,127.9007682180358,True,Optimization terminated successfully,"{""optimized_objective"": ""mse"", ""optimized_objective_value"": 31809.86329024461, ""attempts"": [{""start"": 1, ""success"": true, ""objective"": 31809.863290418612, ""message"": ""Optimization terminated successfully""}, {""start"": 2, ""success"": true, ""objective"": 31809.863290445657, ""message"": ""Optimization terminated successfully""}, {""start"": 3, ""success"": false, ""objective"": 31809.863292201495, ""message"": ""Positive directional derivative for linesearch""}, {""start"": 4, ""success"": false, ""objective"": 31809.863290349167, ""message"": ""Positive directional derivative for linesearch""}, {""start"": 5, ""success"": false, ""objective"": 31809.863323856498, ""message"": ""Positive directional derivative for linesearch""}, {""start"": 6, ""success"": true, ""objective"": 31809.86329309606, ""message"": ""Optimization terminated successfully""}, {""start"": 7, ""success"": true, ""objective"": 31809.863290245656, ""message"": ""Optimization terminated successfully""}, {""start"": 8, ""success"": true, ""objective"": 31809.863290327332, ""message"": ""Optimization terminated successfully""}, {""start"": 9, ""success"": false, ""objective"": 31809.86350869413, ""message"": ""Positive directional derivative for linesearch""}, {""start"": 10, ""success"": false, ""objective"": 31809.86384778386, ""message"": ""Positive directional derivative for linesearch""}, {""start"": 11, ""success"": false, ""objective"": 31809.863312738675, ""message"": ""Positive directional derivative for linesearch""}, {""start"": 12, ""success"": false, ""objective"": 31809.863303275328, ""message"": ""Positive directional derivative for linesearch""}, {""start"": 13, ""success"": false, ""objective"": 31809.863290593195, ""message"": ""Positive directional derivative for linesearch""}, {""start"": 14, ""success"": true, ""objective"": 31809.86329112849, ""message"": ""Optimization terminated successfully""}, {""start"": 15, ""success"": false, ""objective"": 31809.863756900704, ""message"": ""Positive directional derivative for linesearch""}, {""start"": 16, ""success"": true, ""objective"": 31809.86329024461, ""message"": ""Optimization terminated successfully""}]}"
d2,1,DK2,slsqp_mse,gem_global,9.55253553112164e-15,0.0,127.9007682180358,True,Optimization terminated successfully,"{""optimized_objective"": ""mse"", ""optimized_objective_value"": 31809.86329024461, ""attempts"": [{""start"": 1, ""success"": true, ""objective"": 31809.863290418612, ""message"": ""Optimization terminated successfully""}, {""start"": 2, ""success"": true, ""objective"": 31809.863290445657, ""message"": ""Optimization terminated successfully""}, {""start"": 3, ""success"": false, ""objective"": 31809.863292201495, ""message"": ""Positive directional derivative for linesearch""}, {""start"": 4, ""success"": false, ""objective"": 31809.863290349167, ""message"": ""Positive directional derivative for linesearch""}, {""start"": 5, ""success"": false, ""objective"": 31809.863323856498, ""message"": ""Positive directional derivative for linesearch""}, {""start"": 6, ""success"": true, ""objective"": 31809.86329309606, ""message"": ""Optimization terminated successfully""}, {""start"": 7, ""success"": true, ""objective"": 31809.863290245656, ""message"": ""Optimization terminated successfully""}, {""start"": 8, ""success"": true, ""objective"": 31809.863290327332, ""message"": ""Optimization terminated successfully""}, {""start"": 9, ""success"": false, ""objective"": 31809.86350869413, ""message"": ""Positive directional derivative for linesearch""}, {""start"": 10, ""success"": false, ""objective"": 31809.86384778386, ""message"": ""Positive directional derivative for linesearch""}, {""start"": 11, ""success"": false, ""objective"": 31809.863312738675, ""message"": ""Positive directional derivative for linesearch""}, {""start"": 12, ""success"": false, ""objective"": 31809.863303275328, ""message"": ""Positive directional derivative for linesearch""}, {""start"": 13, ""success"": false, ""objective"": 31809.863290593195, ""message"": ""Positive directional derivative for linesearch""}, {""start"": 14, ""success"": true, ""objective"": 31809.86329112849, ""message"": ""Optimization terminated successfully""}, {""start"": 15, ""success"": false, ""objective"": 31809.863756900704, ""message"": ""Positive directional derivative for linesearch""}, {""start"": 16, ""success"": true, ""objective"": 31809.86329024461, ""message"": ""Optimization terminated successfully""}]}"
d2,1,DK2,slsqp_mse,jma_gsm,0.4507959867676991,0.0,127.9007682180358,True,Optimization terminated successfully,"{""optimized_objective"": ""mse"", ""optimized_objective_value"": 31809.86329024461, ""attempts"": [{""start"": 1, ""success"": true, ""objective"": 31809.863290418612, ""message"": ""Optimization terminated successfully""}, {""start"": 2, ""success"": true, ""objective"": 31809.863290445657, ""message"": ""Optimization terminated successfully""}, {""start"": 3, ""success"": false, ""objective"": 31809.863292201495, ""message"": ""Positive directional derivative for linesearch""}, {""start"": 4, ""success"": false, ""objective"": 31809.863290349167, ""message"": ""Positive directional derivative for linesearch""}, {""start"": 5, ""success"": false, ""objective"": 31809.863323856498, ""message"": ""Positive directional derivative for linesearch""}, {""start"": 6, ""success"": true, ""objective"": 31809.86329309606, ""message"": ""Optimization terminated successfully""}, {""start"": 7, ""success"": true, ""objective"": 31809.863290245656, ""message"": ""Optimization terminated successfully""}, {""start"": 8, ""success"": true, ""objective"": 31809.863290327332, ""message"": ""Optimization terminated successfully""}, {""start"": 9, ""success"": false, ""objective"": 31809.86350869413, ""message"": ""Positive directional derivative for linesearch""}, {""start"": 10, ""success"": false, ""objective"": 31809.86384778386, ""message"": ""Positive directional derivative for linesearch""}, {""start"": 11, ""success"": false, ""objective"": 31809.863312738675, ""message"": ""Positive directional derivative for linesearch""}, {""start"": 12, ""success"": false, ""objective"": 31809.863303275328, ""message"": ""Positive directional derivative for linesearch""}, {""start"": 13, ""success"": false, ""objective"": 31809.863290593195, ""message"": ""Positive directional derivative for linesearch""}, {""start"": 14, ""success"": true, ""objective"": 31809.86329112849, ""message"": ""Optimization terminated successfully""}, {""start"": 15, ""success"": false, ""objective"": 31809.863756900704, ""message"": ""Positive directional derivative for linesearch""}, {""start"": 16, ""success"": true, ""objective"": 31809.86329024461, ""message"": ""Optimization terminated successfully""}]}"
d2,1,DK2,slsqp_mae_median_intercept,gfs,0.15099118812868498,10.086888755551566,127.16184305365367,True,secondary_median_intercept_robustness,"{""base_method"": ""slsqp_mae""}"
d2,1,DK2,slsqp_mae_median_intercept,icon_eu,1.7767451578151458e-18,10.086888755551566,127.16184305365367,True,secondary_median_intercept_robustness,"{""base_method"": ""slsqp_mae""}"
d2,1,DK2,slsqp_mae_median_intercept,ecmwf,0.4835454174510451,10.086888755551566,127.16184305365367,True,secondary_median_intercept_robustness,"{""base_method"": ""slsqp_mae""}"
d2,1,DK2,slsqp_mae_median_intercept,gem_global,6.837473385092552e-14,10.086888755551566,127.16184305365367,True,secondary_median_intercept_robustness,"{""base_method"": ""slsqp_mae""}"
d2,1,DK2,slsqp_mae_median_intercept,jma_gsm,0.3654633944202015,10.086888755551566,127.16184305365367,True,secondary_median_intercept_robustness,"{""base_method"": ""slsqp_mae""}"
d2,2,DK1,equal_weight,gfs,0.2,0.0,370.71224464075823,True,closed_form,null
d2,2,DK1,equal_weight,icon_eu,0.2,0.0,370.71224464075823,True,closed_form,null
d2,2,DK1,equal_weight,ecmwf,0.2,0.0,370.71224464075823,True,closed_form,null
d2,2,DK1,equal_weight,gem_global,0.2,0.0,370.71224464075823,True,closed_form,null
d2,2,DK1,equal_weight,jma_gsm,0.2,0.0,370.71224464075823,True,closed_form,null
d2,2,DK1,best_validation_expert,gfs,0.0,0.0,404.066663133981,True,one_hot_lowest_validation_mae,"{""best_position"": 2, ""expert_mae"": [483.01515755440107, 460.36720889809203, 404.066663133981, 429.60973693876, 477.63684681832785]}"
d2,2,DK1,best_validation_expert,icon_eu,0.0,0.0,404.066663133981,True,one_hot_lowest_validation_mae,"{""best_position"": 2, ""expert_mae"": [483.01515755440107, 460.36720889809203, 404.066663133981, 429.60973693876, 477.63684681832785]}"
d2,2,DK1,best_validation_expert,ecmwf,1.0,0.0,404.066663133981,True,one_hot_lowest_validation_mae,"{""best_position"": 2, ""expert_mae"": [483.01515755440107, 460.36720889809203, 404.066663133981, 429.60973693876, 477.63684681832785]}"
d2,2,DK1,best_validation_expert,gem_global,0.0,0.0,404.066663133981,True,one_hot_lowest_validation_mae,"{""best_position"": 2, ""expert_mae"": [483.01515755440107, 460.36720889809203, 404.066663133981, 429.60973693876, 477.63684681832785]}"
d2,2,DK1,best_validation_expert,jma_gsm,0.0,0.0,404.066663133981,True,one_hot_lowest_validation_mae,"{""best_position"": 2, ""expert_mae"": [483.01515755440107, 460.36720889809203, 404.066663133981, 429.60973693876, 477.63684681832785]}"
d2,2,DK1,inverse_mae,gfs,0.18586835631316795,0.0,369.520381851518,True,inverse_validation_mae,"{""expert_mae"": [483.01515755440107, 460.36720889809203, 404.066663133981, 429.60973693876, 477.63684681832785]}"
d2,2,DK1,inverse_mae,icon_eu,0.195012224314969,0.0,369.520381851518,True,inverse_validation_mae,"{""expert_mae"": [483.01515755440107, 460.36720889809203, 404.066663133981, 429.60973693876, 477.63684681832785]}"
d2,2,DK1,inverse_mae,ecmwf,0.22218421265515473,0.0,369.520381851518,True,inverse_validation_mae,"{""expert_mae"": [483.01515755440107, 460.36720889809203, 404.066663133981, 429.60973693876, 477.63684681832785]}"
d2,2,DK1,inverse_mae,gem_global,0.20897392607642148,0.0,369.520381851518,True,inverse_validation_mae,"{""expert_mae"": [483.01515755440107, 460.36720889809203, 404.066663133981, 429.60973693876, 477.63684681832785]}"
d2,2,DK1,inverse_mae,jma_gsm,0.1879612806402869,0.0,369.520381851518,True,inverse_validation_mae,"{""expert_mae"": [483.01515755440107, 460.36720889809203, 404.066663133981, 429.60973693876, 477.63684681832785]}"
d2,2,DK1,dirichlet_mae,gfs,0.07988305018693416,0.0,361.9004794950921,True,random_search_complete,"{""draws_evaluated"": 30000, ""alphas"": [0.3, 1.0, 3.0]}"
d2,2,DK1,dirichlet_mae,icon_eu,0.22890975939769495,0.0,361.9004794950921,True,random_search_complete,"{""draws_evaluated"": 30000, ""alphas"": [0.3, 1.0, 3.0]}"
d2,2,DK1,dirichlet_mae,ecmwf,0.3569198501670916,0.0,361.9004794950921,True,random_search_complete,"{""draws_evaluated"": 30000, ""alphas"": [0.3, 1.0, 3.0]}"
d2,2,DK1,dirichlet_mae,gem_global,0.31293282724170457,0.0,361.9004794950921,True,random_search_complete,"{""draws_evaluated"": 30000, ""alphas"": [0.3, 1.0, 3.0]}"
d2,2,DK1,dirichlet_mae,jma_gsm,0.02135451300657474,0.0,361.9004794950921,True,random_search_complete,"{""draws_evaluated"": 30000, ""alphas"": [0.3, 1.0, 3.0]}"
d2,2,DK1,slsqp_mae,gfs,0.10418847966694682,0.0,361.5412175994225,True,Optimization terminated successfully,"{""optimized_objective"": ""mae"", ""optimized_objective_value"": 361.5412175994225, ""attempts"": [{""start"": 1, ""success"": true, ""objective"": 361.54122437472415, ""message"": ""Optimization terminated successfully""}, {""start"": 2, ""success"": true, ""objective"": 361.54122348359994, ""message"": ""Optimization terminated successfully""}, {""start"": 3, ""success"": true, ""objective"": 361.5413112176421, ""message"": ""Optimization terminated successfully""}, {""start"": 4, ""success"": true, ""objective"": 361.5412218840192, ""message"": ""Optimization terminated successfully""}, {""start"": 5, ""success"": true, ""objective"": 361.54122008132845, ""message"": ""Optimization terminated successfully""}, {""start"": 6, ""success"": true, ""objective"": 361.542336418063, ""message"": ""Optimization terminated successfully""}, {""start"": 7, ""success"": true, ""objective"": 361.541233716547, ""message"": ""Optimization terminated successfully""}, {""start"": 8, ""success"": true, ""objective"": 361.5413366289459, ""message"": ""Optimization terminated successfully""}, {""start"": 9, ""success"": true, ""objective"": 361.5412264078495, ""message"": ""Optimization terminated successfully""}, {""start"": 10, ""success"": true, ""objective"": 361.54132587268964, ""message"": ""Optimization terminated successfully""}, {""start"": 11, ""success"": true, ""objective"": 361.54122417382825, ""message"": ""Optimization terminated successfully""}, {""start"": 12, ""success"": true, ""objective"": 361.54122878035594, ""message"": ""Optimization terminated successfully""}, {""start"": 13, ""success"": true, ""objective"": 361.5412175994225, ""message"": ""Optimization terminated successfully""}, {""start"": 14, ""success"": true, ""objective"": 361.5412255306772, ""message"": ""Optimization terminated successfully""}, {""start"": 15, ""success"": true, ""objective"": 361.54121840707603, ""message"": ""Optimization terminated successfully""}, {""start"": 16, ""success"": true, ""objective"": 361.5412185802681, ""message"": ""Optimization terminated successfully""}]}"
d2,2,DK1,slsqp_mae,icon_eu,0.24604263299730977,0.0,361.5412175994225,True,Optimization terminated successfully,"{""optimized_objective"": ""mae"", ""optimized_objective_value"": 361.5412175994225, ""attempts"": [{""start"": 1, ""success"": true, ""objective"": 361.54122437472415, ""message"": ""Optimization terminated successfully""}, {""start"": 2, ""success"": true, ""objective"": 361.54122348359994, ""message"": ""Optimization terminated successfully""}, {""start"": 3, ""success"": true, ""objective"": 361.5413112176421, ""message"": ""Optimization terminated successfully""}, {""start"": 4, ""success"": true, ""objective"": 361.5412218840192, ""message"": ""Optimization terminated successfully""}, {""start"": 5, ""success"": true, ""objective"": 361.54122008132845, ""message"": ""Optimization terminated successfully""}, {""start"": 6, ""success"": true, ""objective"": 361.542336418063, ""message"": ""Optimization terminated successfully""}, {""start"": 7, ""success"": true, ""objective"": 361.541233716547, ""message"": ""Optimization terminated successfully""}, {""start"": 8, ""success"": true, ""objective"": 361.5413366289459, ""message"": ""Optimization terminated successfully""}, {""start"": 9, ""success"": true, ""objective"": 361.5412264078495, ""message"": ""Optimization terminated successfully""}, {""start"": 10, ""success"": true, ""objective"": 361.54132587268964, ""message"": ""Optimization terminated successfully""}, {""start"": 11, ""success"": true, ""objective"": 361.54122417382825, ""message"": ""Optimization terminated successfully""}, {""start"": 12, ""success"": true, ""objective"": 361.54122878035594, ""message"": ""Optimization terminated successfully""}, {""start"": 13, ""success"": true, ""objective"": 361.5412175994225, ""message"": ""Optimization terminated successfully""}, {""start"": 14, ""success"": true, ""objective"": 361.5412255306772, ""message"": ""Optimization terminated successfully""}, {""start"": 15, ""success"": true, ""objective"": 361.54121840707603, ""message"": ""Optimization terminated successfully""}, {""start"": 16, ""success"": true, ""objective"": 361.5412185802681, ""message"": ""Optimization terminated successfully""}]}"
d2,2,DK1,slsqp_mae,ecmwf,0.3614924951551816,0.0,361.5412175994225,True,Optimization terminated successfully,"{""optimized_objective"": ""mae"", ""optimized_objective_value"": 361.5412175994225, ""attempts"": [{""start"": 1, ""success"": true, ""objective"": 361.54122437472415, ""message"": ""Optimization terminated successfully""}, {""start"": 2, ""success"": true, ""objective"": 361.54122348359994, ""message"": ""Optimization terminated successfully""}, {""start"": 3, ""success"": true, ""objective"": 361.5413112176421, ""message"": ""Optimization terminated successfully""}, {""start"": 4, ""success"": true, ""objective"": 361.5412218840192, ""message"": ""Optimization terminated successfully""}, {""start"": 5, ""success"": true, ""objective"": 361.54122008132845, ""message"": ""Optimization terminated successfully""}, {""start"": 6, ""success"": true, ""objective"": 361.542336418063, ""message"": ""Optimization terminated successfully""}, {""start"": 7, ""success"": true, ""objective"": 361.541233716547, ""message"": ""Optimization terminated successfully""}, {""start"": 8, ""success"": true, ""objective"": 361.5413366289459, ""message"": ""Optimization terminated successfully""}, {""start"": 9, ""success"": true, ""objective"": 361.5412264078495, ""message"": ""Optimization terminated successfully""}, {""start"": 10, ""success"": true, ""objective"": 361.54132587268964, ""message"": ""Optimization terminated successfully""}, {""start"": 11, ""success"": true, ""objective"": 361.54122417382825, ""message"": ""Optimization terminated successfully""}, {""start"": 12, ""success"": true, ""objective"": 361.54122878035594, ""message"": ""Optimization terminated successfully""}, {""start"": 13, ""success"": true, ""objective"": 361.5412175994225, ""message"": ""Optimization terminated successfully""}, {""start"": 14, ""success"": true, ""objective"": 361.5412255306772, ""message"": ""Optimization terminated successfully""}, {""start"": 15, ""success"": true, ""objective"": 361.54121840707603, ""message"": ""Optimization terminated successfully""}, {""start"": 16, ""success"": true, ""objective"": 361.5412185802681, ""message"": ""Optimization terminated successfully""}]}"
d2,2,DK1,slsqp_mae,gem_global,0.28827639218056184,0.0,361.5412175994225,True,Optimization terminated successfully,"{""optimized_objective"": ""mae"", ""optimized_objective_value"": 361.5412175994225, ""attempts"": [{""start"": 1, ""success"": true, ""objective"": 361.54122437472415, ""message"": ""Optimization terminated successfully""}, {""start"": 2, ""success"": true, ""objective"": 361.54122348359994, ""message"": ""Optimization terminated successfully""}, {""start"": 3, ""success"": true, ""objective"": 361.5413112176421, ""message"": ""Optimization terminated successfully""}, {""start"": 4, ""success"": true, ""objective"": 361.5412218840192, ""message"": ""Optimization terminated successfully""}, {""start"": 5, ""success"": true, ""objective"": 361.54122008132845, ""message"": ""Optimization terminated successfully""}, {""start"": 6, ""success"": true, ""objective"": 361.542336418063, ""message"": ""Optimization terminated successfully""}, {""start"": 7, ""success"": true, ""objective"": 361.541233716547, ""message"": ""Optimization terminated successfully""}, {""start"": 8, ""success"": true, ""objective"": 361.5413366289459, ""message"": ""Optimization terminated successfully""}, {""start"": 9, ""success"": true, ""objective"": 361.5412264078495, ""message"": ""Optimization terminated successfully""}, {""start"": 10, ""success"": true, ""objective"": 361.54132587268964, ""message"": ""Optimization terminated successfully""}, {""start"": 11, ""success"": true, ""objective"": 361.54122417382825, ""message"": ""Optimization terminated successfully""}, {""start"": 12, ""success"": true, ""objective"": 361.54122878035594, ""message"": ""Optimization terminated successfully""}, {""start"": 13, ""success"": true, ""objective"": 361.5412175994225, ""message"": ""Optimization terminated successfully""}, {""start"": 14, ""success"": true, ""objective"": 361.5412255306772, ""message"": ""Optimization terminated successfully""}, {""start"": 15, ""success"": true, ""objective"": 361.54121840707603, ""message"": ""Optimization terminated successfully""}, {""start"": 16, ""success"": true, ""objective"": 361.5412185802681, ""message"": ""Optimization terminated successfully""}]}"
d2,2,DK1,slsqp_mae,jma_gsm,2.1717343271506975e-18,0.0,361.5412175994225,True,Optimization terminated successfully,"{""optimized_objective"": ""mae"", ""optimized_objective_value"": 361.5412175994225, ""attempts"": [{""start"": 1, ""success"": true, ""objective"": 361.54122437472415, ""message"": ""Optimization terminated successfully""}, {""start"": 2, ""success"": true, ""objective"": 361.54122348359994, ""message"": ""Optimization terminated successfully""}, {""start"": 3, ""success"": true, ""objective"": 361.5413112176421, ""message"": ""Optimization terminated successfully""}, {""start"": 4, ""success"": true, ""objective"": 361.5412218840192, ""message"": ""Optimization terminated successfully""}, {""start"": 5, ""success"": true, ""objective"": 361.54122008132845, ""message"": ""Optimization terminated successfully""}, {""start"": 6, ""success"": true, ""objective"": 361.542336418063, ""message"": ""Optimization terminated successfully""}, {""start"": 7, ""success"": true, ""objective"": 361.541233716547, ""message"": ""Optimization terminated successfully""}, {""start"": 8, ""success"": true, ""objective"": 361.5413366289459, ""message"": ""Optimization terminated successfully""}, {""start"": 9, ""success"": true, ""objective"": 361.5412264078495, ""message"": ""Optimization terminated successfully""}, {""start"": 10, ""success"": true, ""objective"": 361.54132587268964, ""message"": ""Optimization terminated successfully""}, {""start"": 11, ""success"": true, ""objective"": 361.54122417382825, ""message"": ""Optimization terminated successfully""}, {""start"": 12, ""success"": true, ""objective"": 361.54122878035594, ""message"": ""Optimization terminated successfully""}, {""start"": 13, ""success"": true, ""objective"": 361.5412175994225, ""message"": ""Optimization terminated successfully""}, {""start"": 14, ""success"": true, ""objective"": 361.5412255306772, ""message"": ""Optimization terminated successfully""}, {""start"": 15, ""success"": true, ""objective"": 361.54121840707603, ""message"": ""Optimization terminated successfully""}, {""start"": 16, ""success"": true, ""objective"": 361.5412185802681, ""message"": ""Optimization terminated successfully""}]}"
d2,2,DK1,slsqp_mse,gfs,0.12256706418424164,0.0,362.61432299335473,True,Optimization terminated successfully,"{""optimized_objective"": ""mse"", ""optimized_objective_value"": 241215.35210109552, ""attempts"": [{""start"": 1, ""success"": true, ""objective"": 241215.352101096, ""message"": ""Optimization terminated successfully""}, {""start"": 2, ""success"": true, ""objective"": 241215.35210112872, ""message"": ""Optimization terminated successfully""}, {""start"": 3, ""success"": true, ""objective"": 241215.3521012479, ""message"": ""Optimization terminated successfully""}, {""start"": 4, ""success"": true, ""objective"": 241215.3521012126, ""message"": ""Optimization terminated successfully""}, {""start"": 5, ""success"": true, ""objective"": 241215.35210110576, ""message"": ""Optimization terminated successfully""}, {""start"": 6, ""success"": false, ""objective"": 241215.8905790406, ""message"": ""Positive directional derivative for linesearch""}, {""start"": 7, ""success"": true, ""objective"": 241215.35210112427, ""message"": ""Optimization terminated successfully""}, {""start"": 8, ""success"": false, ""objective"": 241215.37995606157, ""message"": ""Positive directional derivative for linesearch""}, {""start"": 9, ""success"": true, ""objective"": 241215.3521010994, ""message"": ""Optimization terminated successfully""}, {""start"": 10, ""success"": false, ""objective"": 241215.36921303679, ""message"": ""Positive directional derivative for linesearch""}, {""start"": 11, ""success"": false, ""objective"": 241215.38006640936, ""message"": ""Positive directional derivative for linesearch""}, {""start"": 12, ""success"": false, ""objective"": 241215.40606986475, ""message"": ""Positive directional derivative for linesearch""}, {""start"": 13, ""success"": true, ""objective"": 241215.35210109552, ""message"": ""Optimization terminated successfully""}, {""start"": 14, ""success"": false, ""objective"": 241215.93409200734, ""message"": ""Positive directional derivative for linesearch""}, {""start"": 15, ""success"": false, ""objective"": 241215.36486230968, ""message"": ""Positive directional derivative for linesearch""}, {""start"": 16, ""success"": false, ""objective"": 241215.4006663873, ""message"": ""Positive directional derivative for linesearch""}]}"
d2,2,DK1,slsqp_mse,icon_eu,0.2628962475308417,0.0,362.61432299335473,True,Optimization terminated successfully,"{""optimized_objective"": ""mse"", ""optimized_objective_value"": 241215.35210109552, ""attempts"": [{""start"": 1, ""success"": true, ""objective"": 241215.352101096, ""message"": ""Optimization terminated successfully""}, {""start"": 2, ""success"": true, ""objective"": 241215.35210112872, ""message"": ""Optimization terminated successfully""}, {""start"": 3, ""success"": true, ""objective"": 241215.3521012479, ""message"": ""Optimization terminated successfully""}, {""start"": 4, ""success"": true, ""objective"": 241215.3521012126, ""message"": ""Optimization terminated successfully""}, {""start"": 5, ""success"": true, ""objective"": 241215.35210110576, ""message"": ""Optimization terminated successfully""}, {""start"": 6, ""success"": false, ""objective"": 241215.8905790406, ""message"": ""Positive directional derivative for linesearch""}, {""start"": 7, ""success"": true, ""objective"": 241215.35210112427, ""message"": ""Optimization terminated successfully""}, {""start"": 8, ""success"": false, ""objective"": 241215.37995606157, ""message"": ""Positive directional derivative for linesearch""}, {""start"": 9, ""success"": true, ""objective"": 241215.3521010994, ""message"": ""Optimization terminated successfully""}, {""start"": 10, ""success"": false, ""objective"": 241215.36921303679, ""message"": ""Positive directional derivative for linesearch""}, {""start"": 11, ""success"": false, ""objective"": 241215.38006640936, ""message"": ""Positive directional derivative for linesearch""}, {""start"": 12, ""success"": false, ""objective"": 241215.40606986475, ""message"": ""Positive directional derivative for linesearch""}, {""start"": 13, ""success"": true, ""objective"": 241215.35210109552, ""message"": ""Optimization terminated successfully""}, {""start"": 14, ""success"": false, ""objective"": 241215.93409200734, ""message"": ""Positive directional derivative for linesearch""}, {""start"": 15, ""success"": false, ""objective"": 241215.36486230968, ""message"": ""Positive directional derivative for linesearch""}, {""start"": 16, ""success"": false, ""objective"": 241215.4006663873, ""message"": ""Positive directional derivative for linesearch""}]}"
d2,2,DK1,slsqp_mse,ecmwf,0.261530516649901,0.0,362.61432299335473,True,Optimization terminated successfully,"{""optimized_objective"": ""mse"", ""optimized_objective_value"": 241215.35210109552, ""attempts"": [{""start"": 1, ""success"": true, ""objective"": 241215.352101096, ""message"": ""Optimization terminated successfully""}, {""start"": 2, ""success"": true, ""objective"": 241215.35210112872, ""message"": ""Optimization terminated successfully""}, {""start"": 3, ""success"": true, ""objective"": 241215.3521012479, ""message"": ""Optimization terminated successfully""}, {""start"": 4, ""success"": true, ""objective"": 241215.3521012126, ""message"": ""Optimization terminated successfully""}, {""start"": 5, ""success"": true, ""objective"": 241215.35210110576, ""message"": ""Optimization terminated successfully""}, {""start"": 6, ""success"": false, ""objective"": 241215.8905790406, ""message"": ""Positive directional derivative for linesearch""}, {""start"": 7, ""success"": true, ""objective"": 241215.35210112427, ""message"": ""Optimization terminated successfully""}, {""start"": 8, ""success"": false, ""objective"": 241215.37995606157, ""message"": ""Positive directional derivative for linesearch""}, {""start"": 9, ""success"": true, ""objective"": 241215.3521010994, ""message"": ""Optimization terminated successfully""}, {""start"": 10, ""success"": false, ""objective"": 241215.36921303679, ""message"": ""Positive directional derivative for linesearch""}, {""start"": 11, ""success"": false, ""objective"": 241215.38006640936, ""message"": ""Positive directional derivative for linesearch""}, {""start"": 12, ""success"": false, ""objective"": 241215.40606986475, ""message"": ""Positive directional derivative for linesearch""}, {""start"": 13, ""success"": true, ""objective"": 241215.35210109552, ""message"": ""Optimization terminated successfully""}, {""start"": 14, ""success"": false, ""objective"": 241215.93409200734, ""message"": ""Positive directional derivative for linesearch""}, {""start"": 15, ""success"": false, ""objective"": 241215.36486230968, ""message"": ""Positive directional derivative for linesearch""}, {""start"": 16, ""success"": false, ""objective"": 241215.4006663873, ""message"": ""Positive directional derivative for linesearch""}]}"
d2,2,DK1,slsqp_mse,gem_global,0.3530061716350156,0.0,362.61432299335473,True,Optimization terminated successfully,"{""optimized_objective"": ""mse"", ""optimized_objective_value"": 241215.35210109552, ""attempts"": [{""start"": 1, ""success"": true, ""objective"": 241215.352101096, ""message"": ""Optimization terminated successfully""}, {""start"": 2, ""success"": true, ""objective"": 241215.35210112872, ""message"": ""Optimization terminated successfully""}, {""start"": 3, ""success"": true, ""objective"": 241215.3521012479, ""message"": ""Optimization terminated successfully""}, {""start"": 4, ""success"": true, ""objective"": 241215.3521012126, ""message"": ""Optimization terminated successfully""}, {""start"": 5, ""success"": true, ""objective"": 241215.35210110576, ""message"": ""Optimization terminated successfully""}, {""start"": 6, ""success"": false, ""objective"": 241215.8905790406, ""message"": ""Positive directional derivative for linesearch""}, {""start"": 7, ""success"": true, ""objective"": 241215.35210112427, ""message"": ""Optimization terminated successfully""}, {""start"": 8, ""success"": false, ""objective"": 241215.37995606157, ""message"": ""Positive directional derivative for linesearch""}, {""start"": 9, ""success"": true, ""objective"": 241215.3521010994, ""message"": ""Optimization terminated successfully""}, {""start"": 10, ""success"": false, ""objective"": 241215.36921303679, ""message"": ""Positive directional derivative for linesearch""}, {""start"": 11, ""success"": false, ""objective"": 241215.38006640936, ""message"": ""Positive directional derivative for linesearch""}, {""start"": 12, ""success"": false, ""objective"": 241215.40606986475, ""message"": ""Positive directional derivative for linesearch""}, {""start"": 13, ""success"": true, ""objective"": 241215.35210109552, ""message"": ""Optimization terminated successfully""}, {""start"": 14, ""success"": false, ""objective"": 241215.93409200734, ""message"": ""Positive directional derivative for linesearch""}, {""start"": 15, ""success"": false, ""objective"": 241215.36486230968, ""message"": ""Positive directional derivative for linesearch""}, {""start"": 16, ""success"": false, ""objective"": 241215.4006663873, ""message"": ""Positive directional derivative for linesearch""}]}"
d2,2,DK1,slsqp_mse,jma_gsm,0.0,0.0,362.61432299335473,True,Optimization terminated successfully,"{""optimized_objective"": ""mse"", ""optimized_objective_value"": 241215.35210109552, ""attempts"": [{""start"": 1, ""success"": true, ""objective"": 241215.352101096, ""message"": ""Optimization terminated successfully""}, {""start"": 2, ""success"": true, ""objective"": 241215.35210112872, ""message"": ""Optimization terminated successfully""}, {""start"": 3, ""success"": true, ""objective"": 241215.3521012479, ""message"": ""Optimization terminated successfully""}, {""start"": 4, ""success"": true, ""objective"": 241215.3521012126, ""message"": ""Optimization terminated successfully""}, {""start"": 5, ""success"": true, ""objective"": 241215.35210110576, ""message"": ""Optimization terminated successfully""}, {""start"": 6, ""success"": false, ""objective"": 241215.8905790406, ""message"": ""Positive directional derivative for linesearch""}, {""start"": 7, ""success"": true, ""objective"": 241215.35210112427, ""message"": ""Optimization terminated successfully""}, {""start"": 8, ""success"": false, ""objective"": 241215.37995606157, ""message"": ""Positive directional derivative for linesearch""}, {""start"": 9, ""success"": true, ""objective"": 241215.3521010994, ""message"": ""Optimization terminated successfully""}, {""start"": 10, ""success"": false, ""objective"": 241215.36921303679, ""message"": ""Positive directional derivative for linesearch""}, {""start"": 11, ""success"": false, ""objective"": 241215.38006640936, ""message"": ""Positive directional derivative for linesearch""}, {""start"": 12, ""success"": false, ""objective"": 241215.40606986475, ""message"": ""Positive directional derivative for linesearch""}, {""start"": 13, ""success"": true, ""objective"": 241215.35210109552, ""message"": ""Optimization terminated successfully""}, {""start"": 14, ""success"": false, ""objective"": 241215.93409200734, ""message"": ""Positive directional derivative for linesearch""}, {""start"": 15, ""success"": false, ""objective"": 241215.36486230968, ""message"": ""Positive directional derivative for linesearch""}, {""start"": 16, ""success"": false, ""objective"": 241215.4006663873, ""message"": ""Positive directional derivative for linesearch""}]}"
d2,2,DK1,slsqp_mae_median_intercept,gfs,0.10418847966694682,72.84029655676704,356.51462488833624,True,secondary_median_intercept_robustness,"{""base_method"": ""slsqp_mae""}"
d2,2,DK1,slsqp_mae_median_intercept,icon_eu,0.24604263299730977,72.84029655676704,356.51462488833624,True,secondary_median_intercept_robustness,"{""base_method"": ""slsqp_mae""}"
d2,2,DK1,slsqp_mae_median_intercept,ecmwf,0.3614924951551816,72.84029655676704,356.51462488833624,True,secondary_median_intercept_robustness,"{""base_method"": ""slsqp_mae""}"
d2,2,DK1,slsqp_mae_median_intercept,gem_global,0.28827639218056184,72.84029655676704,356.51462488833624,True,secondary_median_intercept_robustness,"{""base_method"": ""slsqp_mae""}"
d2,2,DK1,slsqp_mae_median_intercept,jma_gsm,2.1717343271506975e-18,72.84029655676704,356.51462488833624,True,secondary_median_intercept_robustness,"{""base_method"": ""slsqp_mae""}"
d2,2,DK2,equal_weight,gfs,0.2,0.0,172.88968209997054,True,closed_form,null
d2,2,DK2,equal_weight,icon_eu,0.2,0.0,172.88968209997054,True,closed_form,null
d2,2,DK2,equal_weight,ecmwf,0.2,0.0,172.88968209997054,True,closed_form,null
d2,2,DK2,equal_weight,gem_global,0.2,0.0,172.88968209997054,True,closed_form,null
d2,2,DK2,equal_weight,jma_gsm,0.2,0.0,172.88968209997054,True,closed_form,null
d2,2,DK2,best_validation_expert,gfs,0.0,0.0,179.96827260054988,True,one_hot_lowest_validation_mae,"{""best_position"": 2, ""expert_mae"": [193.71449450656678, 189.35273937388897, 179.96827260054988, 187.19966987353257, 197.01181645113132]}"
d2,2,DK2,best_validation_expert,icon_eu,0.0,0.0,179.96827260054988,True,one_hot_lowest_validation_mae,"{""best_position"": 2, ""expert_mae"": [193.71449450656678, 189.35273937388897, 179.96827260054988, 187.19966987353257, 197.01181645113132]}"
d2,2,DK2,best_validation_expert,ecmwf,1.0,0.0,179.96827260054988,True,one_hot_lowest_validation_mae,"{""best_position"": 2, ""expert_mae"": [193.71449450656678, 189.35273937388897, 179.96827260054988, 187.19966987353257, 197.01181645113132]}"
d2,2,DK2,best_validation_expert,gem_global,0.0,0.0,179.96827260054988,True,one_hot_lowest_validation_mae,"{""best_position"": 2, ""expert_mae"": [193.71449450656678, 189.35273937388897, 179.96827260054988, 187.19966987353257, 197.01181645113132]}"
d2,2,DK2,best_validation_expert,jma_gsm,0.0,0.0,179.96827260054988,True,one_hot_lowest_validation_mae,"{""best_position"": 2, ""expert_mae"": [193.71449450656678, 189.35273937388897, 179.96827260054988, 187.19966987353257, 197.01181645113132]}"
d2,2,DK2,inverse_mae,gfs,0.19540863017529628,0.0,172.7269200207843,True,inverse_validation_mae,"{""expert_mae"": [193.71449450656678, 189.35273937388897, 179.96827260054988, 187.19966987353257, 197.01181645113132]}"
d2,2,DK2,inverse_mae,icon_eu,0.19990988322508005,0.0,172.7269200207843,True,inverse_validation_mae,"{""expert_mae"": [193.71449450656678, 189.35273937388897, 179.96827260054988, 187.19966987353257, 197.01181645113132]}"
d2,2,DK2,inverse_mae,ecmwf,0.21033420763279168,0.0,172.7269200207843,True,inverse_validation_mae,"{""expert_mae"": [193.71449450656678, 189.35273937388897, 179.96827260054988, 187.19966987353257, 197.01181645113132]}"
d2,2,DK2,inverse_mae,gem_global,0.20220913873476934,0.0,172.7269200207843,True,inverse_validation_mae,"{""expert_mae"": [193.71449450656678, 189.35273937388897, 179.96827260054988, 187.19966987353257, 197.01181645113132]}"
d2,2,DK2,inverse_mae,jma_gsm,0.19213814023206274,0.0,172.7269200207843,True,inverse_validation_mae,"{""expert_mae"": [193.71449450656678, 189.35273937388897, 179.96827260054988, 187.19966987353257, 197.01181645113132]}"
d2,2,DK2,dirichlet_mae,gfs,0.13016947530969697,0.0,170.30829498179207,True,random_search_complete,"{""draws_evaluated"": 30000, ""alphas"": [0.3, 1.0, 3.0]}"
d2,2,DK2,dirichlet_mae,icon_eu,0.22460592584978895,0.0,170.30829498179207,True,random_search_complete,"{""draws_evaluated"": 30000, ""alphas"": [0.3, 1.0, 3.0]}"
d2,2,DK2,dirichlet_mae,ecmwf,0.3098427774848984,0.0,170.30829498179207,True,random_search_complete,"{""draws_evaluated"": 30000, ""alphas"": [0.3, 1.0, 3.0]}"
d2,2,DK2,dirichlet_mae,gem_global,0.3347650414127906,0.0,170.30829498179207,True,random_search_complete,"{""draws_evaluated"": 30000, ""alphas"": [0.3, 1.0, 3.0]}"
d2,2,DK2,dirichlet_mae,jma_gsm,0.000616779942824877,0.0,170.30829498179207,True,random_search_complete,"{""draws_evaluated"": 30000, ""alphas"": [0.3, 1.0, 3.0]}"
d2,2,DK2,slsqp_mae,gfs,0.11062721148817282,0.0,170.26978562139823,True,Optimization terminated successfully,"{""optimized_objective"": ""mae"", ""optimized_objective_value"": 170.26978562139823, ""attempts"": [{""start"": 1, ""success"": true, ""objective"": 170.26978563184076, ""message"": ""Optimization terminated successfully""}, {""start"": 2, ""success"": true, ""objective"": 170.26985855700963, ""message"": ""Optimization terminated successfully""}, {""start"": 3, ""success"": true, ""objective"": 170.26978562478266, ""message"": ""Optimization terminated successfully""}, {""start"": 4, ""success"": true, ""objective"": 170.2697856328241, ""message"": ""Optimization terminated successfully""}, {""start"": 5, ""success"": true, ""objective"": 170.26978703133003, ""message"": ""Optimization terminated successfully""}, {""start"": 6, ""success"": true, ""objective"": 170.26978566568044, ""message"": ""Optimization terminated successfully""}, {""start"": 7, ""success"": true, ""objective"": 170.26978630257318, ""message"": ""Optimization terminated successfully""}, {""start"": 8, ""success"": true, ""objective"": 170.26978562612345, ""message"": ""Optimization terminated successfully""}, {""start"": 9, ""success"": true, ""objective"": 170.26978562712515, ""message"": ""Optimization terminated successfully""}, {""start"": 10, ""success"": true, ""objective"": 170.2697856216008, ""message"": ""Optimization terminated successfully""}, {""start"": 11, ""success"": true, ""objective"": 170.26978562414874, ""message"": ""Optimization terminated successfully""}, {""start"": 12, ""success"": true, ""objective"": 170.26978562982154, ""message"": ""Optimization terminated successfully""}, {""start"": 13, ""success"": true, ""objective"": 170.26978562139823, ""message"": ""Optimization terminated successfully""}, {""start"": 14, ""success"": true, ""objective"": 170.26978564706098, ""message"": ""Optimization terminated successfully""}, {""start"": 15, ""success"": true, ""objective"": 170.26978568386818, ""message"": ""Optimization terminated successfully""}, {""start"": 16, ""success"": true, ""objective"": 170.2697963813884, ""message"": ""Optimization terminated successfully""}]}"
d2,2,DK2,slsqp_mae,icon_eu,0.23454406978578718,0.0,170.26978562139823,True,Optimization terminated successfully,"{""optimized_objective"": ""mae"", ""optimized_objective_value"": 170.26978562139823, ""attempts"": [{""start"": 1, ""success"": true, ""objective"": 170.26978563184076, ""message"": ""Optimization terminated successfully""}, {""start"": 2, ""success"": true, ""objective"": 170.26985855700963, ""message"": ""Optimization terminated successfully""}, {""start"": 3, ""success"": true, ""objective"": 170.26978562478266, ""message"": ""Optimization terminated successfully""}, {""start"": 4, ""success"": true, ""objective"": 170.2697856328241, ""message"": ""Optimization terminated successfully""}, {""start"": 5, ""success"": true, ""objective"": 170.26978703133003, ""message"": ""Optimization terminated successfully""}, {""start"": 6, ""success"": true, ""objective"": 170.26978566568044, ""message"": ""Optimization terminated successfully""}, {""start"": 7, ""success"": true, ""objective"": 170.26978630257318, ""message"": ""Optimization terminated successfully""}, {""start"": 8, ""success"": true, ""objective"": 170.26978562612345, ""message"": ""Optimization terminated successfully""}, {""start"": 9, ""success"": true, ""objective"": 170.26978562712515, ""message"": ""Optimization terminated successfully""}, {""start"": 10, ""success"": true, ""objective"": 170.2697856216008, ""message"": ""Optimization terminated successfully""}, {""start"": 11, ""success"": true, ""objective"": 170.26978562414874, ""message"": ""Optimization terminated successfully""}, {""start"": 12, ""success"": true, ""objective"": 170.26978562982154, ""message"": ""Optimization terminated successfully""}, {""start"": 13, ""success"": true, ""objective"": 170.26978562139823, ""message"": ""Optimization terminated successfully""}, {""start"": 14, ""success"": true, ""objective"": 170.26978564706098, ""message"": ""Optimization terminated successfully""}, {""start"": 15, ""success"": true, ""objective"": 170.26978568386818, ""message"": ""Optimization terminated successfully""}, {""start"": 16, ""success"": true, ""objective"": 170.2697963813884, ""message"": ""Optimization terminated successfully""}]}"
d2,2,DK2,slsqp_mae,ecmwf,0.3280995153577863,0.0,170.26978562139823,True,Optimization terminated successfully,"{""optimized_objective"": ""mae"", ""optimized_objective_value"": 170.26978562139823, ""attempts"": [{""start"": 1, ""success"": true, ""objective"": 170.26978563184076, ""message"": ""Optimization terminated successfully""}, {""start"": 2, ""success"": true, ""objective"": 170.26985855700963, ""message"": ""Optimization terminated successfully""}, {""start"": 3, ""success"": true, ""objective"": 170.26978562478266, ""message"": ""Optimization terminated successfully""}, {""start"": 4, ""success"": true, ""objective"": 170.2697856328241, ""message"": ""Optimization terminated successfully""}, {""start"": 5, ""success"": true, ""objective"": 170.26978703133003, ""message"": ""Optimization terminated successfully""}, {""start"": 6, ""success"": true, ""objective"": 170.26978566568044, ""message"": ""Optimization terminated successfully""}, {""start"": 7, ""success"": true, ""objective"": 170.26978630257318, ""message"": ""Optimization terminated successfully""}, {""start"": 8, ""success"": true, ""objective"": 170.26978562612345, ""message"": ""Optimization terminated successfully""}, {""start"": 9, ""success"": true, ""objective"": 170.26978562712515, ""message"": ""Optimization terminated successfully""}, {""start"": 10, ""success"": true, ""objective"": 170.2697856216008, ""message"": ""Optimization terminated successfully""}, {""start"": 11, ""success"": true, ""objective"": 170.26978562414874, ""message"": ""Optimization terminated successfully""}, {""start"": 12, ""success"": true, ""objective"": 170.26978562982154, ""message"": ""Optimization terminated successfully""}, {""start"": 13, ""success"": true, ""objective"": 170.26978562139823, ""message"": ""Optimization terminated successfully""}, {""start"": 14, ""success"": true, ""objective"": 170.26978564706098, ""message"": ""Optimization terminated successfully""}, {""start"": 15, ""success"": true, ""objective"": 170.26978568386818, ""message"": ""Optimization terminated successfully""}, {""start"": 16, ""success"": true, ""objective"": 170.2697963813884, ""message"": ""Optimization terminated successfully""}]}"
d2,2,DK2,slsqp_mae,gem_global,0.3267292033682531,0.0,170.26978562139823,True,Optimization terminated successfully,"{""optimized_objective"": ""mae"", ""optimized_objective_value"": 170.26978562139823, ""attempts"": [{""start"": 1, ""success"": true, ""objective"": 170.26978563184076, ""message"": ""Optimization terminated successfully""}, {""start"": 2, ""success"": true, ""objective"": 170.26985855700963, ""message"": ""Optimization terminated successfully""}, {""start"": 3, ""success"": true, ""objective"": 170.26978562478266, ""message"": ""Optimization terminated successfully""}, {""start"": 4, ""success"": true, ""objective"": 170.2697856328241, ""message"": ""Optimization terminated successfully""}, {""start"": 5, ""success"": true, ""objective"": 170.26978703133003, ""message"": ""Optimization terminated successfully""}, {""start"": 6, ""success"": true, ""objective"": 170.26978566568044, ""message"": ""Optimization terminated successfully""}, {""start"": 7, ""success"": true, ""objective"": 170.26978630257318, ""message"": ""Optimization terminated successfully""}, {""start"": 8, ""success"": true, ""objective"": 170.26978562612345, ""message"": ""Optimization terminated successfully""}, {""start"": 9, ""success"": true, ""objective"": 170.26978562712515, ""message"": ""Optimization terminated successfully""}, {""start"": 10, ""success"": true, ""objective"": 170.2697856216008, ""message"": ""Optimization terminated successfully""}, {""start"": 11, ""success"": true, ""objective"": 170.26978562414874, ""message"": ""Optimization terminated successfully""}, {""start"": 12, ""success"": true, ""objective"": 170.26978562982154, ""message"": ""Optimization terminated successfully""}, {""start"": 13, ""success"": true, ""objective"": 170.26978562139823, ""message"": ""Optimization terminated successfully""}, {""start"": 14, ""success"": true, ""objective"": 170.26978564706098, ""message"": ""Optimization terminated successfully""}, {""start"": 15, ""success"": true, ""objective"": 170.26978568386818, ""message"": ""Optimization terminated successfully""}, {""start"": 16, ""success"": true, ""objective"": 170.2697963813884, ""message"": ""Optimization terminated successfully""}]}"
d2,2,DK2,slsqp_mae,jma_gsm,4.375958116661208e-16,0.0,170.26978562139823,True,Optimization terminated successfully,"{""optimized_objective"": ""mae"", ""optimized_objective_value"": 170.26978562139823, ""attempts"": [{""start"": 1, ""success"": true, ""objective"": 170.26978563184076, ""message"": ""Optimization terminated successfully""}, {""start"": 2, ""success"": true, ""objective"": 170.26985855700963, ""message"": ""Optimization terminated successfully""}, {""start"": 3, ""success"": true, ""objective"": 170.26978562478266, ""message"": ""Optimization terminated successfully""}, {""start"": 4, ""success"": true, ""objective"": 170.2697856328241, ""message"": ""Optimization terminated successfully""}, {""start"": 5, ""success"": true, ""objective"": 170.26978703133003, ""message"": ""Optimization terminated successfully""}, {""start"": 6, ""success"": true, ""objective"": 170.26978566568044, ""message"": ""Optimization terminated successfully""}, {""start"": 7, ""success"": true, ""objective"": 170.26978630257318, ""message"": ""Optimization terminated successfully""}, {""start"": 8, ""success"": true, ""objective"": 170.26978562612345, ""message"": ""Optimization terminated successfully""}, {""start"": 9, ""success"": true, ""objective"": 170.26978562712515, ""message"": ""Optimization terminated successfully""}, {""start"": 10, ""success"": true, ""objective"": 170.2697856216008, ""message"": ""Optimization terminated successfully""}, {""start"": 11, ""success"": true, ""objective"": 170.26978562414874, ""message"": ""Optimization terminated successfully""}, {""start"": 12, ""success"": true, ""objective"": 170.26978562982154, ""message"": ""Optimization terminated successfully""}, {""start"": 13, ""success"": true, ""objective"": 170.26978562139823, ""message"": ""Optimization terminated successfully""}, {""start"": 14, ""success"": true, ""objective"": 170.26978564706098, ""message"": ""Optimization terminated successfully""}, {""start"": 15, ""success"": true, ""objective"": 170.26978568386818, ""message"": ""Optimization terminated successfully""}, {""start"": 16, ""success"": true, ""objective"": 170.2697963813884, ""message"": ""Optimization terminated successfully""}]}"
d2,2,DK2,slsqp_mse,gfs,0.23770439643851557,0.0,171.23992240756218,False,Positive directional derivative for linesearch,"{""optimized_objective"": ""mse"", ""optimized_objective_value"": 51637.60038465591, ""attempts"": [{""start"": 1, ""success"": true, ""objective"": 51637.60167397204, ""message"": ""Optimization terminated successfully""}, {""start"": 2, ""success"": false, ""objective"": 51637.60038465591, ""message"": ""Positive directional derivative for linesearch""}, {""start"": 3, ""success"": false, ""objective"": 51637.60039496658, ""message"": ""Positive directional derivative for linesearch""}, {""start"": 4, ""success"": false, ""objective"": 51637.60038920159, ""message"": ""Positive directional derivative for linesearch""}, {""start"": 5, ""success"": false, ""objective"": 51637.60039865662, ""message"": ""Positive directional derivative for linesearch""}, {""start"": 6, ""success"": false, ""objective"": 51637.60599785942, ""message"": ""Positive directional derivative for linesearch""}, {""start"": 7, ""success"": true, ""objective"": 51637.60067874785, ""message"": ""Optimization terminated successfully""}, {""start"": 8, ""success"": false, ""objective"": 51637.60076611045, ""message"": ""Positive directional derivative for linesearch""}, {""start"": 9, ""success"": true, ""objective"": 51637.600842534586, ""message"": ""Optimization terminated successfully""}, {""start"": 10, ""success"": true, ""objective"": 51637.600733613464, ""message"": ""Optimization terminated successfully""}, {""start"": 11, ""success"": false, ""objective"": 51637.60038497167, ""message"": ""Positive directional derivative for linesearch""}, {""start"": 12, ""success"": false, ""objective"": 51637.60038866962, ""message"": ""Positive directional derivative for linesearch""}, {""start"": 13, ""success"": false, ""objective"": 51637.60041445084, ""message"": ""Positive directional derivative for linesearch""}, {""start"": 14, ""success"": false, ""objective"": 51637.6004237132, ""message"": ""Positive directional derivative for linesearch""}, {""start"": 15, ""success"": false, ""objective"": 51637.60042447772, ""message"": ""Positive directional derivative for linesearch""}, {""start"": 16, ""success"": false, ""objective"": 51637.600385698526, ""message"": ""Positive directional derivative for linesearch""}]}"
d2,2,DK2,slsqp_mse,icon_eu,0.23400879879462502,0.0,171.23992240756218,False,Positive directional derivative for linesearch,"{""optimized_objective"": ""mse"", ""optimized_objective_value"": 51637.60038465591, ""attempts"": [{""start"": 1, ""success"": true, ""objective"": 51637.60167397204, ""message"": ""Optimization terminated successfully""}, {""start"": 2, ""success"": false, ""objective"": 51637.60038465591, ""message"": ""Positive directional derivative for linesearch""}, {""start"": 3, ""success"": false, ""objective"": 51637.60039496658, ""message"": ""Positive directional derivative for linesearch""}, {""start"": 4, ""success"": false, ""objective"": 51637.60038920159, ""message"": ""Positive directional derivative for linesearch""}, {""start"": 5, ""success"": false, ""objective"": 51637.60039865662, ""message"": ""Positive directional derivative for linesearch""}, {""start"": 6, ""success"": false, ""objective"": 51637.60599785942, ""message"": ""Positive directional derivative for linesearch""}, {""start"": 7, ""success"": true, ""objective"": 51637.60067874785, ""message"": ""Optimization terminated successfully""}, {""start"": 8, ""success"": false, ""objective"": 51637.60076611045, ""message"": ""Positive directional derivative for linesearch""}, {""start"": 9, ""success"": true, ""objective"": 51637.600842534586, ""message"": ""Optimization terminated successfully""}, {""start"": 10, ""success"": true, ""objective"": 51637.600733613464, ""message"": ""Optimization terminated successfully""}, {""start"": 11, ""success"": false, ""objective"": 51637.60038497167, ""message"": ""Positive directional derivative for linesearch""}, {""start"": 12, ""success"": false, ""objective"": 51637.60038866962, ""message"": ""Positive directional derivative for linesearch""}, {""start"": 13, ""success"": false, ""objective"": 51637.60041445084, ""message"": ""Positive directional derivative for linesearch""}, {""start"": 14, ""success"": false, ""objective"": 51637.6004237132, ""message"": ""Positive directional derivative for linesearch""}, {""start"": 15, ""success"": false, ""objective"": 51637.60042447772, ""message"": ""Positive directional derivative for linesearch""}, {""start"": 16, ""success"": false, ""objective"": 51637.600385698526, ""message"": ""Positive directional derivative for linesearch""}]}"
d2,2,DK2,slsqp_mse,ecmwf,0.20098688762422076,0.0,171.23992240756218,False,Positive directional derivative for linesearch,"{""optimized_objective"": ""mse"", ""optimized_objective_value"": 51637.60038465591, ""attempts"": [{""start"": 1, ""success"": true, ""objective"": 51637.60167397204, ""message"": ""Optimization terminated successfully""}, {""start"": 2, ""success"": false, ""objective"": 51637.60038465591, ""message"": ""Positive directional derivative for linesearch""}, {""start"": 3, ""success"": false, ""objective"": 51637.60039496658, ""message"": ""Positive directional derivative for linesearch""}, {""start"": 4, ""success"": false, ""objective"": 51637.60038920159, ""message"": ""Positive directional derivative for linesearch""}, {""start"": 5, ""success"": false, ""objective"": 51637.60039865662, ""message"": ""Positive directional derivative for linesearch""}, {""start"": 6, ""success"": false, ""objective"": 51637.60599785942, ""message"": ""Positive directional derivative for linesearch""}, {""start"": 7, ""success"": true, ""objective"": 51637.60067874785, ""message"": ""Optimization terminated successfully""}, {""start"": 8, ""success"": false, ""objective"": 51637.60076611045, ""message"": ""Positive directional derivative for linesearch""}, {""start"": 9, ""success"": true, ""objective"": 51637.600842534586, ""message"": ""Optimization terminated successfully""}, {""start"": 10, ""success"": true, ""objective"": 51637.600733613464, ""message"": ""Optimization terminated successfully""}, {""start"": 11, ""success"": false, ""objective"": 51637.60038497167, ""message"": ""Positive directional derivative for linesearch""}, {""start"": 12, ""success"": false, ""objective"": 51637.60038866962, ""message"": ""Positive directional derivative for linesearch""}, {""start"": 13, ""success"": false, ""objective"": 51637.60041445084, ""message"": ""Positive directional derivative for linesearch""}, {""start"": 14, ""success"": false, ""objective"": 51637.6004237132, ""message"": ""Positive directional derivative for linesearch""}, {""start"": 15, ""success"": false, ""objective"": 51637.60042447772, ""message"": ""Positive directional derivative for linesearch""}, {""start"": 16, ""success"": false, ""objective"": 51637.600385698526, ""message"": ""Positive directional derivative for linesearch""}]}"
d2,2,DK2,slsqp_mse,gem_global,0.32729991714263873,0.0,171.23992240756218,False,Positive directional derivative for linesearch,"{""optimized_objective"": ""mse"", ""optimized_objective_value"": 51637.60038465591, ""attempts"": [{""start"": 1, ""success"": true, ""objective"": 51637.60167397204, ""message"": ""Optimization terminated successfully""}, {""start"": 2, ""success"": false, ""objective"": 51637.60038465591, ""message"": ""Positive directional derivative for linesearch""}, {""start"": 3, ""success"": false, ""objective"": 51637.60039496658, ""message"": ""Positive directional derivative for linesearch""}, {""start"": 4, ""success"": false, ""objective"": 51637.60038920159, ""message"": ""Positive directional derivative for linesearch""}, {""start"": 5, ""success"": false, ""objective"": 51637.60039865662, ""message"": ""Positive directional derivative for linesearch""}, {""start"": 6, ""success"": false, ""objective"": 51637.60599785942, ""message"": ""Positive directional derivative for linesearch""}, {""start"": 7, ""success"": true, ""objective"": 51637.60067874785, ""message"": ""Optimization terminated successfully""}, {""start"": 8, ""success"": false, ""objective"": 51637.60076611045, ""message"": ""Positive directional derivative for linesearch""}, {""start"": 9, ""success"": true, ""objective"": 51637.600842534586, ""message"": ""Optimization terminated successfully""}, {""start"": 10, ""success"": true, ""objective"": 51637.600733613464, ""message"": ""Optimization terminated successfully""}, {""start"": 11, ""success"": false, ""objective"": 51637.60038497167, ""message"": ""Positive directional derivative for linesearch""}, {""start"": 12, ""success"": false, ""objective"": 51637.60038866962, ""message"": ""Positive directional derivative for linesearch""}, {""start"": 13, ""success"": false, ""objective"": 51637.60041445084, ""message"": ""Positive directional derivative for linesearch""}, {""start"": 14, ""success"": false, ""objective"": 51637.6004237132, ""message"": ""Positive directional derivative for linesearch""}, {""start"": 15, ""success"": false, ""objective"": 51637.60042447772, ""message"": ""Positive directional derivative for linesearch""}, {""start"": 16, ""success"": false, ""objective"": 51637.600385698526, ""message"": ""Positive directional derivative for linesearch""}]}"
d2,2,DK2,slsqp_mse,jma_gsm,0.0,0.0,171.23992240756218,False,Positive directional derivative for linesearch,"{""optimized_objective"": ""mse"", ""optimized_objective_value"": 51637.60038465591, ""attempts"": [{""start"": 1, ""success"": true, ""objective"": 51637.60167397204, ""message"": ""Optimization terminated successfully""}, {""start"": 2, ""success"": false, ""objective"": 51637.60038465591, ""message"": ""Positive directional derivative for linesearch""}, {""start"": 3, ""success"": false, ""objective"": 51637.60039496658, ""message"": ""Positive directional derivative for linesearch""}, {""start"": 4, ""success"": false, ""objective"": 51637.60038920159, ""message"": ""Positive directional derivative for linesearch""}, {""start"": 5, ""success"": false, ""objective"": 51637.60039865662, ""message"": ""Positive directional derivative for linesearch""}, {""start"": 6, ""success"": false, ""objective"": 51637.60599785942, ""message"": ""Positive directional derivative for linesearch""}, {""start"": 7, ""success"": true, ""objective"": 51637.60067874785, ""message"": ""Optimization terminated successfully""}, {""start"": 8, ""success"": false, ""objective"": 51637.60076611045, ""message"": ""Positive directional derivative for linesearch""}, {""start"": 9, ""success"": true, ""objective"": 51637.600842534586, ""message"": ""Optimization terminated successfully""}, {""start"": 10, ""success"": true, ""objective"": 51637.600733613464, ""message"": ""Optimization terminated successfully""}, {""start"": 11, ""success"": false, ""objective"": 51637.60038497167, ""message"": ""Positive directional derivative for linesearch""}, {""start"": 12, ""success"": false, ""objective"": 51637.60038866962, ""message"": ""Positive directional derivative for linesearch""}, {""start"": 13, ""success"": false, ""objective"": 51637.60041445084, ""message"": ""Positive directional derivative for linesearch""}, {""start"": 14, ""success"": false, ""objective"": 51637.6004237132, ""message"": ""Positive directional derivative for linesearch""}, {""start"": 15, ""success"": false, ""objective"": 51637.60042447772, ""message"": ""Positive directional derivative for linesearch""}, {""start"": 16, ""success"": false, ""objective"": 51637.600385698526, ""message"": ""Positive directional derivative for linesearch""}]}"
d2,2,DK2,slsqp_mae_median_intercept,gfs,0.11062721148817282,43.104098592989544,166.19226596438793,True,secondary_median_intercept_robustness,"{""base_method"": ""slsqp_mae""}"
d2,2,DK2,slsqp_mae_median_intercept,icon_eu,0.23454406978578718,43.104098592989544,166.19226596438793,True,secondary_median_intercept_robustness,"{""base_method"": ""slsqp_mae""}"
d2,2,DK2,slsqp_mae_median_intercept,ecmwf,0.3280995153577863,43.104098592989544,166.19226596438793,True,secondary_median_intercept_robustness,"{""base_method"": ""slsqp_mae""}"
d2,2,DK2,slsqp_mae_median_intercept,gem_global,0.3267292033682531,43.104098592989544,166.19226596438793,True,secondary_median_intercept_robustness,"{""base_method"": ""slsqp_mae""}"
d2,2,DK2,slsqp_mae_median_intercept,jma_gsm,4.375958116661208e-16,43.104098592989544,166.19226596438793,True,secondary_median_intercept_robustness,"{""base_method"": ""slsqp_mae""}"
d2,3,DK1,equal_weight,gfs,0.2,0.0,437.6864622639466,True,closed_form,null
d2,3,DK1,equal_weight,icon_eu,0.2,0.0,437.6864622639466,True,closed_form,null
d2,3,DK1,equal_weight,ecmwf,0.2,0.0,437.6864622639466,True,closed_form,null
d2,3,DK1,equal_weight,gem_global,0.2,0.0,437.6864622639466,True,closed_form,null
d2,3,DK1,equal_weight,jma_gsm,0.2,0.0,437.6864622639466,True,closed_form,null
d2,3,DK1,best_validation_expert,gfs,0.0,0.0,407.0845826821164,True,one_hot_lowest_validation_mae,"{""best_position"": 2, ""expert_mae"": [483.780379168417, 534.78447201205, 407.0845826821164, 489.06270181634784, 631.9666677994293]}"
d2,3,DK1,best_validation_expert,icon_eu,0.0,0.0,407.0845826821164,True,one_hot_lowest_validation_mae,"{""best_position"": 2, ""expert_mae"": [483.780379168417, 534.78447201205, 407.0845826821164, 489.06270181634784, 631.9666677994293]}"
d2,3,DK1,best_validation_expert,ecmwf,1.0,0.0,407.0845826821164,True,one_hot_lowest_validation_mae,"{""best_position"": 2, ""expert_mae"": [483.780379168417, 534.78447201205, 407.0845826821164, 489.06270181634784, 631.9666677994293]}"
d2,3,DK1,best_validation_expert,gem_global,0.0,0.0,407.0845826821164,True,one_hot_lowest_validation_mae,"{""best_position"": 2, ""expert_mae"": [483.780379168417, 534.78447201205, 407.0845826821164, 489.06270181634784, 631.9666677994293]}"
d2,3,DK1,best_validation_expert,jma_gsm,0.0,0.0,407.0845826821164,True,one_hot_lowest_validation_mae,"{""best_position"": 2, ""expert_mae"": [483.780379168417, 534.78447201205, 407.0845826821164, 489.06270181634784, 631.9666677994293]}"
d2,3,DK1,inverse_mae,gfs,0.20628151221954857,0.0,428.51382601488,True,inverse_validation_mae,"{""expert_mae"": [483.780379168417, 534.78447201205, 407.0845826821164, 489.06270181634784, 631.9666677994293]}"
d2,3,DK1,inverse_mae,icon_eu,0.18660778953012638,0.0,428.51382601488,True,inverse_validation_mae,"{""expert_mae"": [483.780379168417, 534.78447201205, 407.0845826821164, 489.06270181634784, 631.9666677994293]}"
d2,3,DK1,inverse_mae,ecmwf,0.2451454868153205,0.0,428.51382601488,True,inverse_validation_mae,"{""expert_mae"": [483.780379168417, 534.78447201205, 407.0845826821164, 489.06270181634784, 631.9666677994293]}"
d2,3,DK1,inverse_mae,gem_global,0.2040534839937657,0.0,428.51382601488,True,inverse_validation_mae,"{""expert_mae"": [483.780379168417, 534.78447201205, 407.0845826821164, 489.06270181634784, 631.9666677994293]}"
d2,3,DK1,inverse_mae,jma_gsm,0.15791172744123874,0.0,428.51382601488,True,inverse_validation_mae,"{""expert_mae"": [483.780379168417, 534.78447201205, 407.0845826821164, 489.06270181634784, 631.9666677994293]}"
d2,3,DK1,dirichlet_mae,gfs,0.2300289372603066,0.0,392.0806702143782,True,random_search_complete,"{""draws_evaluated"": 30000, ""alphas"": [0.3, 1.0, 3.0]}"
d2,3,DK1,dirichlet_mae,icon_eu,0.00849456869645255,0.0,392.0806702143782,True,random_search_complete,"{""draws_evaluated"": 30000, ""alphas"": [0.3, 1.0, 3.0]}"
d2,3,DK1,dirichlet_mae,ecmwf,0.6791579766074194,0.0,392.0806702143782,True,random_search_complete,"{""draws_evaluated"": 30000, ""alphas"": [0.3, 1.0, 3.0]}"
d2,3,DK1,dirichlet_mae,gem_global,0.08231671694519037,0.0,392.0806702143782,True,random_search_complete,"{""draws_evaluated"": 30000, ""alphas"": [0.3, 1.0, 3.0]}"
d2,3,DK1,dirichlet_mae,jma_gsm,1.8004906310169497e-06,0.0,392.0806702143782,True,random_search_complete,"{""draws_evaluated"": 30000, ""alphas"": [0.3, 1.0, 3.0]}"
d2,3,DK1,slsqp_mae,gfs,0.22870900906324257,0.0,391.7803993526271,True,Optimization terminated successfully,"{""optimized_objective"": ""mae"", ""optimized_objective_value"": 391.7803993526271, ""attempts"": [{""start"": 1, ""success"": true, ""objective"": 391.780399530212, ""message"": ""Optimization terminated successfully""}, {""start"": 2, ""success"": true, ""objective"": 391.78039948780327, ""message"": ""Optimization terminated successfully""}, {""start"": 3, ""success"": true, ""objective"": 391.78040033078463, ""message"": ""Optimization terminated successfully""}, {""start"": 4, ""success"": true, ""objective"": 391.78040405929465, ""message"": ""Optimization terminated successfully""}, {""start"": 5, ""success"": true, ""objective"": 391.7803999429035, ""message"": ""Optimization terminated successfully""}, {""start"": 6, ""success"": true, ""objective"": 391.78040124337076, ""message"": ""Optimization terminated successfully""}, {""start"": 7, ""success"": true, ""objective"": 391.7803993526271, ""message"": ""Optimization terminated successfully""}, {""start"": 8, ""success"": true, ""objective"": 391.7803996928104, ""message"": ""Optimization terminated successfully""}, {""start"": 9, ""success"": true, ""objective"": 391.780403067265, ""message"": ""Optimization terminated successfully""}, {""start"": 10, ""success"": true, ""objective"": 391.78040027597655, ""message"": ""Optimization terminated successfully""}, {""start"": 11, ""success"": true, ""objective"": 391.78039954322594, ""message"": ""Optimization terminated successfully""}, {""start"": 12, ""success"": true, ""objective"": 391.78039935600657, ""message"": ""Optimization terminated successfully""}, {""start"": 13, ""success"": true, ""objective"": 391.7803995200459, ""message"": ""Optimization terminated successfully""}, {""start"": 14, ""success"": true, ""objective"": 391.78039972009276, ""message"": ""Optimization terminated successfully""}, {""start"": 15, ""success"": true, ""objective"": 391.7804013884402, ""message"": ""Optimization terminated successfully""}, {""start"": 16, ""success"": true, ""objective"": 391.7804013564585, ""message"": ""Optimization terminated successfully""}]}"
d2,3,DK1,slsqp_mae,icon_eu,9.39226052607647e-13,0.0,391.7803993526271,True,Optimization terminated successfully,"{""optimized_objective"": ""mae"", ""optimized_objective_value"": 391.7803993526271, ""attempts"": [{""start"": 1, ""success"": true, ""objective"": 391.780399530212, ""message"": ""Optimization terminated successfully""}, {""start"": 2, ""success"": true, ""objective"": 391.78039948780327, ""message"": ""Optimization terminated successfully""}, {""start"": 3, ""success"": true, ""objective"": 391.78040033078463, ""message"": ""Optimization terminated successfully""}, {""start"": 4, ""success"": true, ""objective"": 391.78040405929465, ""message"": ""Optimization terminated successfully""}, {""start"": 5, ""success"": true, ""objective"": 391.7803999429035, ""message"": ""Optimization terminated successfully""}, {""start"": 6, ""success"": true, ""objective"": 391.78040124337076, ""message"": ""Optimization terminated successfully""}, {""start"": 7, ""success"": true, ""objective"": 391.7803993526271, ""message"": ""Optimization terminated successfully""}, {""start"": 8, ""success"": true, ""objective"": 391.7803996928104, ""message"": ""Optimization terminated successfully""}, {""start"": 9, ""success"": true, ""objective"": 391.780403067265, ""message"": ""Optimization terminated successfully""}, {""start"": 10, ""success"": true, ""objective"": 391.78040027597655, ""message"": ""Optimization terminated successfully""}, {""start"": 11, ""success"": true, ""objective"": 391.78039954322594, ""message"": ""Optimization terminated successfully""}, {""start"": 12, ""success"": true, ""objective"": 391.78039935600657, ""message"": ""Optimization terminated successfully""}, {""start"": 13, ""success"": true, ""objective"": 391.7803995200459, ""message"": ""Optimization terminated successfully""}, {""start"": 14, ""success"": true, ""objective"": 391.78039972009276, ""message"": ""Optimization terminated successfully""}, {""start"": 15, ""success"": true, ""objective"": 391.7804013884402, ""message"": ""Optimization terminated successfully""}, {""start"": 16, ""success"": true, ""objective"": 391.7804013564585, ""message"": ""Optimization terminated successfully""}]}"
d2,3,DK1,slsqp_mae,ecmwf,0.6960847845059676,0.0,391.7803993526271,True,Optimization terminated successfully,"{""optimized_objective"": ""mae"", ""optimized_objective_value"": 391.7803993526271, ""attempts"": [{""start"": 1, ""success"": true, ""objective"": 391.780399530212, ""message"": ""Optimization terminated successfully""}, {""start"": 2, ""success"": true, ""objective"": 391.78039948780327, ""message"": ""Optimization terminated successfully""}, {""start"": 3, ""success"": true, ""objective"": 391.78040033078463, ""message"": ""Optimization terminated successfully""}, {""start"": 4, ""success"": true, ""objective"": 391.78040405929465, ""message"": ""Optimization terminated successfully""}, {""start"": 5, ""success"": true, ""objective"": 391.7803999429035, ""message"": ""Optimization terminated successfully""}, {""start"": 6, ""success"": true, ""objective"": 391.78040124337076, ""message"": ""Optimization terminated successfully""}, {""start"": 7, ""success"": true, ""objective"": 391.7803993526271, ""message"": ""Optimization terminated successfully""}, {""start"": 8, ""success"": true, ""objective"": 391.7803996928104, ""message"": ""Optimization terminated successfully""}, {""start"": 9, ""success"": true, ""objective"": 391.780403067265, ""message"": ""Optimization terminated successfully""}, {""start"": 10, ""success"": true, ""objective"": 391.78040027597655, ""message"": ""Optimization terminated successfully""}, {""start"": 11, ""success"": true, ""objective"": 391.78039954322594, ""message"": ""Optimization terminated successfully""}, {""start"": 12, ""success"": true, ""objective"": 391.78039935600657, ""message"": ""Optimization terminated successfully""}, {""start"": 13, ""success"": true, ""objective"": 391.7803995200459, ""message"": ""Optimization terminated successfully""}, {""start"": 14, ""success"": true, ""objective"": 391.78039972009276, ""message"": ""Optimization terminated successfully""}, {""start"": 15, ""success"": true, ""objective"": 391.7804013884402, ""message"": ""Optimization terminated successfully""}, {""start"": 16, ""success"": true, ""objective"": 391.7804013564585, ""message"": ""Optimization terminated successfully""}]}"
d2,3,DK1,slsqp_mae,gem_global,0.07520620642693675,0.0,391.7803993526271,True,Optimization terminated successfully,"{""optimized_objective"": ""mae"", ""optimized_objective_value"": 391.7803993526271, ""attempts"": [{""start"": 1, ""success"": true, ""objective"": 391.780399530212, ""message"": ""Optimization terminated successfully""}, {""start"": 2, ""success"": true, ""objective"": 391.78039948780327, ""message"": ""Optimization terminated successfully""}, {""start"": 3, ""success"": true, ""objective"": 391.78040033078463, ""message"": ""Optimization terminated successfully""}, {""start"": 4, ""success"": true, ""objective"": 391.78040405929465, ""message"": ""Optimization terminated successfully""}, {""start"": 5, ""success"": true, ""objective"": 391.7803999429035, ""message"": ""Optimization terminated successfully""}, {""start"": 6, ""success"": true, ""objective"": 391.78040124337076, ""message"": ""Optimization terminated successfully""}, {""start"": 7, ""success"": true, ""objective"": 391.7803993526271, ""message"": ""Optimization terminated successfully""}, {""start"": 8, ""success"": true, ""objective"": 391.7803996928104, ""message"": ""Optimization terminated successfully""}, {""start"": 9, ""success"": true, ""objective"": 391.780403067265, ""message"": ""Optimization terminated successfully""}, {""start"": 10, ""success"": true, ""objective"": 391.78040027597655, ""message"": ""Optimization terminated successfully""}, {""start"": 11, ""success"": true, ""objective"": 391.78039954322594, ""message"": ""Optimization terminated successfully""}, {""start"": 12, ""success"": true, ""objective"": 391.78039935600657, ""message"": ""Optimization terminated successfully""}, {""start"": 13, ""success"": true, ""objective"": 391.7803995200459, ""message"": ""Optimization terminated successfully""}, {""start"": 14, ""success"": true, ""objective"": 391.78039972009276, ""message"": ""Optimization terminated successfully""}, {""start"": 15, ""success"": true, ""objective"": 391.7804013884402, ""message"": ""Optimization terminated successfully""}, {""start"": 16, ""success"": true, ""objective"": 391.7804013564585, ""message"": ""Optimization terminated successfully""}]}"
d2,3,DK1,slsqp_mae,jma_gsm,2.913696119217973e-12,0.0,391.7803993526271,True,Optimization terminated successfully,"{""optimized_objective"": ""mae"", ""optimized_objective_value"": 391.7803993526271, ""attempts"": [{""start"": 1, ""success"": true, ""objective"": 391.780399530212, ""message"": ""Optimization terminated successfully""}, {""start"": 2, ""success"": true, ""objective"": 391.78039948780327, ""message"": ""Optimization terminated successfully""}, {""start"": 3, ""success"": true, ""objective"": 391.78040033078463, ""message"": ""Optimization terminated successfully""}, {""start"": 4, ""success"": true, ""objective"": 391.78040405929465, ""message"": ""Optimization terminated successfully""}, {""start"": 5, ""success"": true, ""objective"": 391.7803999429035, ""message"": ""Optimization terminated successfully""}, {""start"": 6, ""success"": true, ""objective"": 391.78040124337076, ""message"": ""Optimization terminated successfully""}, {""start"": 7, ""success"": true, ""objective"": 391.7803993526271, ""message"": ""Optimization terminated successfully""}, {""start"": 8, ""success"": true, ""objective"": 391.7803996928104, ""message"": ""Optimization terminated successfully""}, {""start"": 9, ""success"": true, ""objective"": 391.780403067265, ""message"": ""Optimization terminated successfully""}, {""start"": 10, ""success"": true, ""objective"": 391.78040027597655, ""message"": ""Optimization terminated successfully""}, {""start"": 11, ""success"": true, ""objective"": 391.78039954322594, ""message"": ""Optimization terminated successfully""}, {""start"": 12, ""success"": true, ""objective"": 391.78039935600657, ""message"": ""Optimization terminated successfully""}, {""start"": 13, ""success"": true, ""objective"": 391.7803995200459, ""message"": ""Optimization terminated successfully""}, {""start"": 14, ""success"": true, ""objective"": 391.78039972009276, ""message"": ""Optimization terminated successfully""}, {""start"": 15, ""success"": true, ""objective"": 391.7804013884402, ""message"": ""Optimization terminated successfully""}, {""start"": 16, ""success"": true, ""objective"": 391.7804013564585, ""message"": ""Optimization terminated successfully""}]}"
d2,3,DK1,slsqp_mse,gfs,0.21834702460172029,0.0,391.8699114559173,True,Optimization terminated successfully,"{""optimized_objective"": ""mse"", ""optimized_objective_value"": 231834.0736613339, ""attempts"": [{""start"": 1, ""success"": false, ""objective"": 231834.84517913917, ""message"": ""Positive directional derivative for linesearch""}, {""start"": 2, ""success"": true, ""objective"": 231834.07366482323, ""message"": ""Optimization terminated successfully""}, {""start"": 3, ""success"": false, ""objective"": 231834.39882685253, ""message"": ""Positive directional derivative for linesearch""}, {""start"": 4, ""success"": false, ""objective"": 231834.0737241048, ""message"": ""Positive directional derivative for linesearch""}, {""start"": 5, ""success"": false, ""objective"": 231834.18913374122, ""message"": ""Positive directional derivative for linesearch""}, {""start"": 6, ""success"": false, ""objective"": 231834.07378249482, ""message"": ""Positive directional derivative for linesearch""}, {""start"": 7, ""success"": false, ""objective"": 231834.07366758975, ""message"": ""Positive directional derivative for linesearch""}, {""start"": 8, ""success"": false, ""objective"": 231834.8241998654, ""message"": ""Positive directional derivative for linesearch""}, {""start"": 9, ""success"": true, ""objective"": 231834.0736613339, ""message"": ""Optimization terminated successfully""}, {""start"": 10, ""success"": false, ""objective"": 231834.0740484558, ""message"": ""Positive directional derivative for linesearch""}, {""start"": 11, ""success"": true, ""objective"": 231834.4624570342, ""message"": ""Optimization terminated successfully""}, {""start"": 12, ""success"": false, ""objective"": 231834.08375419164, ""message"": ""Positive directional derivative for linesearch""}, {""start"": 13, ""success"": false, ""objective"": 231835.02219529633, ""message"": ""Positive directional derivative for linesearch""}, {""start"": 14, ""success"": false, ""objective"": 231834.07484228627, ""message"": ""Positive directional derivative for linesearch""}, {""start"": 15, ""success"": true, ""objective"": 326267.73092239856, ""message"": ""Optimization terminated successfully""}, {""start"": 16, ""success"": true, ""objective"": 231834.07366133656, ""message"": ""Optimization terminated successfully""}]}"
d2,3,DK1,slsqp_mse,icon_eu,6.016366385349625e-16,0.0,391.8699114559173,True,Optimization terminated successfully,"{""optimized_objective"": ""mse"", ""optimized_objective_value"": 231834.0736613339, ""attempts"": [{""start"": 1, ""success"": false, ""objective"": 231834.84517913917, ""message"": ""Positive directional derivative for linesearch""}, {""start"": 2, ""success"": true, ""objective"": 231834.07366482323, ""message"": ""Optimization terminated successfully""}, {""start"": 3, ""success"": false, ""objective"": 231834.39882685253, ""message"": ""Positive directional derivative for linesearch""}, {""start"": 4, ""success"": false, ""objective"": 231834.0737241048, ""message"": ""Positive directional derivative for linesearch""}, {""start"": 5, ""success"": false, ""objective"": 231834.18913374122, ""message"": ""Positive directional derivative for linesearch""}, {""start"": 6, ""success"": false, ""objective"": 231834.07378249482, ""message"": ""Positive directional derivative for linesearch""}, {""start"": 7, ""success"": false, ""objective"": 231834.07366758975, ""message"": ""Positive directional derivative for linesearch""}, {""start"": 8, ""success"": false, ""objective"": 231834.8241998654, ""message"": ""Positive directional derivative for linesearch""}, {""start"": 9, ""success"": true, ""objective"": 231834.0736613339, ""message"": ""Optimization terminated successfully""}, {""start"": 10, ""success"": false, ""objective"": 231834.0740484558, ""message"": ""Positive directional derivative for linesearch""}, {""start"": 11, ""success"": true, ""objective"": 231834.4624570342, ""message"": ""Optimization terminated successfully""}, {""start"": 12, ""success"": false, ""objective"": 231834.08375419164, ""message"": ""Positive directional derivative for linesearch""}, {""start"": 13, ""success"": false, ""objective"": 231835.02219529633, ""message"": ""Positive directional derivative for linesearch""}, {""start"": 14, ""success"": false, ""objective"": 231834.07484228627, ""message"": ""Positive directional derivative for linesearch""}, {""start"": 15, ""success"": true, ""objective"": 326267.73092239856, ""message"": ""Optimization terminated successfully""}, {""start"": 16, ""success"": true, ""objective"": 231834.07366133656, ""message"": ""Optimization terminated successfully""}]}"
d2,3,DK1,slsqp_mse,ecmwf,0.697631990971063,0.0,391.8699114559173,True,Optimization terminated successfully,"{""optimized_objective"": ""mse"", ""optimized_objective_value"": 231834.0736613339, ""attempts"": [{""start"": 1, ""success"": false, ""objective"": 231834.84517913917, ""message"": ""Positive directional derivative for linesearch""}, {""start"": 2, ""success"": true, ""objective"": 231834.07366482323, ""message"": ""Optimization terminated successfully""}, {""start"": 3, ""success"": false, ""objective"": 231834.39882685253, ""message"": ""Positive directional derivative for linesearch""}, {""start"": 4, ""success"": false, ""objective"": 231834.0737241048, ""message"": ""Positive directional derivative for linesearch""}, {""start"": 5, ""success"": false, ""objective"": 231834.18913374122, ""message"": ""Positive directional derivative for linesearch""}, {""start"": 6, ""success"": false, ""objective"": 231834.07378249482, ""message"": ""Positive directional derivative for linesearch""}, {""start"": 7, ""success"": false, ""objective"": 231834.07366758975, ""message"": ""Positive directional derivative for linesearch""}, {""start"": 8, ""success"": false, ""objective"": 231834.8241998654, ""message"": ""Positive directional derivative for linesearch""}, {""start"": 9, ""success"": true, ""objective"": 231834.0736613339, ""message"": ""Optimization terminated successfully""}, {""start"": 10, ""success"": false, ""objective"": 231834.0740484558, ""message"": ""Positive directional derivative for linesearch""}, {""start"": 11, ""success"": true, ""objective"": 231834.4624570342, ""message"": ""Optimization terminated successfully""}, {""start"": 12, ""success"": false, ""objective"": 231834.08375419164, ""message"": ""Positive directional derivative for linesearch""}, {""start"": 13, ""success"": false, ""objective"": 231835.02219529633, ""message"": ""Positive directional derivative for linesearch""}, {""start"": 14, ""success"": false, ""objective"": 231834.07484228627, ""message"": ""Positive directional derivative for linesearch""}, {""start"": 15, ""success"": true, ""objective"": 326267.73092239856, ""message"": ""Optimization terminated successfully""}, {""start"": 16, ""success"": true, ""objective"": 231834.07366133656, ""message"": ""Optimization terminated successfully""}]}"
d2,3,DK1,slsqp_mse,gem_global,0.0840209844272003,0.0,391.8699114559173,True,Optimization terminated successfully,"{""optimized_objective"": ""mse"", ""optimized_objective_value"": 231834.0736613339, ""attempts"": [{""start"": 1, ""success"": false, ""objective"": 231834.84517913917, ""message"": ""Positive directional derivative for linesearch""}, {""start"": 2, ""success"": true, ""objective"": 231834.07366482323, ""message"": ""Optimization terminated successfully""}, {""start"": 3, ""success"": false, ""objective"": 231834.39882685253, ""message"": ""Positive directional derivative for linesearch""}, {""start"": 4, ""success"": false, ""objective"": 231834.0737241048, ""message"": ""Positive directional derivative for linesearch""}, {""start"": 5, ""success"": false, ""objective"": 231834.18913374122, ""message"": ""Positive directional derivative for linesearch""}, {""start"": 6, ""success"": false, ""objective"": 231834.07378249482, ""message"": ""Positive directional derivative for linesearch""}, {""start"": 7, ""success"": false, ""objective"": 231834.07366758975, ""message"": ""Positive directional derivative for linesearch""}, {""start"": 8, ""success"": false, ""objective"": 231834.8241998654, ""message"": ""Positive directional derivative for linesearch""}, {""start"": 9, ""success"": true, ""objective"": 231834.0736613339, ""message"": ""Optimization terminated successfully""}, {""start"": 10, ""success"": false, ""objective"": 231834.0740484558, ""message"": ""Positive directional derivative for linesearch""}, {""start"": 11, ""success"": true, ""objective"": 231834.4624570342, ""message"": ""Optimization terminated successfully""}, {""start"": 12, ""success"": false, ""objective"": 231834.08375419164, ""message"": ""Positive directional derivative for linesearch""}, {""start"": 13, ""success"": false, ""objective"": 231835.02219529633, ""message"": ""Positive directional derivative for linesearch""}, {""start"": 14, ""success"": false, ""objective"": 231834.07484228627, ""message"": ""Positive directional derivative for linesearch""}, {""start"": 15, ""success"": true, ""objective"": 326267.73092239856, ""message"": ""Optimization terminated successfully""}, {""start"": 16, ""success"": true, ""objective"": 231834.07366133656, ""message"": ""Optimization terminated successfully""}]}"
d2,3,DK1,slsqp_mse,jma_gsm,1.5839735252104748e-14,0.0,391.8699114559173,True,Optimization terminated successfully,"{""optimized_objective"": ""mse"", ""optimized_objective_value"": 231834.0736613339, ""attempts"": [{""start"": 1, ""success"": false, ""objective"": 231834.84517913917, ""message"": ""Positive directional derivative for linesearch""}, {""start"": 2, ""success"": true, ""objective"": 231834.07366482323, ""message"": ""Optimization terminated successfully""}, {""start"": 3, ""success"": false, ""objective"": 231834.39882685253, ""message"": ""Positive directional derivative for linesearch""}, {""start"": 4, ""success"": false, ""objective"": 231834.0737241048, ""message"": ""Positive directional derivative for linesearch""}, {""start"": 5, ""success"": false, ""objective"": 231834.18913374122, ""message"": ""Positive directional derivative for linesearch""}, {""start"": 6, ""success"": false, ""objective"": 231834.07378249482, ""message"": ""Positive directional derivative for linesearch""}, {""start"": 7, ""success"": false, ""objective"": 231834.07366758975, ""message"": ""Positive directional derivative for linesearch""}, {""start"": 8, ""success"": false, ""objective"": 231834.8241998654, ""message"": ""Positive directional derivative for linesearch""}, {""start"": 9, ""success"": true, ""objective"": 231834.0736613339, ""message"": ""Optimization terminated successfully""}, {""start"": 10, ""success"": false, ""objective"": 231834.0740484558, ""message"": ""Positive directional derivative for linesearch""}, {""start"": 11, ""success"": true, ""objective"": 231834.4624570342, ""message"": ""Optimization terminated successfully""}, {""start"": 12, ""success"": false, ""objective"": 231834.08375419164, ""message"": ""Positive directional derivative for linesearch""}, {""start"": 13, ""success"": false, ""objective"": 231835.02219529633, ""message"": ""Positive directional derivative for linesearch""}, {""start"": 14, ""success"": false, ""objective"": 231834.07484228627, ""message"": ""Positive directional derivative for linesearch""}, {""start"": 15, ""success"": true, ""objective"": 326267.73092239856, ""message"": ""Optimization terminated successfully""}, {""start"": 16, ""success"": true, ""objective"": 231834.07366133656, ""message"": ""Optimization terminated successfully""}]}"
d2,3,DK1,slsqp_mae_median_intercept,gfs,0.22870900906324257,124.95118473831394,381.5549902228857,True,secondary_median_intercept_robustness,"{""base_method"": ""slsqp_mae""}"
d2,3,DK1,slsqp_mae_median_intercept,icon_eu,9.39226052607647e-13,124.95118473831394,381.5549902228857,True,secondary_median_intercept_robustness,"{""base_method"": ""slsqp_mae""}"
d2,3,DK1,slsqp_mae_median_intercept,ecmwf,0.6960847845059676,124.95118473831394,381.5549902228857,True,secondary_median_intercept_robustness,"{""base_method"": ""slsqp_mae""}"
d2,3,DK1,slsqp_mae_median_intercept,gem_global,0.07520620642693675,124.95118473831394,381.5549902228857,True,secondary_median_intercept_robustness,"{""base_method"": ""slsqp_mae""}"
d2,3,DK1,slsqp_mae_median_intercept,jma_gsm,2.913696119217973e-12,124.95118473831394,381.5549902228857,True,secondary_median_intercept_robustness,"{""base_method"": ""slsqp_mae""}"
d2,3,DK2,equal_weight,gfs,0.2,0.0,147.13770220361357,True,closed_form,null
d2,3,DK2,equal_weight,icon_eu,0.2,0.0,147.13770220361357,True,closed_form,null
d2,3,DK2,equal_weight,ecmwf,0.2,0.0,147.13770220361357,True,closed_form,null
d2,3,DK2,equal_weight,gem_global,0.2,0.0,147.13770220361357,True,closed_form,null
d2,3,DK2,equal_weight,jma_gsm,0.2,0.0,147.13770220361357,True,closed_form,null
d2,3,DK2,best_validation_expert,gfs,0.0,0.0,148.05317314247094,True,one_hot_lowest_validation_mae,"{""best_position"": 2, ""expert_mae"": [175.1160849079553, 165.32266525469308, 148.05317314247094, 186.63489721781224, 177.99609746244275]}"
d2,3,DK2,best_validation_expert,icon_eu,0.0,0.0,148.05317314247094,True,one_hot_lowest_validation_mae,"{""best_position"": 2, ""expert_mae"": [175.1160849079553, 165.32266525469308, 148.05317314247094, 186.63489721781224, 177.99609746244275]}"
d2,3,DK2,best_validation_expert,ecmwf,1.0,0.0,148.05317314247094,True,one_hot_lowest_validation_mae,"{""best_position"": 2, ""expert_mae"": [175.1160849079553, 165.32266525469308, 148.05317314247094, 186.63489721781224, 177.99609746244275]}"
d2,3,DK2,best_validation_expert,gem_global,0.0,0.0,148.05317314247094,True,one_hot_lowest_validation_mae,"{""best_position"": 2, ""expert_mae"": [175.1160849079553, 165.32266525469308, 148.05317314247094, 186.63489721781224, 177.99609746244275]}"
d2,3,DK2,best_validation_expert,jma_gsm,0.0,0.0,148.05317314247094,True,one_hot_lowest_validation_mae,"{""best_position"": 2, ""expert_mae"": [175.1160849079553, 165.32266525469308, 148.05317314247094, 186.63489721781224, 177.99609746244275]}"
d2,3,DK2,inverse_mae,gfs,0.19364340629806254,0.0,146.25529480840407,True,inverse_validation_mae,"{""expert_mae"": [175.1160849079553, 165.32266525469308, 148.05317314247094, 186.63489721781224, 177.99609746244275]}"
d2,3,DK2,inverse_mae,icon_eu,0.20511449610857202,0.0,146.25529480840407,True,inverse_validation_mae,"{""expert_mae"": [175.1160849079553, 165.32266525469308, 148.05317314247094, 186.63489721781224, 177.99609746244275]}"
d2,3,DK2,inverse_mae,ecmwf,0.22903984061301896,0.0,146.25529480840407,True,inverse_validation_mae,"{""expert_mae"": [175.1160849079553, 165.32266525469308, 148.05317314247094, 186.63489721781224, 177.99609746244275]}"
d2,3,DK2,inverse_mae,gem_global,0.18169203983166113,0.0,146.25529480840407,True,inverse_validation_mae,"{""expert_mae"": [175.1160849079553, 165.32266525469308, 148.05317314247094, 186.63489721781224, 177.99609746244275]}"
d2,3,DK2,inverse_mae,jma_gsm,0.1905102171486854,0.0,146.25529480840407,True,inverse_validation_mae,"{""expert_mae"": [175.1160849079553, 165.32266525469308, 148.05317314247094, 186.63489721781224, 177.99609746244275]}"
d2,3,DK2,dirichlet_mae,gfs,0.11269908469597299,0.0,140.91730762388283,True,random_search_complete,"{""draws_evaluated"": 30000, ""alphas"": [0.3, 1.0, 3.0]}"
d2,3,DK2,dirichlet_mae,icon_eu,0.32081992793257136,0.0,140.91730762388283,True,random_search_complete,"{""draws_evaluated"": 30000, ""alphas"": [0.3, 1.0, 3.0]}"
d2,3,DK2,dirichlet_mae,ecmwf,0.5314055456318525,0.0,140.91730762388283,True,random_search_complete,"{""draws_evaluated"": 30000, ""alphas"": [0.3, 1.0, 3.0]}"
d2,3,DK2,dirichlet_mae,gem_global,0.0015985241323931228,0.0,140.91730762388283,True,random_search_complete,"{""draws_evaluated"": 30000, ""alphas"": [0.3, 1.0, 3.0]}"
d2,3,DK2,dirichlet_mae,jma_gsm,0.033476917607210145,0.0,140.91730762388283,True,random_search_complete,"{""draws_evaluated"": 30000, ""alphas"": [0.3, 1.0, 3.0]}"
d2,3,DK2,slsqp_mae,gfs,0.12495323116166954,0.0,140.8479744374597,True,Optimization terminated successfully,"{""optimized_objective"": ""mae"", ""optimized_objective_value"": 140.8479744374597, ""attempts"": [{""start"": 1, ""success"": true, ""objective"": 140.84797445164693, ""message"": ""Optimization terminated successfully""}, {""start"": 2, ""success"": true, ""objective"": 140.84797444598073, ""message"": ""Optimization terminated successfully""}, {""start"": 3, ""success"": true, ""objective"": 140.84862595291392, ""message"": ""Optimization terminated successfully""}, {""start"": 4, ""success"": true, ""objective"": 140.84797444401846, ""message"": ""Optimization terminated successfully""}, {""start"": 5, ""success"": true, ""objective"": 140.84797969722288, ""message"": ""Optimization terminated successfully""}, {""start"": 6, ""success"": true, ""objective"": 140.84797492741785, ""message"": ""Optimization terminated successfully""}, {""start"": 7, ""success"": true, ""objective"": 140.84798289432746, ""message"": ""Optimization terminated successfully""}, {""start"": 8, ""success"": true, ""objective"": 140.84797444348655, ""message"": ""Optimization terminated successfully""}, {""start"": 9, ""success"": true, ""objective"": 140.8479745166526, ""message"": ""Optimization terminated successfully""}, {""start"": 10, ""success"": true, ""objective"": 140.84797445143613, ""message"": ""Optimization terminated successfully""}, {""start"": 11, ""success"": true, ""objective"": 140.84797446798748, ""message"": ""Optimization terminated successfully""}, {""start"": 12, ""success"": true, ""objective"": 140.84797459589552, ""message"": ""Optimization terminated successfully""}, {""start"": 13, ""success"": true, ""objective"": 140.8479745149282, ""message"": ""Optimization terminated successfully""}, {""start"": 14, ""success"": true, ""objective"": 140.84798088517886, ""message"": ""Optimization terminated successfully""}, {""start"": 15, ""success"": true, ""objective"": 140.8479744374597, ""message"": ""Optimization terminated successfully""}, {""start"": 16, ""success"": true, ""objective"": 140.84797444159037, ""message"": ""Optimization terminated successfully""}]}"
d2,3,DK2,slsqp_mae,icon_eu,0.282198312341172,0.0,140.8479744374597,True,Optimization terminated successfully,"{""optimized_objective"": ""mae"", ""optimized_objective_value"": 140.8479744374597, ""attempts"": [{""start"": 1, ""success"": true, ""objective"": 140.84797445164693, ""message"": ""Optimization terminated successfully""}, {""start"": 2, ""success"": true, ""objective"": 140.84797444598073, ""message"": ""Optimization terminated successfully""}, {""start"": 3, ""success"": true, ""objective"": 140.84862595291392, ""message"": ""Optimization terminated successfully""}, {""start"": 4, ""success"": true, ""objective"": 140.84797444401846, ""message"": ""Optimization terminated successfully""}, {""start"": 5, ""success"": true, ""objective"": 140.84797969722288, ""message"": ""Optimization terminated successfully""}, {""start"": 6, ""success"": true, ""objective"": 140.84797492741785, ""message"": ""Optimization terminated successfully""}, {""start"": 7, ""success"": true, ""objective"": 140.84798289432746, ""message"": ""Optimization terminated successfully""}, {""start"": 8, ""success"": true, ""objective"": 140.84797444348655, ""message"": ""Optimization terminated successfully""}, {""start"": 9, ""success"": true, ""objective"": 140.8479745166526, ""message"": ""Optimization terminated successfully""}, {""start"": 10, ""success"": true, ""objective"": 140.84797445143613, ""message"": ""Optimization terminated successfully""}, {""start"": 11, ""success"": true, ""objective"": 140.84797446798748, ""message"": ""Optimization terminated successfully""}, {""start"": 12, ""success"": true, ""objective"": 140.84797459589552, ""message"": ""Optimization terminated successfully""}, {""start"": 13, ""success"": true, ""objective"": 140.8479745149282, ""message"": ""Optimization terminated successfully""}, {""start"": 14, ""success"": true, ""objective"": 140.84798088517886, ""message"": ""Optimization terminated successfully""}, {""start"": 15, ""success"": true, ""objective"": 140.8479744374597, ""message"": ""Optimization terminated successfully""}, {""start"": 16, ""success"": true, ""objective"": 140.84797444159037, ""message"": ""Optimization terminated successfully""}]}"
d2,3,DK2,slsqp_mae,ecmwf,0.5447571971995295,0.0,140.8479744374597,True,Optimization terminated successfully,"{""optimized_objective"": ""mae"", ""optimized_objective_value"": 140.8479744374597, ""attempts"": [{""start"": 1, ""success"": true, ""objective"": 140.84797445164693, ""message"": ""Optimization terminated successfully""}, {""start"": 2, ""success"": true, ""objective"": 140.84797444598073, ""message"": ""Optimization terminated successfully""}, {""start"": 3, ""success"": true, ""objective"": 140.84862595291392, ""message"": ""Optimization terminated successfully""}, {""start"": 4, ""success"": true, ""objective"": 140.84797444401846, ""message"": ""Optimization terminated successfully""}, {""start"": 5, ""success"": true, ""objective"": 140.84797969722288, ""message"": ""Optimization terminated successfully""}, {""start"": 6, ""success"": true, ""objective"": 140.84797492741785, ""message"": ""Optimization terminated successfully""}, {""start"": 7, ""success"": true, ""objective"": 140.84798289432746, ""message"": ""Optimization terminated successfully""}, {""start"": 8, ""success"": true, ""objective"": 140.84797444348655, ""message"": ""Optimization terminated successfully""}, {""start"": 9, ""success"": true, ""objective"": 140.8479745166526, ""message"": ""Optimization terminated successfully""}, {""start"": 10, ""success"": true, ""objective"": 140.84797445143613, ""message"": ""Optimization terminated successfully""}, {""start"": 11, ""success"": true, ""objective"": 140.84797446798748, ""message"": ""Optimization terminated successfully""}, {""start"": 12, ""success"": true, ""objective"": 140.84797459589552, ""message"": ""Optimization terminated successfully""}, {""start"": 13, ""success"": true, ""objective"": 140.8479745149282, ""message"": ""Optimization terminated successfully""}, {""start"": 14, ""success"": true, ""objective"": 140.84798088517886, ""message"": ""Optimization terminated successfully""}, {""start"": 15, ""success"": true, ""objective"": 140.8479744374597, ""message"": ""Optimization terminated successfully""}, {""start"": 16, ""success"": true, ""objective"": 140.84797444159037, ""message"": ""Optimization terminated successfully""}]}"
d2,3,DK2,slsqp_mae,gem_global,6.130726868191161e-15,0.0,140.8479744374597,True,Optimization terminated successfully,"{""optimized_objective"": ""mae"", ""optimized_objective_value"": 140.8479744374597, ""attempts"": [{""start"": 1, ""success"": true, ""objective"": 140.84797445164693, ""message"": ""Optimization terminated successfully""}, {""start"": 2, ""success"": true, ""objective"": 140.84797444598073, ""message"": ""Optimization terminated successfully""}, {""start"": 3, ""success"": true, ""objective"": 140.84862595291392, ""message"": ""Optimization terminated successfully""}, {""start"": 4, ""success"": true, ""objective"": 140.84797444401846, ""message"": ""Optimization terminated successfully""}, {""start"": 5, ""success"": true, ""objective"": 140.84797969722288, ""message"": ""Optimization terminated successfully""}, {""start"": 6, ""success"": true, ""objective"": 140.84797492741785, ""message"": ""Optimization terminated successfully""}, {""start"": 7, ""success"": true, ""objective"": 140.84798289432746, ""message"": ""Optimization terminated successfully""}, {""start"": 8, ""success"": true, ""objective"": 140.84797444348655, ""message"": ""Optimization terminated successfully""}, {""start"": 9, ""success"": true, ""objective"": 140.8479745166526, ""message"": ""Optimization terminated successfully""}, {""start"": 10, ""success"": true, ""objective"": 140.84797445143613, ""message"": ""Optimization terminated successfully""}, {""start"": 11, ""success"": true, ""objective"": 140.84797446798748, ""message"": ""Optimization terminated successfully""}, {""start"": 12, ""success"": true, ""objective"": 140.84797459589552, ""message"": ""Optimization terminated successfully""}, {""start"": 13, ""success"": true, ""objective"": 140.8479745149282, ""message"": ""Optimization terminated successfully""}, {""start"": 14, ""success"": true, ""objective"": 140.84798088517886, ""message"": ""Optimization terminated successfully""}, {""start"": 15, ""success"": true, ""objective"": 140.8479744374597, ""message"": ""Optimization terminated successfully""}, {""start"": 16, ""success"": true, ""objective"": 140.84797444159037, ""message"": ""Optimization terminated successfully""}]}"
d2,3,DK2,slsqp_mae,jma_gsm,0.048091259297622715,0.0,140.8479744374597,True,Optimization terminated successfully,"{""optimized_objective"": ""mae"", ""optimized_objective_value"": 140.8479744374597, ""attempts"": [{""start"": 1, ""success"": true, ""objective"": 140.84797445164693, ""message"": ""Optimization terminated successfully""}, {""start"": 2, ""success"": true, ""objective"": 140.84797444598073, ""message"": ""Optimization terminated successfully""}, {""start"": 3, ""success"": true, ""objective"": 140.84862595291392, ""message"": ""Optimization terminated successfully""}, {""start"": 4, ""success"": true, ""objective"": 140.84797444401846, ""message"": ""Optimization terminated successfully""}, {""start"": 5, ""success"": true, ""objective"": 140.84797969722288, ""message"": ""Optimization terminated successfully""}, {""start"": 6, ""success"": true, ""objective"": 140.84797492741785, ""message"": ""Optimization terminated successfully""}, {""start"": 7, ""success"": true, ""objective"": 140.84798289432746, ""message"": ""Optimization terminated successfully""}, {""start"": 8, ""success"": true, ""objective"": 140.84797444348655, ""message"": ""Optimization terminated successfully""}, {""start"": 9, ""success"": true, ""objective"": 140.8479745166526, ""message"": ""Optimization terminated successfully""}, {""start"": 10, ""success"": true, ""objective"": 140.84797445143613, ""message"": ""Optimization terminated successfully""}, {""start"": 11, ""success"": true, ""objective"": 140.84797446798748, ""message"": ""Optimization terminated successfully""}, {""start"": 12, ""success"": true, ""objective"": 140.84797459589552, ""message"": ""Optimization terminated successfully""}, {""start"": 13, ""success"": true, ""objective"": 140.8479745149282, ""message"": ""Optimization terminated successfully""}, {""start"": 14, ""success"": true, ""objective"": 140.84798088517886, ""message"": ""Optimization terminated successfully""}, {""start"": 15, ""success"": true, ""objective"": 140.8479744374597, ""message"": ""Optimization terminated successfully""}, {""start"": 16, ""success"": true, ""objective"": 140.84797444159037, ""message"": ""Optimization terminated successfully""}]}"
d2,3,DK2,slsqp_mse,gfs,0.10325473619322939,0.0,141.08927801652965,True,Optimization terminated successfully,"{""optimized_objective"": ""mse"", ""optimized_objective_value"": 34138.34343806877, ""attempts"": [{""start"": 1, ""success"": true, ""objective"": 34138.343438068776, ""message"": ""Optimization terminated successfully""}, {""start"": 2, ""success"": true, ""objective"": 34138.34343806879, ""message"": ""Optimization terminated successfully""}, {""start"": 3, ""success"": true, ""objective"": 34138.34343806877, ""message"": ""Optimization terminated successfully""}, {""start"": 4, ""success"": true, ""objective"": 34138.34343806877, ""message"": ""Optimization terminated successfully""}, {""start"": 5, ""success"": true, ""objective"": 34138.34343806878, ""message"": ""Optimization terminated successfully""}, {""start"": 6, ""success"": true, ""objective"": 34138.343438068776, ""message"": ""Optimization terminated successfully""}, {""start"": 7, ""success"": true, ""objective"": 34138.343438068776, ""message"": ""Optimization terminated successfully""}, {""start"": 8, ""success"": true, ""objective"": 34138.34343806879, ""message"": ""Optimization terminated successfully""}, {""start"": 9, ""success"": true, ""objective"": 34138.343438068776, ""message"": ""Optimization terminated successfully""}, {""start"": 10, ""success"": true, ""objective"": 34138.34343806879, ""message"": ""Optimization terminated successfully""}, {""start"": 11, ""success"": true, ""objective"": 34138.34343806878, ""message"": ""Optimization terminated successfully""}, {""start"": 12, ""success"": true, ""objective"": 34138.34343806879, ""message"": ""Optimization terminated successfully""}, {""start"": 13, ""success"": true, ""objective"": 34138.343438068776, ""message"": ""Optimization terminated successfully""}, {""start"": 14, ""success"": true, ""objective"": 34138.34343806877, ""message"": ""Optimization terminated successfully""}, {""start"": 15, ""success"": true, ""objective"": 34138.34343806879, ""message"": ""Optimization terminated successfully""}, {""start"": 16, ""success"": true, ""objective"": 34138.34343806879, ""message"": ""Optimization terminated successfully""}]}"
d2,3,DK2,slsqp_mse,icon_eu,0.2974254729075159,0.0,141.08927801652965,True,Optimization terminated successfully,"{""optimized_objective"": ""mse"", ""optimized_objective_value"": 34138.34343806877, ""attempts"": [{""start"": 1, ""success"": true, ""objective"": 34138.343438068776, ""message"": ""Optimization terminated successfully""}, {""start"": 2, ""success"": true, ""objective"": 34138.34343806879, ""message"": ""Optimization terminated successfully""}, {""start"": 3, ""success"": true, ""objective"": 34138.34343806877, ""message"": ""Optimization terminated successfully""}, {""start"": 4, ""success"": true, ""objective"": 34138.34343806877, ""message"": ""Optimization terminated successfully""}, {""start"": 5, ""success"": true, ""objective"": 34138.34343806878, ""message"": ""Optimization terminated successfully""}, {""start"": 6, ""success"": true, ""objective"": 34138.343438068776, ""message"": ""Optimization terminated successfully""}, {""start"": 7, ""success"": true, ""objective"": 34138.343438068776, ""message"": ""Optimization terminated successfully""}, {""start"": 8, ""success"": true, ""objective"": 34138.34343806879, ""message"": ""Optimization terminated successfully""}, {""start"": 9, ""success"": true, ""objective"": 34138.343438068776, ""message"": ""Optimization terminated successfully""}, {""start"": 10, ""success"": true, ""objective"": 34138.34343806879, ""message"": ""Optimization terminated successfully""}, {""start"": 11, ""success"": true, ""objective"": 34138.34343806878, ""message"": ""Optimization terminated successfully""}, {""start"": 12, ""success"": true, ""objective"": 34138.34343806879, ""message"": ""Optimization terminated successfully""}, {""start"": 13, ""success"": true, ""objective"": 34138.343438068776, ""message"": ""Optimization terminated successfully""}, {""start"": 14, ""success"": true, ""objective"": 34138.34343806877, ""message"": ""Optimization terminated successfully""}, {""start"": 15, ""success"": true, ""objective"": 34138.34343806879, ""message"": ""Optimization terminated successfully""}, {""start"": 16, ""success"": true, ""objective"": 34138.34343806879, ""message"": ""Optimization terminated successfully""}]}"
d2,3,DK2,slsqp_mse,ecmwf,0.5578104009794558,0.0,141.08927801652965,True,Optimization terminated successfully,"{""optimized_objective"": ""mse"", ""optimized_objective_value"": 34138.34343806877, ""attempts"": [{""start"": 1, ""success"": true, ""objective"": 34138.343438068776, ""message"": ""Optimization terminated successfully""}, {""start"": 2, ""success"": true, ""objective"": 34138.34343806879, ""message"": ""Optimization terminated successfully""}, {""start"": 3, ""success"": true, ""objective"": 34138.34343806877, ""message"": ""Optimization terminated successfully""}, {""start"": 4, ""success"": true, ""objective"": 34138.34343806877, ""message"": ""Optimization terminated successfully""}, {""start"": 5, ""success"": true, ""objective"": 34138.34343806878, ""message"": ""Optimization terminated successfully""}, {""start"": 6, ""success"": true, ""objective"": 34138.343438068776, ""message"": ""Optimization terminated successfully""}, {""start"": 7, ""success"": true, ""objective"": 34138.343438068776, ""message"": ""Optimization terminated successfully""}, {""start"": 8, ""success"": true, ""objective"": 34138.34343806879, ""message"": ""Optimization terminated successfully""}, {""start"": 9, ""success"": true, ""objective"": 34138.343438068776, ""message"": ""Optimization terminated successfully""}, {""start"": 10, ""success"": true, ""objective"": 34138.34343806879, ""message"": ""Optimization terminated successfully""}, {""start"": 11, ""success"": true, ""objective"": 34138.34343806878, ""message"": ""Optimization terminated successfully""}, {""start"": 12, ""success"": true, ""objective"": 34138.34343806879, ""message"": ""Optimization terminated successfully""}, {""start"": 13, ""success"": true, ""objective"": 34138.343438068776, ""message"": ""Optimization terminated successfully""}, {""start"": 14, ""success"": true, ""objective"": 34138.34343806877, ""message"": ""Optimization terminated successfully""}, {""start"": 15, ""success"": true, ""objective"": 34138.34343806879, ""message"": ""Optimization terminated successfully""}, {""start"": 16, ""success"": true, ""objective"": 34138.34343806879, ""message"": ""Optimization terminated successfully""}]}"
d2,3,DK2,slsqp_mse,gem_global,0.02278708310776512,0.0,141.08927801652965,True,Optimization terminated successfully,"{""optimized_objective"": ""mse"", ""optimized_objective_value"": 34138.34343806877, ""attempts"": [{""start"": 1, ""success"": true, ""objective"": 34138.343438068776, ""message"": ""Optimization terminated successfully""}, {""start"": 2, ""success"": true, ""objective"": 34138.34343806879, ""message"": ""Optimization terminated successfully""}, {""start"": 3, ""success"": true, ""objective"": 34138.34343806877, ""message"": ""Optimization terminated successfully""}, {""start"": 4, ""success"": true, ""objective"": 34138.34343806877, ""message"": ""Optimization terminated successfully""}, {""start"": 5, ""success"": true, ""objective"": 34138.34343806878, ""message"": ""Optimization terminated successfully""}, {""start"": 6, ""success"": true, ""objective"": 34138.343438068776, ""message"": ""Optimization terminated successfully""}, {""start"": 7, ""success"": true, ""objective"": 34138.343438068776, ""message"": ""Optimization terminated successfully""}, {""start"": 8, ""success"": true, ""objective"": 34138.34343806879, ""message"": ""Optimization terminated successfully""}, {""start"": 9, ""success"": true, ""objective"": 34138.343438068776, ""message"": ""Optimization terminated successfully""}, {""start"": 10, ""success"": true, ""objective"": 34138.34343806879, ""message"": ""Optimization terminated successfully""}, {""start"": 11, ""success"": true, ""objective"": 34138.34343806878, ""message"": ""Optimization terminated successfully""}, {""start"": 12, ""success"": true, ""objective"": 34138.34343806879, ""message"": ""Optimization terminated successfully""}, {""start"": 13, ""success"": true, ""objective"": 34138.343438068776, ""message"": ""Optimization terminated successfully""}, {""start"": 14, ""success"": true, ""objective"": 34138.34343806877, ""message"": ""Optimization terminated successfully""}, {""start"": 15, ""success"": true, ""objective"": 34138.34343806879, ""message"": ""Optimization terminated successfully""}, {""start"": 16, ""success"": true, ""objective"": 34138.34343806879, ""message"": ""Optimization terminated successfully""}]}"
d2,3,DK2,slsqp_mse,jma_gsm,0.018722306812033948,0.0,141.08927801652965,True,Optimization terminated successfully,"{""optimized_objective"": ""mse"", ""optimized_objective_value"": 34138.34343806877, ""attempts"": [{""start"": 1, ""success"": true, ""objective"": 34138.343438068776, ""message"": ""Optimization terminated successfully""}, {""start"": 2, ""success"": true, ""objective"": 34138.34343806879, ""message"": ""Optimization terminated successfully""}, {""start"": 3, ""success"": true, ""objective"": 34138.34343806877, ""message"": ""Optimization terminated successfully""}, {""start"": 4, ""success"": true, ""objective"": 34138.34343806877, ""message"": ""Optimization terminated successfully""}, {""start"": 5, ""success"": true, ""objective"": 34138.34343806878, ""message"": ""Optimization terminated successfully""}, {""start"": 6, ""success"": true, ""objective"": 34138.343438068776, ""message"": ""Optimization terminated successfully""}, {""start"": 7, ""success"": true, ""objective"": 34138.343438068776, ""message"": ""Optimization terminated successfully""}, {""start"": 8, ""success"": true, ""objective"": 34138.34343806879, ""message"": ""Optimization terminated successfully""}, {""start"": 9, ""success"": true, ""objective"": 34138.343438068776, ""message"": ""Optimization terminated successfully""}, {""start"": 10, ""success"": true, ""objective"": 34138.34343806879, ""message"": ""Optimization terminated successfully""}, {""start"": 11, ""success"": true, ""objective"": 34138.34343806878, ""message"": ""Optimization terminated successfully""}, {""start"": 12, ""success"": true, ""objective"": 34138.34343806879, ""message"": ""Optimization terminated successfully""}, {""start"": 13, ""success"": true, ""objective"": 34138.343438068776, ""message"": ""Optimization terminated successfully""}, {""start"": 14, ""success"": true, ""objective"": 34138.34343806877, ""message"": ""Optimization terminated successfully""}, {""start"": 15, ""success"": true, ""objective"": 34138.34343806879, ""message"": ""Optimization terminated successfully""}, {""start"": 16, ""success"": true, ""objective"": 34138.34343806879, ""message"": ""Optimization terminated successfully""}]}"
d2,3,DK2,slsqp_mae_median_intercept,gfs,0.12495323116166954,20.143694055234295,139.67417903581716,True,secondary_median_intercept_robustness,"{""base_method"": ""slsqp_mae""}"
d2,3,DK2,slsqp_mae_median_intercept,icon_eu,0.282198312341172,20.143694055234295,139.67417903581716,True,secondary_median_intercept_robustness,"{""base_method"": ""slsqp_mae""}"
d2,3,DK2,slsqp_mae_median_intercept,ecmwf,0.5447571971995295,20.143694055234295,139.67417903581716,True,secondary_median_intercept_robustness,"{""base_method"": ""slsqp_mae""}"
d2,3,DK2,slsqp_mae_median_intercept,gem_global,6.130726868191161e-15,20.143694055234295,139.67417903581716,True,secondary_median_intercept_robustness,"{""base_method"": ""slsqp_mae""}"
d2,3,DK2,slsqp_mae_median_intercept,jma_gsm,0.048091259297622715,20.143694055234295,139.67417903581716,True,secondary_median_intercept_robustness,"{""base_method"": ""slsqp_mae""}"
exact,1,DK1,equal_weight,gfs,0.14285714285714285,0.0,281.3039236894615,True,closed_form,null
exact,1,DK1,equal_weight,icon_eu,0.14285714285714285,0.0,281.3039236894615,True,closed_form,null
exact,1,DK1,equal_weight,ecmwf,0.14285714285714285,0.0,281.3039236894615,True,closed_form,null
exact,1,DK1,equal_weight,dmi,0.14285714285714285,0.0,281.3039236894615,True,closed_form,null
exact,1,DK1,equal_weight,arpege_europe,0.14285714285714285,0.0,281.3039236894615,True,closed_form,null
exact,1,DK1,equal_weight,ukmo_global,0.14285714285714285,0.0,281.3039236894615,True,closed_form,null
exact,1,DK1,equal_weight,cma_grapes,0.14285714285714285,0.0,281.3039236894615,True,closed_form,null
exact,1,DK1,best_validation_expert,gfs,0.0,0.0,286.06935857379096,True,one_hot_lowest_validation_mae,"{""best_position"": 1, ""expert_mae"": [406.9806949148767, 286.06935857379096, 289.88665698978605, 293.3566392415044, 345.8802051118604, 403.92905925902403, 460.91176747794646]}"
exact,1,DK1,best_validation_expert,icon_eu,1.0,0.0,286.06935857379096,True,one_hot_lowest_validation_mae,"{""best_position"": 1, ""expert_mae"": [406.9806949148767, 286.06935857379096, 289.88665698978605, 293.3566392415044, 345.8802051118604, 403.92905925902403, 460.91176747794646]}"
exact,1,DK1,best_validation_expert,ecmwf,0.0,0.0,286.06935857379096,True,one_hot_lowest_validation_mae,"{""best_position"": 1, ""expert_mae"": [406.9806949148767, 286.06935857379096, 289.88665698978605, 293.3566392415044, 345.8802051118604, 403.92905925902403, 460.91176747794646]}"
exact,1,DK1,best_validation_expert,dmi,0.0,0.0,286.06935857379096,True,one_hot_lowest_validation_mae,"{""best_position"": 1, ""expert_mae"": [406.9806949148767, 286.06935857379096, 289.88665698978605, 293.3566392415044, 345.8802051118604, 403.92905925902403, 460.91176747794646]}"
exact,1,DK1,best_validation_expert,arpege_europe,0.0,0.0,286.06935857379096,True,one_hot_lowest_validation_mae,"{""best_position"": 1, ""expert_mae"": [406.9806949148767, 286.06935857379096, 289.88665698978605, 293.3566392415044, 345.8802051118604, 403.92905925902403, 460.91176747794646]}"
exact,1,DK1,best_validation_expert,ukmo_global,0.0,0.0,286.06935857379096,True,one_hot_lowest_validation_mae,"{""best_position"": 1, ""expert_mae"": [406.9806949148767, 286.06935857379096, 289.88665698978605, 293.3566392415044, 345.8802051118604, 403.92905925902403, 460.91176747794646]}"
exact,1,DK1,best_validation_expert,cma_grapes,0.0,0.0,286.06935857379096,True,one_hot_lowest_validation_mae,"{""best_position"": 1, ""expert_mae"": [406.9806949148767, 286.06935857379096, 289.88665698978605, 293.3566392415044, 345.8802051118604, 403.92905925902403, 460.91176747794646]}"
exact,1,DK1,inverse_mae,gfs,0.12075666655159996,0.0,274.45079519296894,True,inverse_validation_mae,"{""expert_mae"": [406.9806949148767, 286.06935857379096, 289.88665698978605, 293.3566392415044, 345.8802051118604, 403.92905925902403, 460.91176747794646]}"
exact,1,DK1,inverse_mae,icon_eu,0.17179621163651052,0.0,274.45079519296894,True,inverse_validation_mae,"{""expert_mae"": [406.9806949148767, 286.06935857379096, 289.88665698978605, 293.3566392415044, 345.8802051118604, 403.92905925902403, 460.91176747794646]}"
exact,1,DK1,inverse_mae,ecmwf,0.16953395709419644,0.0,274.45079519296894,True,inverse_validation_mae,"{""expert_mae"": [406.9806949148767, 286.06935857379096, 289.88665698978605, 293.3566392415044, 345.8802051118604, 403.92905925902403, 460.91176747794646]}"
exact,1,DK1,inverse_mae,dmi,0.16752861702866587,0.0,274.45079519296894,True,inverse_validation_mae,"{""expert_mae"": [406.9806949148767, 286.06935857379096, 289.88665698978605, 293.3566392415044, 345.8802051118604, 403.92905925902403, 460.91176747794646]}"
exact,1,DK1,inverse_mae,arpege_europe,0.14208859409189606,0.0,274.45079519296894,True,inverse_validation_mae,"{""expert_mae"": [406.9806949148767, 286.06935857379096, 289.88665698978605, 293.3566392415044, 345.8802051118604, 403.92905925902403, 460.91176747794646]}"
exact,1,DK1,inverse_mae,ukmo_global,0.12166896870187766,0.0,274.45079519296894,True,inverse_validation_mae,"{""expert_mae"": [406.9806949148767, 286.06935857379096, 289.88665698978605, 293.3566392415044, 345.8802051118604, 403.92905925902403, 460.91176747794646]}"
exact,1,DK1,inverse_mae,cma_grapes,0.10662698489525331,0.0,274.45079519296894,True,inverse_validation_mae,"{""expert_mae"": [406.9806949148767, 286.06935857379096, 289.88665698978605, 293.3566392415044, 345.8802051118604, 403.92905925902403, 460.91176747794646]}"
exact,1,DK1,dirichlet_mae,gfs,5.900580641974588e-07,0.0,251.80051474028363,True,random_search_complete,"{""draws_evaluated"": 30000, ""alphas"": [0.3, 1.0, 3.0]}"
exact,1,DK1,dirichlet_mae,icon_eu,0.4183385808718164,0.0,251.80051474028363,True,random_search_complete,"{""draws_evaluated"": 30000, ""alphas"": [0.3, 1.0, 3.0]}"
exact,1,DK1,dirichlet_mae,ecmwf,0.20412844248968665,0.0,251.80051474028363,True,random_search_complete,"{""draws_evaluated"": 30000, ""alphas"": [0.3, 1.0, 3.0]}"
exact,1,DK1,dirichlet_mae,dmi,0.2919106881835167,0.0,251.80051474028363,True,random_search_complete,"{""draws_evaluated"": 30000, ""alphas"": [0.3, 1.0, 3.0]}"
exact,1,DK1,dirichlet_mae,arpege_europe,0.0008710195491453522,0.0,251.80051474028363,True,random_search_complete,"{""draws_evaluated"": 30000, ""alphas"": [0.3, 1.0, 3.0]}"
exact,1,DK1,dirichlet_mae,ukmo_global,0.017220805891301226,0.0,251.80051474028363,True,random_search_complete,"{""draws_evaluated"": 30000, ""alphas"": [0.3, 1.0, 3.0]}"
exact,1,DK1,dirichlet_mae,cma_grapes,0.06752987295646941,0.0,251.80051474028363,True,random_search_complete,"{""draws_evaluated"": 30000, ""alphas"": [0.3, 1.0, 3.0]}"
exact,1,DK1,slsqp_mae,gfs,5.022194695500763e-12,0.0,250.31777418419802,True,Optimization terminated successfully,"{""optimized_objective"": ""mae"", ""optimized_objective_value"": 250.31777418419802, ""attempts"": [{""start"": 1, ""success"": true, ""objective"": 250.3178668199488, ""message"": ""Optimization terminated successfully""}, {""start"": 2, ""success"": true, ""objective"": 250.31791693008137, ""message"": ""Optimization terminated successfully""}, {""start"": 3, ""success"": true, ""objective"": 250.31777807339822, ""message"": ""Optimization terminated successfully""}, {""start"": 4, ""success"": true, ""objective"": 250.31790997616469, ""message"": ""Optimization terminated successfully""}, {""start"": 5, ""success"": true, ""objective"": 250.31797090022363, ""message"": ""Optimization terminated successfully""}, {""start"": 6, ""success"": true, ""objective"": 250.3177742973947, ""message"": ""Optimization terminated successfully""}, {""start"": 7, ""success"": true, ""objective"": 250.31790989731704, ""message"": ""Optimization terminated successfully""}, {""start"": 8, ""success"": true, ""objective"": 250.31777493216734, ""message"": ""Optimization terminated successfully""}, {""start"": 9, ""success"": true, ""objective"": 250.31777418419802, ""message"": ""Optimization terminated successfully""}, {""start"": 10, ""success"": true, ""objective"": 250.31777844966723, ""message"": ""Optimization terminated successfully""}, {""start"": 11, ""success"": true, ""objective"": 250.31777449548352, ""message"": ""Optimization terminated successfully""}, {""start"": 12, ""success"": true, ""objective"": 250.31783870741367, ""message"": ""Optimization terminated successfully""}, {""start"": 13, ""success"": true, ""objective"": 250.3182621735194, ""message"": ""Optimization terminated successfully""}, {""start"": 14, ""success"": true, ""objective"": 250.3178185935083, ""message"": ""Optimization terminated successfully""}, {""start"": 15, ""success"": true, ""objective"": 250.31788145059903, ""message"": ""Optimization terminated successfully""}, {""start"": 16, ""success"": true, ""objective"": 250.31777793458267, ""message"": ""Optimization terminated successfully""}]}"
exact,1,DK1,slsqp_mae,icon_eu,0.5027716171961387,0.0,250.31777418419802,True,Optimization terminated successfully,"{""optimized_objective"": ""mae"", ""optimized_objective_value"": 250.31777418419802, ""attempts"": [{""start"": 1, ""success"": true, ""objective"": 250.3178668199488, ""message"": ""Optimization terminated successfully""}, {""start"": 2, ""success"": true, ""objective"": 250.31791693008137, ""message"": ""Optimization terminated successfully""}, {""start"": 3, ""success"": true, ""objective"": 250.31777807339822, ""message"": ""Optimization terminated successfully""}, {""start"": 4, ""success"": true, ""objective"": 250.31790997616469, ""message"": ""Optimization terminated successfully""}, {""start"": 5, ""success"": true, ""objective"": 250.31797090022363, ""message"": ""Optimization terminated successfully""}, {""start"": 6, ""success"": true, ""objective"": 250.3177742973947, ""message"": ""Optimization terminated successfully""}, {""start"": 7, ""success"": true, ""objective"": 250.31790989731704, ""message"": ""Optimization terminated successfully""}, {""start"": 8, ""success"": true, ""objective"": 250.31777493216734, ""message"": ""Optimization terminated successfully""}, {""start"": 9, ""success"": true, ""objective"": 250.31777418419802, ""message"": ""Optimization terminated successfully""}, {""start"": 10, ""success"": true, ""objective"": 250.31777844966723, ""message"": ""Optimization terminated successfully""}, {""start"": 11, ""success"": true, ""objective"": 250.31777449548352, ""message"": ""Optimization terminated successfully""}, {""start"": 12, ""success"": true, ""objective"": 250.31783870741367, ""message"": ""Optimization terminated successfully""}, {""start"": 13, ""success"": true, ""objective"": 250.3182621735194, ""message"": ""Optimization terminated successfully""}, {""start"": 14, ""success"": true, ""objective"": 250.3178185935083, ""message"": ""Optimization terminated successfully""}, {""start"": 15, ""success"": true, ""objective"": 250.31788145059903, ""message"": ""Optimization terminated successfully""}, {""start"": 16, ""success"": true, ""objective"": 250.31777793458267, ""message"": ""Optimization terminated successfully""}]}"
exact,1,DK1,slsqp_mae,ecmwf,0.21402925902109654,0.0,250.31777418419802,True,Optimization terminated successfully,"{""optimized_objective"": ""mae"", ""optimized_objective_value"": 250.31777418419802, ""attempts"": [{""start"": 1, ""success"": true, ""objective"": 250.3178668199488, ""message"": ""Optimization terminated successfully""}, {""start"": 2, ""success"": true, ""objective"": 250.31791693008137, ""message"": ""Optimization terminated successfully""}, {""start"": 3, ""success"": true, ""objective"": 250.31777807339822, ""message"": ""Optimization terminated successfully""}, {""start"": 4, ""success"": true, ""objective"": 250.31790997616469, ""message"": ""Optimization terminated successfully""}, {""start"": 5, ""success"": true, ""objective"": 250.31797090022363, ""message"": ""Optimization terminated successfully""}, {""start"": 6, ""success"": true, ""objective"": 250.3177742973947, ""message"": ""Optimization terminated successfully""}, {""start"": 7, ""success"": true, ""objective"": 250.31790989731704, ""message"": ""Optimization terminated successfully""}, {""start"": 8, ""success"": true, ""objective"": 250.31777493216734, ""message"": ""Optimization terminated successfully""}, {""start"": 9, ""success"": true, ""objective"": 250.31777418419802, ""message"": ""Optimization terminated successfully""}, {""start"": 10, ""success"": true, ""objective"": 250.31777844966723, ""message"": ""Optimization terminated successfully""}, {""start"": 11, ""success"": true, ""objective"": 250.31777449548352, ""message"": ""Optimization terminated successfully""}, {""start"": 12, ""success"": true, ""objective"": 250.31783870741367, ""message"": ""Optimization terminated successfully""}, {""start"": 13, ""success"": true, ""objective"": 250.3182621735194, ""message"": ""Optimization terminated successfully""}, {""start"": 14, ""success"": true, ""objective"": 250.3178185935083, ""message"": ""Optimization terminated successfully""}, {""start"": 15, ""success"": true, ""objective"": 250.31788145059903, ""message"": ""Optimization terminated successfully""}, {""start"": 16, ""success"": true, ""objective"": 250.31777793458267, ""message"": ""Optimization terminated successfully""}]}"
exact,1,DK1,slsqp_mae,dmi,0.232919085292268,0.0,250.31777418419802,True,Optimization terminated successfully,"{""optimized_objective"": ""mae"", ""optimized_objective_value"": 250.31777418419802, ""attempts"": [{""start"": 1, ""success"": true, ""objective"": 250.3178668199488, ""message"": ""Optimization terminated successfully""}, {""start"": 2, ""success"": true, ""objective"": 250.31791693008137, ""message"": ""Optimization terminated successfully""}, {""start"": 3, ""success"": true, ""objective"": 250.31777807339822, ""message"": ""Optimization terminated successfully""}, {""start"": 4, ""success"": true, ""objective"": 250.31790997616469, ""message"": ""Optimization terminated successfully""}, {""start"": 5, ""success"": true, ""objective"": 250.31797090022363, ""message"": ""Optimization terminated successfully""}, {""start"": 6, ""success"": true, ""objective"": 250.3177742973947, ""message"": ""Optimization terminated successfully""}, {""start"": 7, ""success"": true, ""objective"": 250.31790989731704, ""message"": ""Optimization terminated successfully""}, {""start"": 8, ""success"": true, ""objective"": 250.31777493216734, ""message"": ""Optimization terminated successfully""}, {""start"": 9, ""success"": true, ""objective"": 250.31777418419802, ""message"": ""Optimization terminated successfully""}, {""start"": 10, ""success"": true, ""objective"": 250.31777844966723, ""message"": ""Optimization terminated successfully""}, {""start"": 11, ""success"": true, ""objective"": 250.31777449548352, ""message"": ""Optimization terminated successfully""}, {""start"": 12, ""success"": true, ""objective"": 250.31783870741367, ""message"": ""Optimization terminated successfully""}, {""start"": 13, ""success"": true, ""objective"": 250.3182621735194, ""message"": ""Optimization terminated successfully""}, {""start"": 14, ""success"": true, ""objective"": 250.3178185935083, ""message"": ""Optimization terminated successfully""}, {""start"": 15, ""success"": true, ""objective"": 250.31788145059903, ""message"": ""Optimization terminated successfully""}, {""start"": 16, ""success"": true, ""objective"": 250.31777793458267, ""message"": ""Optimization terminated successfully""}]}"
exact,1,DK1,slsqp_mae,arpege_europe,1.0667743692023942e-15,0.0,250.31777418419802,True,Optimization terminated successfully,"{""optimized_objective"": ""mae"", ""optimized_objective_value"": 250.31777418419802, ""attempts"": [{""start"": 1, ""success"": true, ""objective"": 250.3178668199488, ""message"": ""Optimization terminated successfully""}, {""start"": 2, ""success"": true, ""objective"": 250.31791693008137, ""message"": ""Optimization terminated successfully""}, {""start"": 3, ""success"": true, ""objective"": 250.31777807339822, ""message"": ""Optimization terminated successfully""}, {""start"": 4, ""success"": true, ""objective"": 250.31790997616469, ""message"": ""Optimization terminated successfully""}, {""start"": 5, ""success"": true, ""objective"": 250.31797090022363, ""message"": ""Optimization terminated successfully""}, {""start"": 6, ""success"": true, ""objective"": 250.3177742973947, ""message"": ""Optimization terminated successfully""}, {""start"": 7, ""success"": true, ""objective"": 250.31790989731704, ""message"": ""Optimization terminated successfully""}, {""start"": 8, ""success"": true, ""objective"": 250.31777493216734, ""message"": ""Optimization terminated successfully""}, {""start"": 9, ""success"": true, ""objective"": 250.31777418419802, ""message"": ""Optimization terminated successfully""}, {""start"": 10, ""success"": true, ""objective"": 250.31777844966723, ""message"": ""Optimization terminated successfully""}, {""start"": 11, ""success"": true, ""objective"": 250.31777449548352, ""message"": ""Optimization terminated successfully""}, {""start"": 12, ""success"": true, ""objective"": 250.31783870741367, ""message"": ""Optimization terminated successfully""}, {""start"": 13, ""success"": true, ""objective"": 250.3182621735194, ""message"": ""Optimization terminated successfully""}, {""start"": 14, ""success"": true, ""objective"": 250.3178185935083, ""message"": ""Optimization terminated successfully""}, {""start"": 15, ""success"": true, ""objective"": 250.31788145059903, ""message"": ""Optimization terminated successfully""}, {""start"": 16, ""success"": true, ""objective"": 250.31777793458267, ""message"": ""Optimization terminated successfully""}]}"
exact,1,DK1,slsqp_mae,ukmo_global,7.091025570244657e-12,0.0,250.31777418419802,True,Optimization terminated successfully,"{""optimized_objective"": ""mae"", ""optimized_objective_value"": 250.31777418419802, ""attempts"": [{""start"": 1, ""success"": true, ""objective"": 250.3178668199488, ""message"": ""Optimization terminated successfully""}, {""start"": 2, ""success"": true, ""objective"": 250.31791693008137, ""message"": ""Optimization terminated successfully""}, {""start"": 3, ""success"": true, ""objective"": 250.31777807339822, ""message"": ""Optimization terminated successfully""}, {""start"": 4, ""success"": true, ""objective"": 250.31790997616469, ""message"": ""Optimization terminated successfully""}, {""start"": 5, ""success"": true, ""objective"": 250.31797090022363, ""message"": ""Optimization terminated successfully""}, {""start"": 6, ""success"": true, ""objective"": 250.3177742973947, ""message"": ""Optimization terminated successfully""}, {""start"": 7, ""success"": true, ""objective"": 250.31790989731704, ""message"": ""Optimization terminated successfully""}, {""start"": 8, ""success"": true, ""objective"": 250.31777493216734, ""message"": ""Optimization terminated successfully""}, {""start"": 9, ""success"": true, ""objective"": 250.31777418419802, ""message"": ""Optimization terminated successfully""}, {""start"": 10, ""success"": true, ""objective"": 250.31777844966723, ""message"": ""Optimization terminated successfully""}, {""start"": 11, ""success"": true, ""objective"": 250.31777449548352, ""message"": ""Optimization terminated successfully""}, {""start"": 12, ""success"": true, ""objective"": 250.31783870741367, ""message"": ""Optimization terminated successfully""}, {""start"": 13, ""success"": true, ""objective"": 250.3182621735194, ""message"": ""Optimization terminated successfully""}, {""start"": 14, ""success"": true, ""objective"": 250.3178185935083, ""message"": ""Optimization terminated successfully""}, {""start"": 15, ""success"": true, ""objective"": 250.31788145059903, ""message"": ""Optimization terminated successfully""}, {""start"": 16, ""success"": true, ""objective"": 250.31777793458267, ""message"": ""Optimization terminated successfully""}]}"
exact,1,DK1,slsqp_mae,cma_grapes,0.050280038478382375,0.0,250.31777418419802,True,Optimization terminated successfully,"{""optimized_objective"": ""mae"", ""optimized_objective_value"": 250.31777418419802, ""attempts"": [{""start"": 1, ""success"": true, ""objective"": 250.3178668199488, ""message"": ""Optimization terminated successfully""}, {""start"": 2, ""success"": true, ""objective"": 250.31791693008137, ""message"": ""Optimization terminated successfully""}, {""start"": 3, ""success"": true, ""objective"": 250.31777807339822, ""message"": ""Optimization terminated successfully""}, {""start"": 4, ""success"": true, ""objective"": 250.31790997616469, ""message"": ""Optimization terminated successfully""}, {""start"": 5, ""success"": true, ""objective"": 250.31797090022363, ""message"": ""Optimization terminated successfully""}, {""start"": 6, ""success"": true, ""objective"": 250.3177742973947, ""message"": ""Optimization terminated successfully""}, {""start"": 7, ""success"": true, ""objective"": 250.31790989731704, ""message"": ""Optimization terminated successfully""}, {""start"": 8, ""success"": true, ""objective"": 250.31777493216734, ""message"": ""Optimization terminated successfully""}, {""start"": 9, ""success"": true, ""objective"": 250.31777418419802, ""message"": ""Optimization terminated successfully""}, {""start"": 10, ""success"": true, ""objective"": 250.31777844966723, ""message"": ""Optimization terminated successfully""}, {""start"": 11, ""success"": true, ""objective"": 250.31777449548352, ""message"": ""Optimization terminated successfully""}, {""start"": 12, ""success"": true, ""objective"": 250.31783870741367, ""message"": ""Optimization terminated successfully""}, {""start"": 13, ""success"": true, ""objective"": 250.3182621735194, ""message"": ""Optimization terminated successfully""}, {""start"": 14, ""success"": true, ""objective"": 250.3178185935083, ""message"": ""Optimization terminated successfully""}, {""start"": 15, ""success"": true, ""objective"": 250.31788145059903, ""message"": ""Optimization terminated successfully""}, {""start"": 16, ""success"": true, ""objective"": 250.31777793458267, ""message"": ""Optimization terminated successfully""}]}"
exact,1,DK1,slsqp_mse,gfs,9.542392430794885e-13,0.0,251.64973933296307,True,Optimization terminated successfully,"{""optimized_objective"": ""mse"", ""optimized_objective_value"": 115544.5561753456, ""attempts"": [{""start"": 1, ""success"": false, ""objective"": 115545.49914628165, ""message"": ""Positive directional derivative for linesearch""}, {""start"": 2, ""success"": true, ""objective"": 115544.55617542301, ""message"": ""Optimization terminated successfully""}, {""start"": 3, ""success"": false, ""objective"": 115556.02198747695, ""message"": ""Positive directional derivative for linesearch""}, {""start"": 4, ""success"": false, ""objective"": 115549.87023635271, ""message"": ""Positive directional derivative for linesearch""}, {""start"": 5, ""success"": false, ""objective"": 115544.57810967261, ""message"": ""Positive directional derivative for linesearch""}, {""start"": 6, ""success"": true, ""objective"": 115544.55617570967, ""message"": ""Optimization terminated successfully""}, {""start"": 7, ""success"": false, ""objective"": 115544.78767218726, ""message"": ""Positive directional derivative for linesearch""}, {""start"": 8, ""success"": true, ""objective"": 115544.55617540226, ""message"": ""Optimization terminated successfully""}, {""start"": 9, ""success"": false, ""objective"": 115544.56472165276, ""message"": ""Positive directional derivative for linesearch""}, {""start"": 10, ""success"": false, ""objective"": 115544.55645853735, ""message"": ""Positive directional derivative for linesearch""}, {""start"": 11, ""success"": false, ""objective"": 115544.79408361355, ""message"": ""Positive directional derivative for linesearch""}, {""start"": 12, ""success"": true, ""objective"": 115544.5561753456, ""message"": ""Optimization terminated successfully""}, {""start"": 13, ""success"": false, ""objective"": 115549.40301821225, ""message"": ""Positive directional derivative for linesearch""}, {""start"": 14, ""success"": false, ""objective"": 115549.67623768853, ""message"": ""Positive directional derivative for linesearch""}, {""start"": 15, ""success"": false, ""objective"": 115544.56863096877, ""message"": ""Positive directional derivative for linesearch""}, {""start"": 16, ""success"": false, ""objective"": 115544.59021474596, ""message"": ""Positive directional derivative for linesearch""}]}"
exact,1,DK1,slsqp_mse,icon_eu,0.43382010128065845,0.0,251.64973933296307,True,Optimization terminated successfully,"{""optimized_objective"": ""mse"", ""optimized_objective_value"": 115544.5561753456, ""attempts"": [{""start"": 1, ""success"": false, ""objective"": 115545.49914628165, ""message"": ""Positive directional derivative for linesearch""}, {""start"": 2, ""success"": true, ""objective"": 115544.55617542301, ""message"": ""Optimization terminated successfully""}, {""start"": 3, ""success"": false, ""objective"": 115556.02198747695, ""message"": ""Positive directional derivative for linesearch""}, {""start"": 4, ""success"": false, ""objective"": 115549.87023635271, ""message"": ""Positive directional derivative for linesearch""}, {""start"": 5, ""success"": false, ""objective"": 115544.57810967261, ""message"": ""Positive directional derivative for linesearch""}, {""start"": 6, ""success"": true, ""objective"": 115544.55617570967, ""message"": ""Optimization terminated successfully""}, {""start"": 7, ""success"": false, ""objective"": 115544.78767218726, ""message"": ""Positive directional derivative for linesearch""}, {""start"": 8, ""success"": true, ""objective"": 115544.55617540226, ""message"": ""Optimization terminated successfully""}, {""start"": 9, ""success"": false, ""objective"": 115544.56472165276, ""message"": ""Positive directional derivative for linesearch""}, {""start"": 10, ""success"": false, ""objective"": 115544.55645853735, ""message"": ""Positive directional derivative for linesearch""}, {""start"": 11, ""success"": false, ""objective"": 115544.79408361355, ""message"": ""Positive directional derivative for linesearch""}, {""start"": 12, ""success"": true, ""objective"": 115544.5561753456, ""message"": ""Optimization terminated successfully""}, {""start"": 13, ""success"": false, ""objective"": 115549.40301821225, ""message"": ""Positive directional derivative for linesearch""}, {""start"": 14, ""success"": false, ""objective"": 115549.67623768853, ""message"": ""Positive directional derivative for linesearch""}, {""start"": 15, ""success"": false, ""objective"": 115544.56863096877, ""message"": ""Positive directional derivative for linesearch""}, {""start"": 16, ""success"": false, ""objective"": 115544.59021474596, ""message"": ""Positive directional derivative for linesearch""}]}"
exact,1,DK1,slsqp_mse,ecmwf,0.17878295878207912,0.0,251.64973933296307,True,Optimization terminated successfully,"{""optimized_objective"": ""mse"", ""optimized_objective_value"": 115544.5561753456, ""attempts"": [{""start"": 1, ""success"": false, ""objective"": 115545.49914628165, ""message"": ""Positive directional derivative for linesearch""}, {""start"": 2, ""success"": true, ""objective"": 115544.55617542301, ""message"": ""Optimization terminated successfully""}, {""start"": 3, ""success"": false, ""objective"": 115556.02198747695, ""message"": ""Positive directional derivative for linesearch""}, {""start"": 4, ""success"": false, ""objective"": 115549.87023635271, ""message"": ""Positive directional derivative for linesearch""}, {""start"": 5, ""success"": false, ""objective"": 115544.57810967261, ""message"": ""Positive directional derivative for linesearch""}, {""start"": 6, ""success"": true, ""objective"": 115544.55617570967, ""message"": ""Optimization terminated successfully""}, {""start"": 7, ""success"": false, ""objective"": 115544.78767218726, ""message"": ""Positive directional derivative for linesearch""}, {""start"": 8, ""success"": true, ""objective"": 115544.55617540226, ""message"": ""Optimization terminated successfully""}, {""start"": 9, ""success"": false, ""objective"": 115544.56472165276, ""message"": ""Positive directional derivative for linesearch""}, {""start"": 10, ""success"": false, ""objective"": 115544.55645853735, ""message"": ""Positive directional derivative for linesearch""}, {""start"": 11, ""success"": false, ""objective"": 115544.79408361355, ""message"": ""Positive directional derivative for linesearch""}, {""start"": 12, ""success"": true, ""objective"": 115544.5561753456, ""message"": ""Optimization terminated successfully""}, {""start"": 13, ""success"": false, ""objective"": 115549.40301821225, ""message"": ""Positive directional derivative for linesearch""}, {""start"": 14, ""success"": false, ""objective"": 115549.67623768853, ""message"": ""Positive directional derivative for linesearch""}, {""start"": 15, ""success"": false, ""objective"": 115544.56863096877, ""message"": ""Positive directional derivative for linesearch""}, {""start"": 16, ""success"": false, ""objective"": 115544.59021474596, ""message"": ""Positive directional derivative for linesearch""}]}"
exact,1,DK1,slsqp_mse,dmi,0.3100860214637081,0.0,251.64973933296307,True,Optimization terminated successfully,"{""optimized_objective"": ""mse"", ""optimized_objective_value"": 115544.5561753456, ""attempts"": [{""start"": 1, ""success"": false, ""objective"": 115545.49914628165, ""message"": ""Positive directional derivative for linesearch""}, {""start"": 2, ""success"": true, ""objective"": 115544.55617542301, ""message"": ""Optimization terminated successfully""}, {""start"": 3, ""success"": false, ""objective"": 115556.02198747695, ""message"": ""Positive directional derivative for linesearch""}, {""start"": 4, ""success"": false, ""objective"": 115549.87023635271, ""message"": ""Positive directional derivative for linesearch""}, {""start"": 5, ""success"": false, ""objective"": 115544.57810967261, ""message"": ""Positive directional derivative for linesearch""}, {""start"": 6, ""success"": true, ""objective"": 115544.55617570967, ""message"": ""Optimization terminated successfully""}, {""start"": 7, ""success"": false, ""objective"": 115544.78767218726, ""message"": ""Positive directional derivative for linesearch""}, {""start"": 8, ""success"": true, ""objective"": 115544.55617540226, ""message"": ""Optimization terminated successfully""}, {""start"": 9, ""success"": false, ""objective"": 115544.56472165276, ""message"": ""Positive directional derivative for linesearch""}, {""start"": 10, ""success"": false, ""objective"": 115544.55645853735, ""message"": ""Positive directional derivative for linesearch""}, {""start"": 11, ""success"": false, ""objective"": 115544.79408361355, ""message"": ""Positive directional derivative for linesearch""}, {""start"": 12, ""success"": true, ""objective"": 115544.5561753456, ""message"": ""Optimization terminated successfully""}, {""start"": 13, ""success"": false, ""objective"": 115549.40301821225, ""message"": ""Positive directional derivative for linesearch""}, {""start"": 14, ""success"": false, ""objective"": 115549.67623768853, ""message"": ""Positive directional derivative for linesearch""}, {""start"": 15, ""success"": false, ""objective"": 115544.56863096877, ""message"": ""Positive directional derivative for linesearch""}, {""start"": 16, ""success"": false, ""objective"": 115544.59021474596, ""message"": ""Positive directional derivative for linesearch""}]}"
exact,1,DK1,slsqp_mse,arpege_europe,0.0,0.0,251.64973933296307,True,Optimization terminated successfully,"{""optimized_objective"": ""mse"", ""optimized_objective_value"": 115544.5561753456, ""attempts"": [{""start"": 1, ""success"": false, ""objective"": 115545.49914628165, ""message"": ""Positive directional derivative for linesearch""}, {""start"": 2, ""success"": true, ""objective"": 115544.55617542301, ""message"": ""Optimization terminated successfully""}, {""start"": 3, ""success"": false, ""objective"": 115556.02198747695, ""message"": ""Positive directional derivative for linesearch""}, {""start"": 4, ""success"": false, ""objective"": 115549.87023635271, ""message"": ""Positive directional derivative for linesearch""}, {""start"": 5, ""success"": false, ""objective"": 115544.57810967261, ""message"": ""Positive directional derivative for linesearch""}, {""start"": 6, ""success"": true, ""objective"": 115544.55617570967, ""message"": ""Optimization terminated successfully""}, {""start"": 7, ""success"": false, ""objective"": 115544.78767218726, ""message"": ""Positive directional derivative for linesearch""}, {""start"": 8, ""success"": true, ""objective"": 115544.55617540226, ""message"": ""Optimization terminated successfully""}, {""start"": 9, ""success"": false, ""objective"": 115544.56472165276, ""message"": ""Positive directional derivative for linesearch""}, {""start"": 10, ""success"": false, ""objective"": 115544.55645853735, ""message"": ""Positive directional derivative for linesearch""}, {""start"": 11, ""success"": false, ""objective"": 115544.79408361355, ""message"": ""Positive directional derivative for linesearch""}, {""start"": 12, ""success"": true, ""objective"": 115544.5561753456, ""message"": ""Optimization terminated successfully""}, {""start"": 13, ""success"": false, ""objective"": 115549.40301821225, ""message"": ""Positive directional derivative for linesearch""}, {""start"": 14, ""success"": false, ""objective"": 115549.67623768853, ""message"": ""Positive directional derivative for linesearch""}, {""start"": 15, ""success"": false, ""objective"": 115544.56863096877, ""message"": ""Positive directional derivative for linesearch""}, {""start"": 16, ""success"": false, ""objective"": 115544.59021474596, ""message"": ""Positive directional derivative for linesearch""}]}"
exact,1,DK1,slsqp_mse,ukmo_global,0.0,0.0,251.64973933296307,True,Optimization terminated successfully,"{""optimized_objective"": ""mse"", ""optimized_objective_value"": 115544.5561753456, ""attempts"": [{""start"": 1, ""success"": false, ""objective"": 115545.49914628165, ""message"": ""Positive directional derivative for linesearch""}, {""start"": 2, ""success"": true, ""objective"": 115544.55617542301, ""message"": ""Optimization terminated successfully""}, {""start"": 3, ""success"": false, ""objective"": 115556.02198747695, ""message"": ""Positive directional derivative for linesearch""}, {""start"": 4, ""success"": false, ""objective"": 115549.87023635271, ""message"": ""Positive directional derivative for linesearch""}, {""start"": 5, ""success"": false, ""objective"": 115544.57810967261, ""message"": ""Positive directional derivative for linesearch""}, {""start"": 6, ""success"": true, ""objective"": 115544.55617570967, ""message"": ""Optimization terminated successfully""}, {""start"": 7, ""success"": false, ""objective"": 115544.78767218726, ""message"": ""Positive directional derivative for linesearch""}, {""start"": 8, ""success"": true, ""objective"": 115544.55617540226, ""message"": ""Optimization terminated successfully""}, {""start"": 9, ""success"": false, ""objective"": 115544.56472165276, ""message"": ""Positive directional derivative for linesearch""}, {""start"": 10, ""success"": false, ""objective"": 115544.55645853735, ""message"": ""Positive directional derivative for linesearch""}, {""start"": 11, ""success"": false, ""objective"": 115544.79408361355, ""message"": ""Positive directional derivative for linesearch""}, {""start"": 12, ""success"": true, ""objective"": 115544.5561753456, ""message"": ""Optimization terminated successfully""}, {""start"": 13, ""success"": false, ""objective"": 115549.40301821225, ""message"": ""Positive directional derivative for linesearch""}, {""start"": 14, ""success"": false, ""objective"": 115549.67623768853, ""message"": ""Positive directional derivative for linesearch""}, {""start"": 15, ""success"": false, ""objective"": 115544.56863096877, ""message"": ""Positive directional derivative for linesearch""}, {""start"": 16, ""success"": false, ""objective"": 115544.59021474596, ""message"": ""Positive directional derivative for linesearch""}]}"
exact,1,DK1,slsqp_mse,cma_grapes,0.07731091847260001,0.0,251.64973933296307,True,Optimization terminated successfully,"{""optimized_objective"": ""mse"", ""optimized_objective_value"": 115544.5561753456, ""attempts"": [{""start"": 1, ""success"": false, ""objective"": 115545.49914628165, ""message"": ""Positive directional derivative for linesearch""}, {""start"": 2, ""success"": true, ""objective"": 115544.55617542301, ""message"": ""Optimization terminated successfully""}, {""start"": 3, ""success"": false, ""objective"": 115556.02198747695, ""message"": ""Positive directional derivative for linesearch""}, {""start"": 4, ""success"": false, ""objective"": 115549.87023635271, ""message"": ""Positive directional derivative for linesearch""}, {""start"": 5, ""success"": false, ""objective"": 115544.57810967261, ""message"": ""Positive directional derivative for linesearch""}, {""start"": 6, ""success"": true, ""objective"": 115544.55617570967, ""message"": ""Optimization terminated successfully""}, {""start"": 7, ""success"": false, ""objective"": 115544.78767218726, ""message"": ""Positive directional derivative for linesearch""}, {""start"": 8, ""success"": true, ""objective"": 115544.55617540226, ""message"": ""Optimization terminated successfully""}, {""start"": 9, ""success"": false, ""objective"": 115544.56472165276, ""message"": ""Positive directional derivative for linesearch""}, {""start"": 10, ""success"": false, ""objective"": 115544.55645853735, ""message"": ""Positive directional derivative for linesearch""}, {""start"": 11, ""success"": false, ""objective"": 115544.79408361355, ""message"": ""Positive directional derivative for linesearch""}, {""start"": 12, ""success"": true, ""objective"": 115544.5561753456, ""message"": ""Optimization terminated successfully""}, {""start"": 13, ""success"": false, ""objective"": 115549.40301821225, ""message"": ""Positive directional derivative for linesearch""}, {""start"": 14, ""success"": false, ""objective"": 115549.67623768853, ""message"": ""Positive directional derivative for linesearch""}, {""start"": 15, ""success"": false, ""objective"": 115544.56863096877, ""message"": ""Positive directional derivative for linesearch""}, {""start"": 16, ""success"": false, ""objective"": 115544.59021474596, ""message"": ""Positive directional derivative for linesearch""}]}"
exact,1,DK1,slsqp_mae_median_intercept,gfs,5.022194695500763e-12,19.567392661621966,249.6548469197866,True,secondary_median_intercept_robustness,"{""base_method"": ""slsqp_mae""}"
exact,1,DK1,slsqp_mae_median_intercept,icon_eu,0.5027716171961387,19.567392661621966,249.6548469197866,True,secondary_median_intercept_robustness,"{""base_method"": ""slsqp_mae""}"
exact,1,DK1,slsqp_mae_median_intercept,ecmwf,0.21402925902109654,19.567392661621966,249.6548469197866,True,secondary_median_intercept_robustness,"{""base_method"": ""slsqp_mae""}"
exact,1,DK1,slsqp_mae_median_intercept,dmi,0.232919085292268,19.567392661621966,249.6548469197866,True,secondary_median_intercept_robustness,"{""base_method"": ""slsqp_mae""}"
exact,1,DK1,slsqp_mae_median_intercept,arpege_europe,1.0667743692023942e-15,19.567392661621966,249.6548469197866,True,secondary_median_intercept_robustness,"{""base_method"": ""slsqp_mae""}"
exact,1,DK1,slsqp_mae_median_intercept,ukmo_global,7.091025570244657e-12,19.567392661621966,249.6548469197866,True,secondary_median_intercept_robustness,"{""base_method"": ""slsqp_mae""}"
exact,1,DK1,slsqp_mae_median_intercept,cma_grapes,0.050280038478382375,19.567392661621966,249.6548469197866,True,secondary_median_intercept_robustness,"{""base_method"": ""slsqp_mae""}"
exact,1,DK2,equal_weight,gfs,0.14285714285714285,0.0,117.06390505623065,True,closed_form,null
exact,1,DK2,equal_weight,icon_eu,0.14285714285714285,0.0,117.06390505623065,True,closed_form,null
exact,1,DK2,equal_weight,ecmwf,0.14285714285714285,0.0,117.06390505623065,True,closed_form,null
exact,1,DK2,equal_weight,dmi,0.14285714285714285,0.0,117.06390505623065,True,closed_form,null
exact,1,DK2,equal_weight,arpege_europe,0.14285714285714285,0.0,117.06390505623065,True,closed_form,null
exact,1,DK2,equal_weight,ukmo_global,0.14285714285714285,0.0,117.06390505623065,True,closed_form,null
exact,1,DK2,equal_weight,cma_grapes,0.14285714285714285,0.0,117.06390505623065,True,closed_form,null
exact,1,DK2,best_validation_expert,gfs,0.0,0.0,121.67275283354113,True,one_hot_lowest_validation_mae,"{""best_position"": 1, ""expert_mae"": [150.4882923210145, 121.67275283354113, 126.7463072760575, 148.4533939498976, 144.2986187234724, 190.61805159881513, 167.56876807763408]}"
exact,1,DK2,best_validation_expert,icon_eu,1.0,0.0,121.67275283354113,True,one_hot_lowest_validation_mae,"{""best_position"": 1, ""expert_mae"": [150.4882923210145, 121.67275283354113, 126.7463072760575, 148.4533939498976, 144.2986187234724, 190.61805159881513, 167.56876807763408]}"
exact,1,DK2,best_validation_expert,ecmwf,0.0,0.0,121.67275283354113,True,one_hot_lowest_validation_mae,"{""best_position"": 1, ""expert_mae"": [150.4882923210145, 121.67275283354113, 126.7463072760575, 148.4533939498976, 144.2986187234724, 190.61805159881513, 167.56876807763408]}"
exact,1,DK2,best_validation_expert,dmi,0.0,0.0,121.67275283354113,True,one_hot_lowest_validation_mae,"{""best_position"": 1, ""expert_mae"": [150.4882923210145, 121.67275283354113, 126.7463072760575, 148.4533939498976, 144.2986187234724, 190.61805159881513, 167.56876807763408]}"
exact,1,DK2,best_validation_expert,arpege_europe,0.0,0.0,121.67275283354113,True,one_hot_lowest_validation_mae,"{""best_position"": 1, ""expert_mae"": [150.4882923210145, 121.67275283354113, 126.7463072760575, 148.4533939498976, 144.2986187234724, 190.61805159881513, 167.56876807763408]}"
exact,1,DK2,best_validation_expert,ukmo_global,0.0,0.0,121.67275283354113,True,one_hot_lowest_validation_mae,"{""best_position"": 1, ""expert_mae"": [150.4882923210145, 121.67275283354113, 126.7463072760575, 148.4533939498976, 144.2986187234724, 190.61805159881513, 167.56876807763408]}"
exact,1,DK2,best_validation_expert,cma_grapes,0.0,0.0,121.67275283354113,True,one_hot_lowest_validation_mae,"{""best_position"": 1, ""expert_mae"": [150.4882923210145, 121.67275283354113, 126.7463072760575, 148.4533939498976, 144.2986187234724, 190.61805159881513, 167.56876807763408]}"
exact,1,DK2,inverse_mae,gfs,0.13950321103432142,0.0,116.04743284437208,True,inverse_validation_mae,"{""expert_mae"": [150.4882923210145, 121.67275283354113, 126.7463072760575, 148.4533939498976, 144.2986187234724, 190.61805159881513, 167.56876807763408]}"
exact,1,DK2,inverse_mae,icon_eu,0.17254150590513737,0.0,116.04743284437208,True,inverse_validation_mae,"{""expert_mae"": [150.4882923210145, 121.67275283354113, 126.7463072760575, 148.4533939498976, 144.2986187234724, 190.61805159881513, 167.56876807763408]}"
exact,1,DK2,inverse_mae,ecmwf,0.16563480587933102,0.0,116.04743284437208,True,inverse_validation_mae,"{""expert_mae"": [150.4882923210145, 121.67275283354113, 126.7463072760575, 148.4533939498976, 144.2986187234724, 190.61805159881513, 167.56876807763408]}"
exact,1,DK2,inverse_mae,dmi,0.14141542637226112,0.0,116.04743284437208,True,inverse_validation_mae,"{""expert_mae"": [150.4882923210145, 121.67275283354113, 126.7463072760575, 148.4533939498976, 144.2986187234724, 190.61805159881513, 167.56876807763408]}"
exact,1,DK2,inverse_mae,arpege_europe,0.14548718613879819,0.0,116.04743284437208,True,inverse_validation_mae,"{""expert_mae"": [150.4882923210145, 121.67275283354113, 126.7463072760575, 148.4533939498976, 144.2986187234724, 190.61805159881513, 167.56876807763408]}"
exact,1,DK2,inverse_mae,ukmo_global,0.11013437513426626,0.0,116.04743284437208,True,inverse_validation_mae,"{""expert_mae"": [150.4882923210145, 121.67275283354113, 126.7463072760575, 148.4533939498976, 144.2986187234724, 190.61805159881513, 167.56876807763408]}"
exact,1,DK2,inverse_mae,cma_grapes,0.12528348953588456,0.0,116.04743284437208,True,inverse_validation_mae,"{""expert_mae"": [150.4882923210145, 121.67275283354113, 126.7463072760575, 148.4533939498976, 144.2986187234724, 190.61805159881513, 167.56876807763408]}"
exact,1,DK2,dirichlet_mae,gfs,0.021715379898156337,0.0,111.71553857235008,True,random_search_complete,"{""draws_evaluated"": 30000, ""alphas"": [0.3, 1.0, 3.0]}"
exact,1,DK2,dirichlet_mae,icon_eu,0.4634226459614602,0.0,111.71553857235008,True,random_search_complete,"{""draws_evaluated"": 30000, ""alphas"": [0.3, 1.0, 3.0]}"
exact,1,DK2,dirichlet_mae,ecmwf,0.23541318282710436,0.0,111.71553857235008,True,random_search_complete,"{""draws_evaluated"": 30000, ""alphas"": [0.3, 1.0, 3.0]}"
exact,1,DK2,dirichlet_mae,dmi,0.08963980311714577,0.0,111.71553857235008,True,random_search_complete,"{""draws_evaluated"": 30000, ""alphas"": [0.3, 1.0, 3.0]}"
exact,1,DK2,dirichlet_mae,arpege_europe,0.038063423831636016,0.0,111.71553857235008,True,random_search_complete,"{""draws_evaluated"": 30000, ""alphas"": [0.3, 1.0, 3.0]}"
exact,1,DK2,dirichlet_mae,ukmo_global,0.051368309042772835,0.0,111.71553857235008,True,random_search_complete,"{""draws_evaluated"": 30000, ""alphas"": [0.3, 1.0, 3.0]}"
exact,1,DK2,dirichlet_mae,cma_grapes,0.10037725532172458,0.0,111.71553857235008,True,random_search_complete,"{""draws_evaluated"": 30000, ""alphas"": [0.3, 1.0, 3.0]}"
exact,1,DK2,slsqp_mae,gfs,0.0408587836921048,0.0,111.5278739449029,True,Optimization terminated successfully,"{""optimized_objective"": ""mae"", ""optimized_objective_value"": 111.5278739449029, ""attempts"": [{""start"": 1, ""success"": true, ""objective"": 111.52788990460537, ""message"": ""Optimization terminated successfully""}, {""start"": 2, ""success"": true, ""objective"": 111.52947260716188, ""message"": ""Optimization terminated successfully""}, {""start"": 3, ""success"": true, ""objective"": 111.52806875387503, ""message"": ""Optimization terminated successfully""}, {""start"": 4, ""success"": true, ""objective"": 111.52808803307269, ""message"": ""Optimization terminated successfully""}, {""start"": 5, ""success"": true, ""objective"": 111.5285135781796, ""message"": ""Optimization terminated successfully""}, {""start"": 6, ""success"": true, ""objective"": 111.52844648435654, ""message"": ""Optimization terminated successfully""}, {""start"": 7, ""success"": true, ""objective"": 111.52821840240384, ""message"": ""Optimization terminated successfully""}, {""start"": 8, ""success"": true, ""objective"": 111.52821388344893, ""message"": ""Optimization terminated successfully""}, {""start"": 9, ""success"": true, ""objective"": 111.52849634758293, ""message"": ""Optimization terminated successfully""}, {""start"": 10, ""success"": true, ""objective"": 111.52792520803794, ""message"": ""Optimization terminated successfully""}, {""start"": 11, ""success"": true, ""objective"": 111.52819919051335, ""message"": ""Optimization terminated successfully""}, {""start"": 12, ""success"": true, ""objective"": 111.52878150258934, ""message"": ""Optimization terminated successfully""}, {""start"": 13, ""success"": true, ""objective"": 111.52862650460084, ""message"": ""Optimization terminated successfully""}, {""start"": 14, ""success"": true, ""objective"": 111.5278739449029, ""message"": ""Optimization terminated successfully""}, {""start"": 15, ""success"": true, ""objective"": 111.52852912868674, ""message"": ""Optimization terminated successfully""}, {""start"": 16, ""success"": true, ""objective"": 111.52811454551096, ""message"": ""Optimization terminated successfully""}]}"
exact,1,DK2,slsqp_mae,icon_eu,0.4670951389764687,0.0,111.5278739449029,True,Optimization terminated successfully,"{""optimized_objective"": ""mae"", ""optimized_objective_value"": 111.5278739449029, ""attempts"": [{""start"": 1, ""success"": true, ""objective"": 111.52788990460537, ""message"": ""Optimization terminated successfully""}, {""start"": 2, ""success"": true, ""objective"": 111.52947260716188, ""message"": ""Optimization terminated successfully""}, {""start"": 3, ""success"": true, ""objective"": 111.52806875387503, ""message"": ""Optimization terminated successfully""}, {""start"": 4, ""success"": true, ""objective"": 111.52808803307269, ""message"": ""Optimization terminated successfully""}, {""start"": 5, ""success"": true, ""objective"": 111.5285135781796, ""message"": ""Optimization terminated successfully""}, {""start"": 6, ""success"": true, ""objective"": 111.52844648435654, ""message"": ""Optimization terminated successfully""}, {""start"": 7, ""success"": true, ""objective"": 111.52821840240384, ""message"": ""Optimization terminated successfully""}, {""start"": 8, ""success"": true, ""objective"": 111.52821388344893, ""message"": ""Optimization terminated successfully""}, {""start"": 9, ""success"": true, ""objective"": 111.52849634758293, ""message"": ""Optimization terminated successfully""}, {""start"": 10, ""success"": true, ""objective"": 111.52792520803794, ""message"": ""Optimization terminated successfully""}, {""start"": 11, ""success"": true, ""objective"": 111.52819919051335, ""message"": ""Optimization terminated successfully""}, {""start"": 12, ""success"": true, ""objective"": 111.52878150258934, ""message"": ""Optimization terminated successfully""}, {""start"": 13, ""success"": true, ""objective"": 111.52862650460084, ""message"": ""Optimization terminated successfully""}, {""start"": 14, ""success"": true, ""objective"": 111.5278739449029, ""message"": ""Optimization terminated successfully""}, {""start"": 15, ""success"": true, ""objective"": 111.52852912868674, ""message"": ""Optimization terminated successfully""}, {""start"": 16, ""success"": true, ""objective"": 111.52811454551096, ""message"": ""Optimization terminated successfully""}]}"
exact,1,DK2,slsqp_mae,ecmwf,0.26774577565496155,0.0,111.5278739449029,True,Optimization terminated successfully,"{""optimized_objective"": ""mae"", ""optimized_objective_value"": 111.5278739449029, ""attempts"": [{""start"": 1, ""success"": true, ""objective"": 111.52788990460537, ""message"": ""Optimization terminated successfully""}, {""start"": 2, ""success"": true, ""objective"": 111.52947260716188, ""message"": ""Optimization terminated successfully""}, {""start"": 3, ""success"": true, ""objective"": 111.52806875387503, ""message"": ""Optimization terminated successfully""}, {""start"": 4, ""success"": true, ""objective"": 111.52808803307269, ""message"": ""Optimization terminated successfully""}, {""start"": 5, ""success"": true, ""objective"": 111.5285135781796, ""message"": ""Optimization terminated successfully""}, {""start"": 6, ""success"": true, ""objective"": 111.52844648435654, ""message"": ""Optimization terminated successfully""}, {""start"": 7, ""success"": true, ""objective"": 111.52821840240384, ""message"": ""Optimization terminated successfully""}, {""start"": 8, ""success"": true, ""objective"": 111.52821388344893, ""message"": ""Optimization terminated successfully""}, {""start"": 9, ""success"": true, ""objective"": 111.52849634758293, ""message"": ""Optimization terminated successfully""}, {""start"": 10, ""success"": true, ""objective"": 111.52792520803794, ""message"": ""Optimization terminated successfully""}, {""start"": 11, ""success"": true, ""objective"": 111.52819919051335, ""message"": ""Optimization terminated successfully""}, {""start"": 12, ""success"": true, ""objective"": 111.52878150258934, ""message"": ""Optimization terminated successfully""}, {""start"": 13, ""success"": true, ""objective"": 111.52862650460084, ""message"": ""Optimization terminated successfully""}, {""start"": 14, ""success"": true, ""objective"": 111.5278739449029, ""message"": ""Optimization terminated successfully""}, {""start"": 15, ""success"": true, ""objective"": 111.52852912868674, ""message"": ""Optimization terminated successfully""}, {""start"": 16, ""success"": true, ""objective"": 111.52811454551096, ""message"": ""Optimization terminated successfully""}]}"
exact,1,DK2,slsqp_mae,dmi,0.11736118652888002,0.0,111.5278739449029,True,Optimization terminated successfully,"{""optimized_objective"": ""mae"", ""optimized_objective_value"": 111.5278739449029, ""attempts"": [{""start"": 1, ""success"": true, ""objective"": 111.52788990460537, ""message"": ""Optimization terminated successfully""}, {""start"": 2, ""success"": true, ""objective"": 111.52947260716188, ""message"": ""Optimization terminated successfully""}, {""start"": 3, ""success"": true, ""objective"": 111.52806875387503, ""message"": ""Optimization terminated successfully""}, {""start"": 4, ""success"": true, ""objective"": 111.52808803307269, ""message"": ""Optimization terminated successfully""}, {""start"": 5, ""success"": true, ""objective"": 111.5285135781796, ""message"": ""Optimization terminated successfully""}, {""start"": 6, ""success"": true, ""objective"": 111.52844648435654, ""message"": ""Optimization terminated successfully""}, {""start"": 7, ""success"": true, ""objective"": 111.52821840240384, ""message"": ""Optimization terminated successfully""}, {""start"": 8, ""success"": true, ""objective"": 111.52821388344893, ""message"": ""Optimization terminated successfully""}, {""start"": 9, ""success"": true, ""objective"": 111.52849634758293, ""message"": ""Optimization terminated successfully""}, {""start"": 10, ""success"": true, ""objective"": 111.52792520803794, ""message"": ""Optimization terminated successfully""}, {""start"": 11, ""success"": true, ""objective"": 111.52819919051335, ""message"": ""Optimization terminated successfully""}, {""start"": 12, ""success"": true, ""objective"": 111.52878150258934, ""message"": ""Optimization terminated successfully""}, {""start"": 13, ""success"": true, ""objective"": 111.52862650460084, ""message"": ""Optimization terminated successfully""}, {""start"": 14, ""success"": true, ""objective"": 111.5278739449029, ""message"": ""Optimization terminated successfully""}, {""start"": 15, ""success"": true, ""objective"": 111.52852912868674, ""message"": ""Optimization terminated successfully""}, {""start"": 16, ""success"": true, ""objective"": 111.52811454551096, ""message"": ""Optimization terminated successfully""}]}"
exact,1,DK2,slsqp_mae,arpege_europe,0.026645120044912485,0.0,111.5278739449029,True,Optimization terminated successfully,"{""optimized_objective"": ""mae"", ""optimized_objective_value"": 111.5278739449029, ""attempts"": [{""start"": 1, ""success"": true, ""objective"": 111.52788990460537, ""message"": ""Optimization terminated successfully""}, {""start"": 2, ""success"": true, ""objective"": 111.52947260716188, ""message"": ""Optimization terminated successfully""}, {""start"": 3, ""success"": true, ""objective"": 111.52806875387503, ""message"": ""Optimization terminated successfully""}, {""start"": 4, ""success"": true, ""objective"": 111.52808803307269, ""message"": ""Optimization terminated successfully""}, {""start"": 5, ""success"": true, ""objective"": 111.5285135781796, ""message"": ""Optimization terminated successfully""}, {""start"": 6, ""success"": true, ""objective"": 111.52844648435654, ""message"": ""Optimization terminated successfully""}, {""start"": 7, ""success"": true, ""objective"": 111.52821840240384, ""message"": ""Optimization terminated successfully""}, {""start"": 8, ""success"": true, ""objective"": 111.52821388344893, ""message"": ""Optimization terminated successfully""}, {""start"": 9, ""success"": true, ""objective"": 111.52849634758293, ""message"": ""Optimization terminated successfully""}, {""start"": 10, ""success"": true, ""objective"": 111.52792520803794, ""message"": ""Optimization terminated successfully""}, {""start"": 11, ""success"": true, ""objective"": 111.52819919051335, ""message"": ""Optimization terminated successfully""}, {""start"": 12, ""success"": true, ""objective"": 111.52878150258934, ""message"": ""Optimization terminated successfully""}, {""start"": 13, ""success"": true, ""objective"": 111.52862650460084, ""message"": ""Optimization terminated successfully""}, {""start"": 14, ""success"": true, ""objective"": 111.5278739449029, ""message"": ""Optimization terminated successfully""}, {""start"": 15, ""success"": true, ""objective"": 111.52852912868674, ""message"": ""Optimization terminated successfully""}, {""start"": 16, ""success"": true, ""objective"": 111.52811454551096, ""message"": ""Optimization terminated successfully""}]}"
exact,1,DK2,slsqp_mae,ukmo_global,9.632860298975866e-07,0.0,111.5278739449029,True,Optimization terminated successfully,"{""optimized_objective"": ""mae"", ""optimized_objective_value"": 111.5278739449029, ""attempts"": [{""start"": 1, ""success"": true, ""objective"": 111.52788990460537, ""message"": ""Optimization terminated successfully""}, {""start"": 2, ""success"": true, ""objective"": 111.52947260716188, ""message"": ""Optimization terminated successfully""}, {""start"": 3, ""success"": true, ""objective"": 111.52806875387503, ""message"": ""Optimization terminated successfully""}, {""start"": 4, ""success"": true, ""objective"": 111.52808803307269, ""message"": ""Optimization terminated successfully""}, {""start"": 5, ""success"": true, ""objective"": 111.5285135781796, ""message"": ""Optimization terminated successfully""}, {""start"": 6, ""success"": true, ""objective"": 111.52844648435654, ""message"": ""Optimization terminated successfully""}, {""start"": 7, ""success"": true, ""objective"": 111.52821840240384, ""message"": ""Optimization terminated successfully""}, {""start"": 8, ""success"": true, ""objective"": 111.52821388344893, ""message"": ""Optimization terminated successfully""}, {""start"": 9, ""success"": true, ""objective"": 111.52849634758293, ""message"": ""Optimization terminated successfully""}, {""start"": 10, ""success"": true, ""objective"": 111.52792520803794, ""message"": ""Optimization terminated successfully""}, {""start"": 11, ""success"": true, ""objective"": 111.52819919051335, ""message"": ""Optimization terminated successfully""}, {""start"": 12, ""success"": true, ""objective"": 111.52878150258934, ""message"": ""Optimization terminated successfully""}, {""start"": 13, ""success"": true, ""objective"": 111.52862650460084, ""message"": ""Optimization terminated successfully""}, {""start"": 14, ""success"": true, ""objective"": 111.5278739449029, ""message"": ""Optimization terminated successfully""}, {""start"": 15, ""success"": true, ""objective"": 111.52852912868674, ""message"": ""Optimization terminated successfully""}, {""start"": 16, ""success"": true, ""objective"": 111.52811454551096, ""message"": ""Optimization terminated successfully""}]}"
exact,1,DK2,slsqp_mae,cma_grapes,0.0802930318166424,0.0,111.5278739449029,True,Optimization terminated successfully,"{""optimized_objective"": ""mae"", ""optimized_objective_value"": 111.5278739449029, ""attempts"": [{""start"": 1, ""success"": true, ""objective"": 111.52788990460537, ""message"": ""Optimization terminated successfully""}, {""start"": 2, ""success"": true, ""objective"": 111.52947260716188, ""message"": ""Optimization terminated successfully""}, {""start"": 3, ""success"": true, ""objective"": 111.52806875387503, ""message"": ""Optimization terminated successfully""}, {""start"": 4, ""success"": true, ""objective"": 111.52808803307269, ""message"": ""Optimization terminated successfully""}, {""start"": 5, ""success"": true, ""objective"": 111.5285135781796, ""message"": ""Optimization terminated successfully""}, {""start"": 6, ""success"": true, ""objective"": 111.52844648435654, ""message"": ""Optimization terminated successfully""}, {""start"": 7, ""success"": true, ""objective"": 111.52821840240384, ""message"": ""Optimization terminated successfully""}, {""start"": 8, ""success"": true, ""objective"": 111.52821388344893, ""message"": ""Optimization terminated successfully""}, {""start"": 9, ""success"": true, ""objective"": 111.52849634758293, ""message"": ""Optimization terminated successfully""}, {""start"": 10, ""success"": true, ""objective"": 111.52792520803794, ""message"": ""Optimization terminated successfully""}, {""start"": 11, ""success"": true, ""objective"": 111.52819919051335, ""message"": ""Optimization terminated successfully""}, {""start"": 12, ""success"": true, ""objective"": 111.52878150258934, ""message"": ""Optimization terminated successfully""}, {""start"": 13, ""success"": true, ""objective"": 111.52862650460084, ""message"": ""Optimization terminated successfully""}, {""start"": 14, ""success"": true, ""objective"": 111.5278739449029, ""message"": ""Optimization terminated successfully""}, {""start"": 15, ""success"": true, ""objective"": 111.52852912868674, ""message"": ""Optimization terminated successfully""}, {""start"": 16, ""success"": true, ""objective"": 111.52811454551096, ""message"": ""Optimization terminated successfully""}]}"
exact,1,DK2,slsqp_mse,gfs,0.0,0.0,112.50126301486394,False,Positive directional derivative for linesearch,"{""optimized_objective"": ""mse"", ""optimized_objective_value"": 21716.527783385412, ""attempts"": [{""start"": 1, ""success"": true, ""objective"": 21716.527783438443, ""message"": ""Optimization terminated successfully""}, {""start"": 2, ""success"": true, ""objective"": 21716.527787008785, ""message"": ""Optimization terminated successfully""}, {""start"": 3, ""success"": false, ""objective"": 21716.52778542706, ""message"": ""Positive directional derivative for linesearch""}, {""start"": 4, ""success"": true, ""objective"": 21716.527783433572, ""message"": ""Optimization terminated successfully""}, {""start"": 5, ""success"": true, ""objective"": 21716.527783393303, ""message"": ""Optimization terminated successfully""}, {""start"": 6, ""success"": true, ""objective"": 21716.527783434623, ""message"": ""Optimization terminated successfully""}, {""start"": 7, ""success"": true, ""objective"": 21716.527783500125, ""message"": ""Optimization terminated successfully""}, {""start"": 8, ""success"": false, ""objective"": 21716.527783536876, ""message"": ""Positive directional derivative for linesearch""}, {""start"": 9, ""success"": true, ""objective"": 21716.52778434177, ""message"": ""Optimization terminated successfully""}, {""start"": 10, ""success"": false, ""objective"": 21716.527783385412, ""message"": ""Positive directional derivative for linesearch""}, {""start"": 11, ""success"": true, ""objective"": 21716.52778355565, ""message"": ""Optimization terminated successfully""}, {""start"": 12, ""success"": true, ""objective"": 21716.527783388567, ""message"": ""Optimization terminated successfully""}, {""start"": 13, ""success"": false, ""objective"": 21716.527811644813, ""message"": ""Positive directional derivative for linesearch""}, {""start"": 14, ""success"": true, ""objective"": 21716.527783480393, ""message"": ""Optimization terminated successfully""}, {""start"": 15, ""success"": false, ""objective"": 21716.52778579166, ""message"": ""Positive directional derivative for linesearch""}, {""start"": 16, ""success"": false, ""objective"": 21716.527788325133, ""message"": ""Positive directional derivative for linesearch""}]}"
exact,1,DK2,slsqp_mse,icon_eu,0.4934352625966032,0.0,112.50126301486394,False,Positive directional derivative for linesearch,"{""optimized_objective"": ""mse"", ""optimized_objective_value"": 21716.527783385412, ""attempts"": [{""start"": 1, ""success"": true, ""objective"": 21716.527783438443, ""message"": ""Optimization terminated successfully""}, {""start"": 2, ""success"": true, ""objective"": 21716.527787008785, ""message"": ""Optimization terminated successfully""}, {""start"": 3, ""success"": false, ""objective"": 21716.52778542706, ""message"": ""Positive directional derivative for linesearch""}, {""start"": 4, ""success"": true, ""objective"": 21716.527783433572, ""message"": ""Optimization terminated successfully""}, {""start"": 5, ""success"": true, ""objective"": 21716.527783393303, ""message"": ""Optimization terminated successfully""}, {""start"": 6, ""success"": true, ""objective"": 21716.527783434623, ""message"": ""Optimization terminated successfully""}, {""start"": 7, ""success"": true, ""objective"": 21716.527783500125, ""message"": ""Optimization terminated successfully""}, {""start"": 8, ""success"": false, ""objective"": 21716.527783536876, ""message"": ""Positive directional derivative for linesearch""}, {""start"": 9, ""success"": true, ""objective"": 21716.52778434177, ""message"": ""Optimization terminated successfully""}, {""start"": 10, ""success"": false, ""objective"": 21716.527783385412, ""message"": ""Positive directional derivative for linesearch""}, {""start"": 11, ""success"": true, ""objective"": 21716.52778355565, ""message"": ""Optimization terminated successfully""}, {""start"": 12, ""success"": true, ""objective"": 21716.527783388567, ""message"": ""Optimization terminated successfully""}, {""start"": 13, ""success"": false, ""objective"": 21716.527811644813, ""message"": ""Positive directional derivative for linesearch""}, {""start"": 14, ""success"": true, ""objective"": 21716.527783480393, ""message"": ""Optimization terminated successfully""}, {""start"": 15, ""success"": false, ""objective"": 21716.52778579166, ""message"": ""Positive directional derivative for linesearch""}, {""start"": 16, ""success"": false, ""objective"": 21716.527788325133, ""message"": ""Positive directional derivative for linesearch""}]}"
exact,1,DK2,slsqp_mse,ecmwf,0.15918091031927065,0.0,112.50126301486394,False,Positive directional derivative for linesearch,"{""optimized_objective"": ""mse"", ""optimized_objective_value"": 21716.527783385412, ""attempts"": [{""start"": 1, ""success"": true, ""objective"": 21716.527783438443, ""message"": ""Optimization terminated successfully""}, {""start"": 2, ""success"": true, ""objective"": 21716.527787008785, ""message"": ""Optimization terminated successfully""}, {""start"": 3, ""success"": false, ""objective"": 21716.52778542706, ""message"": ""Positive directional derivative for linesearch""}, {""start"": 4, ""success"": true, ""objective"": 21716.527783433572, ""message"": ""Optimization terminated successfully""}, {""start"": 5, ""success"": true, ""objective"": 21716.527783393303, ""message"": ""Optimization terminated successfully""}, {""start"": 6, ""success"": true, ""objective"": 21716.527783434623, ""message"": ""Optimization terminated successfully""}, {""start"": 7, ""success"": true, ""objective"": 21716.527783500125, ""message"": ""Optimization terminated successfully""}, {""start"": 8, ""success"": false, ""objective"": 21716.527783536876, ""message"": ""Positive directional derivative for linesearch""}, {""start"": 9, ""success"": true, ""objective"": 21716.52778434177, ""message"": ""Optimization terminated successfully""}, {""start"": 10, ""success"": false, ""objective"": 21716.527783385412, ""message"": ""Positive directional derivative for linesearch""}, {""start"": 11, ""success"": true, ""objective"": 21716.52778355565, ""message"": ""Optimization terminated successfully""}, {""start"": 12, ""success"": true, ""objective"": 21716.527783388567, ""message"": ""Optimization terminated successfully""}, {""start"": 13, ""success"": false, ""objective"": 21716.527811644813, ""message"": ""Positive directional derivative for linesearch""}, {""start"": 14, ""success"": true, ""objective"": 21716.527783480393, ""message"": ""Optimization terminated successfully""}, {""start"": 15, ""success"": false, ""objective"": 21716.52778579166, ""message"": ""Positive directional derivative for linesearch""}, {""start"": 16, ""success"": false, ""objective"": 21716.527788325133, ""message"": ""Positive directional derivative for linesearch""}]}"
exact,1,DK2,slsqp_mse,dmi,0.08802137420921403,0.0,112.50126301486394,False,Positive directional derivative for linesearch,"{""optimized_objective"": ""mse"", ""optimized_objective_value"": 21716.527783385412, ""attempts"": [{""start"": 1, ""success"": true, ""objective"": 21716.527783438443, ""message"": ""Optimization terminated successfully""}, {""start"": 2, ""success"": true, ""objective"": 21716.527787008785, ""message"": ""Optimization terminated successfully""}, {""start"": 3, ""success"": false, ""objective"": 21716.52778542706, ""message"": ""Positive directional derivative for linesearch""}, {""start"": 4, ""success"": true, ""objective"": 21716.527783433572, ""message"": ""Optimization terminated successfully""}, {""start"": 5, ""success"": true, ""objective"": 21716.527783393303, ""message"": ""Optimization terminated successfully""}, {""start"": 6, ""success"": true, ""objective"": 21716.527783434623, ""message"": ""Optimization terminated successfully""}, {""start"": 7, ""success"": true, ""objective"": 21716.527783500125, ""message"": ""Optimization terminated successfully""}, {""start"": 8, ""success"": false, ""objective"": 21716.527783536876, ""message"": ""Positive directional derivative for linesearch""}, {""start"": 9, ""success"": true, ""objective"": 21716.52778434177, ""message"": ""Optimization terminated successfully""}, {""start"": 10, ""success"": false, ""objective"": 21716.527783385412, ""message"": ""Positive directional derivative for linesearch""}, {""start"": 11, ""success"": true, ""objective"": 21716.52778355565, ""message"": ""Optimization terminated successfully""}, {""start"": 12, ""success"": true, ""objective"": 21716.527783388567, ""message"": ""Optimization terminated successfully""}, {""start"": 13, ""success"": false, ""objective"": 21716.527811644813, ""message"": ""Positive directional derivative for linesearch""}, {""start"": 14, ""success"": true, ""objective"": 21716.527783480393, ""message"": ""Optimization terminated successfully""}, {""start"": 15, ""success"": false, ""objective"": 21716.52778579166, ""message"": ""Positive directional derivative for linesearch""}, {""start"": 16, ""success"": false, ""objective"": 21716.527788325133, ""message"": ""Positive directional derivative for linesearch""}]}"
exact,1,DK2,slsqp_mse,arpege_europe,0.050434845104259475,0.0,112.50126301486394,False,Positive directional derivative for linesearch,"{""optimized_objective"": ""mse"", ""optimized_objective_value"": 21716.527783385412, ""attempts"": [{""start"": 1, ""success"": true, ""objective"": 21716.527783438443, ""message"": ""Optimization terminated successfully""}, {""start"": 2, ""success"": true, ""objective"": 21716.527787008785, ""message"": ""Optimization terminated successfully""}, {""start"": 3, ""success"": false, ""objective"": 21716.52778542706, ""message"": ""Positive directional derivative for linesearch""}, {""start"": 4, ""success"": true, ""objective"": 21716.527783433572, ""message"": ""Optimization terminated successfully""}, {""start"": 5, ""success"": true, ""objective"": 21716.527783393303, ""message"": ""Optimization terminated successfully""}, {""start"": 6, ""success"": true, ""objective"": 21716.527783434623, ""message"": ""Optimization terminated successfully""}, {""start"": 7, ""success"": true, ""objective"": 21716.527783500125, ""message"": ""Optimization terminated successfully""}, {""start"": 8, ""success"": false, ""objective"": 21716.527783536876, ""message"": ""Positive directional derivative for linesearch""}, {""start"": 9, ""success"": true, ""objective"": 21716.52778434177, ""message"": ""Optimization terminated successfully""}, {""start"": 10, ""success"": false, ""objective"": 21716.527783385412, ""message"": ""Positive directional derivative for linesearch""}, {""start"": 11, ""success"": true, ""objective"": 21716.52778355565, ""message"": ""Optimization terminated successfully""}, {""start"": 12, ""success"": true, ""objective"": 21716.527783388567, ""message"": ""Optimization terminated successfully""}, {""start"": 13, ""success"": false, ""objective"": 21716.527811644813, ""message"": ""Positive directional derivative for linesearch""}, {""start"": 14, ""success"": true, ""objective"": 21716.527783480393, ""message"": ""Optimization terminated successfully""}, {""start"": 15, ""success"": false, ""objective"": 21716.52778579166, ""message"": ""Positive directional derivative for linesearch""}, {""start"": 16, ""success"": false, ""objective"": 21716.527788325133, ""message"": ""Positive directional derivative for linesearch""}]}"
exact,1,DK2,slsqp_mse,ukmo_global,0.0,0.0,112.50126301486394,False,Positive directional derivative for linesearch,"{""optimized_objective"": ""mse"", ""optimized_objective_value"": 21716.527783385412, ""attempts"": [{""start"": 1, ""success"": true, ""objective"": 21716.527783438443, ""message"": ""Optimization terminated successfully""}, {""start"": 2, ""success"": true, ""objective"": 21716.527787008785, ""message"": ""Optimization terminated successfully""}, {""start"": 3, ""success"": false, ""objective"": 21716.52778542706, ""message"": ""Positive directional derivative for linesearch""}, {""start"": 4, ""success"": true, ""objective"": 21716.527783433572, ""message"": ""Optimization terminated successfully""}, {""start"": 5, ""success"": true, ""objective"": 21716.527783393303, ""message"": ""Optimization terminated successfully""}, {""start"": 6, ""success"": true, ""objective"": 21716.527783434623, ""message"": ""Optimization terminated successfully""}, {""start"": 7, ""success"": true, ""objective"": 21716.527783500125, ""message"": ""Optimization terminated successfully""}, {""start"": 8, ""success"": false, ""objective"": 21716.527783536876, ""message"": ""Positive directional derivative for linesearch""}, {""start"": 9, ""success"": true, ""objective"": 21716.52778434177, ""message"": ""Optimization terminated successfully""}, {""start"": 10, ""success"": false, ""objective"": 21716.527783385412, ""message"": ""Positive directional derivative for linesearch""}, {""start"": 11, ""success"": true, ""objective"": 21716.52778355565, ""message"": ""Optimization terminated successfully""}, {""start"": 12, ""success"": true, ""objective"": 21716.527783388567, ""message"": ""Optimization terminated successfully""}, {""start"": 13, ""success"": false, ""objective"": 21716.527811644813, ""message"": ""Positive directional derivative for linesearch""}, {""start"": 14, ""success"": true, ""objective"": 21716.527783480393, ""message"": ""Optimization terminated successfully""}, {""start"": 15, ""success"": false, ""objective"": 21716.52778579166, ""message"": ""Positive directional derivative for linesearch""}, {""start"": 16, ""success"": false, ""objective"": 21716.527788325133, ""message"": ""Positive directional derivative for linesearch""}]}"
exact,1,DK2,slsqp_mse,cma_grapes,0.20892760777065264,0.0,112.50126301486394,False,Positive directional derivative for linesearch,"{""optimized_objective"": ""mse"", ""optimized_objective_value"": 21716.527783385412, ""attempts"": [{""start"": 1, ""success"": true, ""objective"": 21716.527783438443, ""message"": ""Optimization terminated successfully""}, {""start"": 2, ""success"": true, ""objective"": 21716.527787008785, ""message"": ""Optimization terminated successfully""}, {""start"": 3, ""success"": false, ""objective"": 21716.52778542706, ""message"": ""Positive directional derivative for linesearch""}, {""start"": 4, ""success"": true, ""objective"": 21716.527783433572, ""message"": ""Optimization terminated successfully""}, {""start"": 5, ""success"": true, ""objective"": 21716.527783393303, ""message"": ""Optimization terminated successfully""}, {""start"": 6, ""success"": true, ""objective"": 21716.527783434623, ""message"": ""Optimization terminated successfully""}, {""start"": 7, ""success"": true, ""objective"": 21716.527783500125, ""message"": ""Optimization terminated successfully""}, {""start"": 8, ""success"": false, ""objective"": 21716.527783536876, ""message"": ""Positive directional derivative for linesearch""}, {""start"": 9, ""success"": true, ""objective"": 21716.52778434177, ""message"": ""Optimization terminated successfully""}, {""start"": 10, ""success"": false, ""objective"": 21716.527783385412, ""message"": ""Positive directional derivative for linesearch""}, {""start"": 11, ""success"": true, ""objective"": 21716.52778355565, ""message"": ""Optimization terminated successfully""}, {""start"": 12, ""success"": true, ""objective"": 21716.527783388567, ""message"": ""Optimization terminated successfully""}, {""start"": 13, ""success"": false, ""objective"": 21716.527811644813, ""message"": ""Positive directional derivative for linesearch""}, {""start"": 14, ""success"": true, ""objective"": 21716.527783480393, ""message"": ""Optimization terminated successfully""}, {""start"": 15, ""success"": false, ""objective"": 21716.52778579166, ""message"": ""Positive directional derivative for linesearch""}, {""start"": 16, ""success"": false, ""objective"": 21716.527788325133, ""message"": ""Positive directional derivative for linesearch""}]}"
exact,1,DK2,slsqp_mae_median_intercept,gfs,0.0408587836921048,-35.631770712999945,107.13881483667215,True,secondary_median_intercept_robustness,"{""base_method"": ""slsqp_mae""}"
exact,1,DK2,slsqp_mae_median_intercept,icon_eu,0.4670951389764687,-35.631770712999945,107.13881483667215,True,secondary_median_intercept_robustness,"{""base_method"": ""slsqp_mae""}"
exact,1,DK2,slsqp_mae_median_intercept,ecmwf,0.26774577565496155,-35.631770712999945,107.13881483667215,True,secondary_median_intercept_robustness,"{""base_method"": ""slsqp_mae""}"
exact,1,DK2,slsqp_mae_median_intercept,dmi,0.11736118652888002,-35.631770712999945,107.13881483667215,True,secondary_median_intercept_robustness,"{""base_method"": ""slsqp_mae""}"
exact,1,DK2,slsqp_mae_median_intercept,arpege_europe,0.026645120044912485,-35.631770712999945,107.13881483667215,True,secondary_median_intercept_robustness,"{""base_method"": ""slsqp_mae""}"
exact,1,DK2,slsqp_mae_median_intercept,ukmo_global,9.632860298975866e-07,-35.631770712999945,107.13881483667215,True,secondary_median_intercept_robustness,"{""base_method"": ""slsqp_mae""}"
exact,1,DK2,slsqp_mae_median_intercept,cma_grapes,0.0802930318166424,-35.631770712999945,107.13881483667215,True,secondary_median_intercept_robustness,"{""base_method"": ""slsqp_mae""}"
exact,2,DK1,equal_weight,gfs,0.14285714285714285,0.0,343.1116830887221,True,closed_form,null
exact,2,DK1,equal_weight,icon_eu,0.14285714285714285,0.0,343.1116830887221,True,closed_form,null
exact,2,DK1,equal_weight,ecmwf,0.14285714285714285,0.0,343.1116830887221,True,closed_form,null
exact,2,DK1,equal_weight,dmi,0.14285714285714285,0.0,343.1116830887221,True,closed_form,null
exact,2,DK1,equal_weight,arpege_europe,0.14285714285714285,0.0,343.1116830887221,True,closed_form,null
exact,2,DK1,equal_weight,ukmo_global,0.14285714285714285,0.0,343.1116830887221,True,closed_form,null
exact,2,DK1,equal_weight,cma_grapes,0.14285714285714285,0.0,343.1116830887221,True,closed_form,null
exact,2,DK1,best_validation_expert,gfs,0.0,0.0,362.9835888685104,True,one_hot_lowest_validation_mae,"{""best_position"": 1, ""expert_mae"": [420.1241977559388, 362.9835888685104, 370.47616793268844, 454.184541530186, 405.5033057332415, 456.8380617190183, 461.7126172750199]}"
exact,2,DK1,best_validation_expert,icon_eu,1.0,0.0,362.9835888685104,True,one_hot_lowest_validation_mae,"{""best_position"": 1, ""expert_mae"": [420.1241977559388, 362.9835888685104, 370.47616793268844, 454.184541530186, 405.5033057332415, 456.8380617190183, 461.7126172750199]}"
exact,2,DK1,best_validation_expert,ecmwf,0.0,0.0,362.9835888685104,True,one_hot_lowest_validation_mae,"{""best_position"": 1, ""expert_mae"": [420.1241977559388, 362.9835888685104, 370.47616793268844, 454.184541530186, 405.5033057332415, 456.8380617190183, 461.7126172750199]}"
exact,2,DK1,best_validation_expert,dmi,0.0,0.0,362.9835888685104,True,one_hot_lowest_validation_mae,"{""best_position"": 1, ""expert_mae"": [420.1241977559388, 362.9835888685104, 370.47616793268844, 454.184541530186, 405.5033057332415, 456.8380617190183, 461.7126172750199]}"
exact,2,DK1,best_validation_expert,arpege_europe,0.0,0.0,362.9835888685104,True,one_hot_lowest_validation_mae,"{""best_position"": 1, ""expert_mae"": [420.1241977559388, 362.9835888685104, 370.47616793268844, 454.184541530186, 405.5033057332415, 456.8380617190183, 461.7126172750199]}"
exact,2,DK1,best_validation_expert,ukmo_global,0.0,0.0,362.9835888685104,True,one_hot_lowest_validation_mae,"{""best_position"": 1, ""expert_mae"": [420.1241977559388, 362.9835888685104, 370.47616793268844, 454.184541530186, 405.5033057332415, 456.8380617190183, 461.7126172750199]}"
exact,2,DK1,best_validation_expert,cma_grapes,0.0,0.0,362.9835888685104,True,one_hot_lowest_validation_mae,"{""best_position"": 1, ""expert_mae"": [420.1241977559388, 362.9835888685104, 370.47616793268844, 454.184541530186, 405.5033057332415, 456.8380617190183, 461.7126172750199]}"
exact,2,DK1,inverse_mae,gfs,0.14120195124780116,0.0,341.09569284757947,True,inverse_validation_mae,"{""expert_mae"": [420.1241977559388, 362.9835888685104, 370.47616793268844, 454.184541530186, 405.5033057332415, 456.8380617190183, 461.7126172750199]}"
exact,2,DK1,inverse_mae,icon_eu,0.16342985828712683,0.0,341.09569284757947,True,inverse_validation_mae,"{""expert_mae"": [420.1241977559388, 362.9835888685104, 370.47616793268844, 454.184541530186, 405.5033057332415, 456.8380617190183, 461.7126172750199]}"
exact,2,DK1,inverse_mae,ecmwf,0.16012462237556033,0.0,341.09569284757947,True,inverse_validation_mae,"{""expert_mae"": [420.1241977559388, 362.9835888685104, 370.47616793268844, 454.184541530186, 405.5033057332415, 456.8380617190183, 461.7126172750199]}"
exact,2,DK1,inverse_mae,dmi,0.13061289204119436,0.0,341.09569284757947,True,inverse_validation_mae,"{""expert_mae"": [420.1241977559388, 362.9835888685104, 370.47616793268844, 454.184541530186, 405.5033057332415, 456.8380617190183, 461.7126172750199]}"
exact,2,DK1,inverse_mae,arpege_europe,0.14629315137699436,0.0,341.09569284757947,True,inverse_validation_mae,"{""expert_mae"": [420.1241977559388, 362.9835888685104, 370.47616793268844, 454.184541530186, 405.5033057332415, 456.8380617190183, 461.7126172750199]}"
exact,2,DK1,inverse_mae,ukmo_global,0.12985423383167183,0.0,341.09569284757947,True,inverse_validation_mae,"{""expert_mae"": [420.1241977559388, 362.9835888685104, 370.47616793268844, 454.184541530186, 405.5033057332415, 456.8380617190183, 461.7126172750199]}"
exact,2,DK1,inverse_mae,cma_grapes,0.12848329083965093,0.0,341.09569284757947,True,inverse_validation_mae,"{""expert_mae"": [420.1241977559388, 362.9835888685104, 370.47616793268844, 454.184541530186, 405.5033057332415, 456.8380617190183, 461.7126172750199]}"
exact,2,DK1,dirichlet_mae,gfs,0.06410479707909617,0.0,329.82000562583767,True,random_search_complete,"{""draws_evaluated"": 30000, ""alphas"": [0.3, 1.0, 3.0]}"
exact,2,DK1,dirichlet_mae,icon_eu,0.34286405737365183,0.0,329.82000562583767,True,random_search_complete,"{""draws_evaluated"": 30000, ""alphas"": [0.3, 1.0, 3.0]}"
exact,2,DK1,dirichlet_mae,ecmwf,0.34312472227576785,0.0,329.82000562583767,True,random_search_complete,"{""draws_evaluated"": 30000, ""alphas"": [0.3, 1.0, 3.0]}"
exact,2,DK1,dirichlet_mae,dmi,0.06751163222213014,0.0,329.82000562583767,True,random_search_complete,"{""draws_evaluated"": 30000, ""alphas"": [0.3, 1.0, 3.0]}"
exact,2,DK1,dirichlet_mae,arpege_europe,1.0080397378767948e-05,0.0,329.82000562583767,True,random_search_complete,"{""draws_evaluated"": 30000, ""alphas"": [0.3, 1.0, 3.0]}"
exact,2,DK1,dirichlet_mae,ukmo_global,0.057235928839216604,0.0,329.82000562583767,True,random_search_complete,"{""draws_evaluated"": 30000, ""alphas"": [0.3, 1.0, 3.0]}"
exact,2,DK1,dirichlet_mae,cma_grapes,0.12514878181275862,0.0,329.82000562583767,True,random_search_complete,"{""draws_evaluated"": 30000, ""alphas"": [0.3, 1.0, 3.0]}"
exact,2,DK1,slsqp_mae,gfs,0.07444208600790529,0.0,329.4564162003657,True,Optimization terminated successfully,"{""optimized_objective"": ""mae"", ""optimized_objective_value"": 329.4564162003657, ""attempts"": [{""start"": 1, ""success"": true, ""objective"": 329.45643136502537, ""message"": ""Optimization terminated successfully""}, {""start"": 2, ""success"": true, ""objective"": 329.45664564410754, ""message"": ""Optimization terminated successfully""}, {""start"": 3, ""success"": true, ""objective"": 329.45766336152104, ""message"": ""Optimization terminated successfully""}, {""start"": 4, ""success"": true, ""objective"": 329.45655192636207, ""message"": ""Optimization terminated successfully""}, {""start"": 5, ""success"": true, ""objective"": 329.45648084214446, ""message"": ""Optimization terminated successfully""}, {""start"": 6, ""success"": true, ""objective"": 329.4564162003657, ""message"": ""Optimization terminated successfully""}, {""start"": 7, ""success"": true, ""objective"": 329.45673551196603, ""message"": ""Optimization terminated successfully""}, {""start"": 8, ""success"": true, ""objective"": 329.45693149778964, ""message"": ""Optimization terminated successfully""}, {""start"": 9, ""success"": true, ""objective"": 329.4577901629595, ""message"": ""Optimization terminated successfully""}, {""start"": 10, ""success"": true, ""objective"": 329.45642542401725, ""message"": ""Optimization terminated successfully""}, {""start"": 11, ""success"": true, ""objective"": 329.45748096769734, ""message"": ""Optimization terminated successfully""}, {""start"": 12, ""success"": true, ""objective"": 329.45646659918003, ""message"": ""Optimization terminated successfully""}, {""start"": 13, ""success"": true, ""objective"": 329.45641909455344, ""message"": ""Optimization terminated successfully""}, {""start"": 14, ""success"": true, ""objective"": 329.45645001733476, ""message"": ""Optimization terminated successfully""}, {""start"": 15, ""success"": true, ""objective"": 329.4567307781859, ""message"": ""Optimization terminated successfully""}, {""start"": 16, ""success"": true, ""objective"": 329.45784076641746, ""message"": ""Optimization terminated successfully""}]}"
exact,2,DK1,slsqp_mae,icon_eu,0.37565055694420707,0.0,329.4564162003657,True,Optimization terminated successfully,"{""optimized_objective"": ""mae"", ""optimized_objective_value"": 329.4564162003657, ""attempts"": [{""start"": 1, ""success"": true, ""objective"": 329.45643136502537, ""message"": ""Optimization terminated successfully""}, {""start"": 2, ""success"": true, ""objective"": 329.45664564410754, ""message"": ""Optimization terminated successfully""}, {""start"": 3, ""success"": true, ""objective"": 329.45766336152104, ""message"": ""Optimization terminated successfully""}, {""start"": 4, ""success"": true, ""objective"": 329.45655192636207, ""message"": ""Optimization terminated successfully""}, {""start"": 5, ""success"": true, ""objective"": 329.45648084214446, ""message"": ""Optimization terminated successfully""}, {""start"": 6, ""success"": true, ""objective"": 329.4564162003657, ""message"": ""Optimization terminated successfully""}, {""start"": 7, ""success"": true, ""objective"": 329.45673551196603, ""message"": ""Optimization terminated successfully""}, {""start"": 8, ""success"": true, ""objective"": 329.45693149778964, ""message"": ""Optimization terminated successfully""}, {""start"": 9, ""success"": true, ""objective"": 329.4577901629595, ""message"": ""Optimization terminated successfully""}, {""start"": 10, ""success"": true, ""objective"": 329.45642542401725, ""message"": ""Optimization terminated successfully""}, {""start"": 11, ""success"": true, ""objective"": 329.45748096769734, ""message"": ""Optimization terminated successfully""}, {""start"": 12, ""success"": true, ""objective"": 329.45646659918003, ""message"": ""Optimization terminated successfully""}, {""start"": 13, ""success"": true, ""objective"": 329.45641909455344, ""message"": ""Optimization terminated successfully""}, {""start"": 14, ""success"": true, ""objective"": 329.45645001733476, ""message"": ""Optimization terminated successfully""}, {""start"": 15, ""success"": true, ""objective"": 329.4567307781859, ""message"": ""Optimization terminated successfully""}, {""start"": 16, ""success"": true, ""objective"": 329.45784076641746, ""message"": ""Optimization terminated successfully""}]}"
exact,2,DK1,slsqp_mae,ecmwf,0.381298589522341,0.0,329.4564162003657,True,Optimization terminated successfully,"{""optimized_objective"": ""mae"", ""optimized_objective_value"": 329.4564162003657, ""attempts"": [{""start"": 1, ""success"": true, ""objective"": 329.45643136502537, ""message"": ""Optimization terminated successfully""}, {""start"": 2, ""success"": true, ""objective"": 329.45664564410754, ""message"": ""Optimization terminated successfully""}, {""start"": 3, ""success"": true, ""objective"": 329.45766336152104, ""message"": ""Optimization terminated successfully""}, {""start"": 4, ""success"": true, ""objective"": 329.45655192636207, ""message"": ""Optimization terminated successfully""}, {""start"": 5, ""success"": true, ""objective"": 329.45648084214446, ""message"": ""Optimization terminated successfully""}, {""start"": 6, ""success"": true, ""objective"": 329.4564162003657, ""message"": ""Optimization terminated successfully""}, {""start"": 7, ""success"": true, ""objective"": 329.45673551196603, ""message"": ""Optimization terminated successfully""}, {""start"": 8, ""success"": true, ""objective"": 329.45693149778964, ""message"": ""Optimization terminated successfully""}, {""start"": 9, ""success"": true, ""objective"": 329.4577901629595, ""message"": ""Optimization terminated successfully""}, {""start"": 10, ""success"": true, ""objective"": 329.45642542401725, ""message"": ""Optimization terminated successfully""}, {""start"": 11, ""success"": true, ""objective"": 329.45748096769734, ""message"": ""Optimization terminated successfully""}, {""start"": 12, ""success"": true, ""objective"": 329.45646659918003, ""message"": ""Optimization terminated successfully""}, {""start"": 13, ""success"": true, ""objective"": 329.45641909455344, ""message"": ""Optimization terminated successfully""}, {""start"": 14, ""success"": true, ""objective"": 329.45645001733476, ""message"": ""Optimization terminated successfully""}, {""start"": 15, ""success"": true, ""objective"": 329.4567307781859, ""message"": ""Optimization terminated successfully""}, {""start"": 16, ""success"": true, ""objective"": 329.45784076641746, ""message"": ""Optimization terminated successfully""}]}"
exact,2,DK1,slsqp_mae,dmi,0.034979460115426096,0.0,329.4564162003657,True,Optimization terminated successfully,"{""optimized_objective"": ""mae"", ""optimized_objective_value"": 329.4564162003657, ""attempts"": [{""start"": 1, ""success"": true, ""objective"": 329.45643136502537, ""message"": ""Optimization terminated successfully""}, {""start"": 2, ""success"": true, ""objective"": 329.45664564410754, ""message"": ""Optimization terminated successfully""}, {""start"": 3, ""success"": true, ""objective"": 329.45766336152104, ""message"": ""Optimization terminated successfully""}, {""start"": 4, ""success"": true, ""objective"": 329.45655192636207, ""message"": ""Optimization terminated successfully""}, {""start"": 5, ""success"": true, ""objective"": 329.45648084214446, ""message"": ""Optimization terminated successfully""}, {""start"": 6, ""success"": true, ""objective"": 329.4564162003657, ""message"": ""Optimization terminated successfully""}, {""start"": 7, ""success"": true, ""objective"": 329.45673551196603, ""message"": ""Optimization terminated successfully""}, {""start"": 8, ""success"": true, ""objective"": 329.45693149778964, ""message"": ""Optimization terminated successfully""}, {""start"": 9, ""success"": true, ""objective"": 329.4577901629595, ""message"": ""Optimization terminated successfully""}, {""start"": 10, ""success"": true, ""objective"": 329.45642542401725, ""message"": ""Optimization terminated successfully""}, {""start"": 11, ""success"": true, ""objective"": 329.45748096769734, ""message"": ""Optimization terminated successfully""}, {""start"": 12, ""success"": true, ""objective"": 329.45646659918003, ""message"": ""Optimization terminated successfully""}, {""start"": 13, ""success"": true, ""objective"": 329.45641909455344, ""message"": ""Optimization terminated successfully""}, {""start"": 14, ""success"": true, ""objective"": 329.45645001733476, ""message"": ""Optimization terminated successfully""}, {""start"": 15, ""success"": true, ""objective"": 329.4567307781859, ""message"": ""Optimization terminated successfully""}, {""start"": 16, ""success"": true, ""objective"": 329.45784076641746, ""message"": ""Optimization terminated successfully""}]}"
exact,2,DK1,slsqp_mae,arpege_europe,0.0,0.0,329.4564162003657,True,Optimization terminated successfully,"{""optimized_objective"": ""mae"", ""optimized_objective_value"": 329.4564162003657, ""attempts"": [{""start"": 1, ""success"": true, ""objective"": 329.45643136502537, ""message"": ""Optimization terminated successfully""}, {""start"": 2, ""success"": true, ""objective"": 329.45664564410754, ""message"": ""Optimization terminated successfully""}, {""start"": 3, ""success"": true, ""objective"": 329.45766336152104, ""message"": ""Optimization terminated successfully""}, {""start"": 4, ""success"": true, ""objective"": 329.45655192636207, ""message"": ""Optimization terminated successfully""}, {""start"": 5, ""success"": true, ""objective"": 329.45648084214446, ""message"": ""Optimization terminated successfully""}, {""start"": 6, ""success"": true, ""objective"": 329.4564162003657, ""message"": ""Optimization terminated successfully""}, {""start"": 7, ""success"": true, ""objective"": 329.45673551196603, ""message"": ""Optimization terminated successfully""}, {""start"": 8, ""success"": true, ""objective"": 329.45693149778964, ""message"": ""Optimization terminated successfully""}, {""start"": 9, ""success"": true, ""objective"": 329.4577901629595, ""message"": ""Optimization terminated successfully""}, {""start"": 10, ""success"": true, ""objective"": 329.45642542401725, ""message"": ""Optimization terminated successfully""}, {""start"": 11, ""success"": true, ""objective"": 329.45748096769734, ""message"": ""Optimization terminated successfully""}, {""start"": 12, ""success"": true, ""objective"": 329.45646659918003, ""message"": ""Optimization terminated successfully""}, {""start"": 13, ""success"": true, ""objective"": 329.45641909455344, ""message"": ""Optimization terminated successfully""}, {""start"": 14, ""success"": true, ""objective"": 329.45645001733476, ""message"": ""Optimization terminated successfully""}, {""start"": 15, ""success"": true, ""objective"": 329.4567307781859, ""message"": ""Optimization terminated successfully""}, {""start"": 16, ""success"": true, ""objective"": 329.45784076641746, ""message"": ""Optimization terminated successfully""}]}"
exact,2,DK1,slsqp_mae,ukmo_global,0.0013832065890153585,0.0,329.4564162003657,True,Optimization terminated successfully,"{""optimized_objective"": ""mae"", ""optimized_objective_value"": 329.4564162003657, ""attempts"": [{""start"": 1, ""success"": true, ""objective"": 329.45643136502537, ""message"": ""Optimization terminated successfully""}, {""start"": 2, ""success"": true, ""objective"": 329.45664564410754, ""message"": ""Optimization terminated successfully""}, {""start"": 3, ""success"": true, ""objective"": 329.45766336152104, ""message"": ""Optimization terminated successfully""}, {""start"": 4, ""success"": true, ""objective"": 329.45655192636207, ""message"": ""Optimization terminated successfully""}, {""start"": 5, ""success"": true, ""objective"": 329.45648084214446, ""message"": ""Optimization terminated successfully""}, {""start"": 6, ""success"": true, ""objective"": 329.4564162003657, ""message"": ""Optimization terminated successfully""}, {""start"": 7, ""success"": true, ""objective"": 329.45673551196603, ""message"": ""Optimization terminated successfully""}, {""start"": 8, ""success"": true, ""objective"": 329.45693149778964, ""message"": ""Optimization terminated successfully""}, {""start"": 9, ""success"": true, ""objective"": 329.4577901629595, ""message"": ""Optimization terminated successfully""}, {""start"": 10, ""success"": true, ""objective"": 329.45642542401725, ""message"": ""Optimization terminated successfully""}, {""start"": 11, ""success"": true, ""objective"": 329.45748096769734, ""message"": ""Optimization terminated successfully""}, {""start"": 12, ""success"": true, ""objective"": 329.45646659918003, ""message"": ""Optimization terminated successfully""}, {""start"": 13, ""success"": true, ""objective"": 329.45641909455344, ""message"": ""Optimization terminated successfully""}, {""start"": 14, ""success"": true, ""objective"": 329.45645001733476, ""message"": ""Optimization terminated successfully""}, {""start"": 15, ""success"": true, ""objective"": 329.4567307781859, ""message"": ""Optimization terminated successfully""}, {""start"": 16, ""success"": true, ""objective"": 329.45784076641746, ""message"": ""Optimization terminated successfully""}]}"
exact,2,DK1,slsqp_mae,cma_grapes,0.13224610082110538,0.0,329.4564162003657,True,Optimization terminated successfully,"{""optimized_objective"": ""mae"", ""optimized_objective_value"": 329.4564162003657, ""attempts"": [{""start"": 1, ""success"": true, ""objective"": 329.45643136502537, ""message"": ""Optimization terminated successfully""}, {""start"": 2, ""success"": true, ""objective"": 329.45664564410754, ""message"": ""Optimization terminated successfully""}, {""start"": 3, ""success"": true, ""objective"": 329.45766336152104, ""message"": ""Optimization terminated successfully""}, {""start"": 4, ""success"": true, ""objective"": 329.45655192636207, ""message"": ""Optimization terminated successfully""}, {""start"": 5, ""success"": true, ""objective"": 329.45648084214446, ""message"": ""Optimization terminated successfully""}, {""start"": 6, ""success"": true, ""objective"": 329.4564162003657, ""message"": ""Optimization terminated successfully""}, {""start"": 7, ""success"": true, ""objective"": 329.45673551196603, ""message"": ""Optimization terminated successfully""}, {""start"": 8, ""success"": true, ""objective"": 329.45693149778964, ""message"": ""Optimization terminated successfully""}, {""start"": 9, ""success"": true, ""objective"": 329.4577901629595, ""message"": ""Optimization terminated successfully""}, {""start"": 10, ""success"": true, ""objective"": 329.45642542401725, ""message"": ""Optimization terminated successfully""}, {""start"": 11, ""success"": true, ""objective"": 329.45748096769734, ""message"": ""Optimization terminated successfully""}, {""start"": 12, ""success"": true, ""objective"": 329.45646659918003, ""message"": ""Optimization terminated successfully""}, {""start"": 13, ""success"": true, ""objective"": 329.45641909455344, ""message"": ""Optimization terminated successfully""}, {""start"": 14, ""success"": true, ""objective"": 329.45645001733476, ""message"": ""Optimization terminated successfully""}, {""start"": 15, ""success"": true, ""objective"": 329.4567307781859, ""message"": ""Optimization terminated successfully""}, {""start"": 16, ""success"": true, ""objective"": 329.45784076641746, ""message"": ""Optimization terminated successfully""}]}"
exact,2,DK1,slsqp_mse,gfs,0.025329958973154734,0.0,334.02368797607465,True,Optimization terminated successfully,"{""optimized_objective"": ""mse"", ""optimized_objective_value"": 376783.8396981723, ""attempts"": [{""start"": 1, ""success"": true, ""objective"": 403380.48067884456, ""message"": ""Optimization terminated successfully""}, {""start"": 2, ""success"": true, ""objective"": 401309.09843995224, ""message"": ""Optimization terminated successfully""}, {""start"": 3, ""success"": true, ""objective"": 377771.8859257143, ""message"": ""Optimization terminated successfully""}, {""start"": 4, ""success"": false, ""objective"": 380909.36971060885, ""message"": ""Positive directional derivative for linesearch""}, {""start"": 5, ""success"": true, ""objective"": 418814.16750347876, ""message"": ""Optimization terminated successfully""}, {""start"": 6, ""success"": true, ""objective"": 429468.76697099255, ""message"": ""Optimization terminated successfully""}, {""start"": 7, ""success"": true, ""objective"": 426478.58574806305, ""message"": ""Optimization terminated successfully""}, {""start"": 8, ""success"": true, ""objective"": 376783.8396981723, ""message"": ""Optimization terminated successfully""}, {""start"": 9, ""success"": true, ""objective"": 462272.928365038, ""message"": ""Optimization terminated successfully""}, {""start"": 10, ""success"": true, ""objective"": 431074.9858960313, ""message"": ""Optimization terminated successfully""}, {""start"": 11, ""success"": true, ""objective"": 416515.2262906727, ""message"": ""Optimization terminated successfully""}, {""start"": 12, ""success"": true, ""objective"": 421383.20505724195, ""message"": ""Optimization terminated successfully""}, {""start"": 13, ""success"": true, ""objective"": 412711.47896465956, ""message"": ""Optimization terminated successfully""}, {""start"": 14, ""success"": true, ""objective"": 424240.6454326576, ""message"": ""Optimization terminated successfully""}, {""start"": 15, ""success"": true, ""objective"": 400724.49283820053, ""message"": ""Optimization terminated successfully""}, {""start"": 16, ""success"": true, ""objective"": 448965.58139992773, ""message"": ""Optimization terminated successfully""}]}"
exact,2,DK1,slsqp_mse,icon_eu,0.4232238249808885,0.0,334.02368797607465,True,Optimization terminated successfully,"{""optimized_objective"": ""mse"", ""optimized_objective_value"": 376783.8396981723, ""attempts"": [{""start"": 1, ""success"": true, ""objective"": 403380.48067884456, ""message"": ""Optimization terminated successfully""}, {""start"": 2, ""success"": true, ""objective"": 401309.09843995224, ""message"": ""Optimization terminated successfully""}, {""start"": 3, ""success"": true, ""objective"": 377771.8859257143, ""message"": ""Optimization terminated successfully""}, {""start"": 4, ""success"": false, ""objective"": 380909.36971060885, ""message"": ""Positive directional derivative for linesearch""}, {""start"": 5, ""success"": true, ""objective"": 418814.16750347876, ""message"": ""Optimization terminated successfully""}, {""start"": 6, ""success"": true, ""objective"": 429468.76697099255, ""message"": ""Optimization terminated successfully""}, {""start"": 7, ""success"": true, ""objective"": 426478.58574806305, ""message"": ""Optimization terminated successfully""}, {""start"": 8, ""success"": true, ""objective"": 376783.8396981723, ""message"": ""Optimization terminated successfully""}, {""start"": 9, ""success"": true, ""objective"": 462272.928365038, ""message"": ""Optimization terminated successfully""}, {""start"": 10, ""success"": true, ""objective"": 431074.9858960313, ""message"": ""Optimization terminated successfully""}, {""start"": 11, ""success"": true, ""objective"": 416515.2262906727, ""message"": ""Optimization terminated successfully""}, {""start"": 12, ""success"": true, ""objective"": 421383.20505724195, ""message"": ""Optimization terminated successfully""}, {""start"": 13, ""success"": true, ""objective"": 412711.47896465956, ""message"": ""Optimization terminated successfully""}, {""start"": 14, ""success"": true, ""objective"": 424240.6454326576, ""message"": ""Optimization terminated successfully""}, {""start"": 15, ""success"": true, ""objective"": 400724.49283820053, ""message"": ""Optimization terminated successfully""}, {""start"": 16, ""success"": true, ""objective"": 448965.58139992773, ""message"": ""Optimization terminated successfully""}]}"
exact,2,DK1,slsqp_mse,ecmwf,0.29538680693058006,0.0,334.02368797607465,True,Optimization terminated successfully,"{""optimized_objective"": ""mse"", ""optimized_objective_value"": 376783.8396981723, ""attempts"": [{""start"": 1, ""success"": true, ""objective"": 403380.48067884456, ""message"": ""Optimization terminated successfully""}, {""start"": 2, ""success"": true, ""objective"": 401309.09843995224, ""message"": ""Optimization terminated successfully""}, {""start"": 3, ""success"": true, ""objective"": 377771.8859257143, ""message"": ""Optimization terminated successfully""}, {""start"": 4, ""success"": false, ""objective"": 380909.36971060885, ""message"": ""Positive directional derivative for linesearch""}, {""start"": 5, ""success"": true, ""objective"": 418814.16750347876, ""message"": ""Optimization terminated successfully""}, {""start"": 6, ""success"": true, ""objective"": 429468.76697099255, ""message"": ""Optimization terminated successfully""}, {""start"": 7, ""success"": true, ""objective"": 426478.58574806305, ""message"": ""Optimization terminated successfully""}, {""start"": 8, ""success"": true, ""objective"": 376783.8396981723, ""message"": ""Optimization terminated successfully""}, {""start"": 9, ""success"": true, ""objective"": 462272.928365038, ""message"": ""Optimization terminated successfully""}, {""start"": 10, ""success"": true, ""objective"": 431074.9858960313, ""message"": ""Optimization terminated successfully""}, {""start"": 11, ""success"": true, ""objective"": 416515.2262906727, ""message"": ""Optimization terminated successfully""}, {""start"": 12, ""success"": true, ""objective"": 421383.20505724195, ""message"": ""Optimization terminated successfully""}, {""start"": 13, ""success"": true, ""objective"": 412711.47896465956, ""message"": ""Optimization terminated successfully""}, {""start"": 14, ""success"": true, ""objective"": 424240.6454326576, ""message"": ""Optimization terminated successfully""}, {""start"": 15, ""success"": true, ""objective"": 400724.49283820053, ""message"": ""Optimization terminated successfully""}, {""start"": 16, ""success"": true, ""objective"": 448965.58139992773, ""message"": ""Optimization terminated successfully""}]}"
exact,2,DK1,slsqp_mse,dmi,9.369570874719695e-05,0.0,334.02368797607465,True,Optimization terminated successfully,"{""optimized_objective"": ""mse"", ""optimized_objective_value"": 376783.8396981723, ""attempts"": [{""start"": 1, ""success"": true, ""objective"": 403380.48067884456, ""message"": ""Optimization terminated successfully""}, {""start"": 2, ""success"": true, ""objective"": 401309.09843995224, ""message"": ""Optimization terminated successfully""}, {""start"": 3, ""success"": true, ""objective"": 377771.8859257143, ""message"": ""Optimization terminated successfully""}, {""start"": 4, ""success"": false, ""objective"": 380909.36971060885, ""message"": ""Positive directional derivative for linesearch""}, {""start"": 5, ""success"": true, ""objective"": 418814.16750347876, ""message"": ""Optimization terminated successfully""}, {""start"": 6, ""success"": true, ""objective"": 429468.76697099255, ""message"": ""Optimization terminated successfully""}, {""start"": 7, ""success"": true, ""objective"": 426478.58574806305, ""message"": ""Optimization terminated successfully""}, {""start"": 8, ""success"": true, ""objective"": 376783.8396981723, ""message"": ""Optimization terminated successfully""}, {""start"": 9, ""success"": true, ""objective"": 462272.928365038, ""message"": ""Optimization terminated successfully""}, {""start"": 10, ""success"": true, ""objective"": 431074.9858960313, ""message"": ""Optimization terminated successfully""}, {""start"": 11, ""success"": true, ""objective"": 416515.2262906727, ""message"": ""Optimization terminated successfully""}, {""start"": 12, ""success"": true, ""objective"": 421383.20505724195, ""message"": ""Optimization terminated successfully""}, {""start"": 13, ""success"": true, ""objective"": 412711.47896465956, ""message"": ""Optimization terminated successfully""}, {""start"": 14, ""success"": true, ""objective"": 424240.6454326576, ""message"": ""Optimization terminated successfully""}, {""start"": 15, ""success"": true, ""objective"": 400724.49283820053, ""message"": ""Optimization terminated successfully""}, {""start"": 16, ""success"": true, ""objective"": 448965.58139992773, ""message"": ""Optimization terminated successfully""}]}"
exact,2,DK1,slsqp_mse,arpege_europe,5.251204811846092e-05,0.0,334.02368797607465,True,Optimization terminated successfully,"{""optimized_objective"": ""mse"", ""optimized_objective_value"": 376783.8396981723, ""attempts"": [{""start"": 1, ""success"": true, ""objective"": 403380.48067884456, ""message"": ""Optimization terminated successfully""}, {""start"": 2, ""success"": true, ""objective"": 401309.09843995224, ""message"": ""Optimization terminated successfully""}, {""start"": 3, ""success"": true, ""objective"": 377771.8859257143, ""message"": ""Optimization terminated successfully""}, {""start"": 4, ""success"": false, ""objective"": 380909.36971060885, ""message"": ""Positive directional derivative for linesearch""}, {""start"": 5, ""success"": true, ""objective"": 418814.16750347876, ""message"": ""Optimization terminated successfully""}, {""start"": 6, ""success"": true, ""objective"": 429468.76697099255, ""message"": ""Optimization terminated successfully""}, {""start"": 7, ""success"": true, ""objective"": 426478.58574806305, ""message"": ""Optimization terminated successfully""}, {""start"": 8, ""success"": true, ""objective"": 376783.8396981723, ""message"": ""Optimization terminated successfully""}, {""start"": 9, ""success"": true, ""objective"": 462272.928365038, ""message"": ""Optimization terminated successfully""}, {""start"": 10, ""success"": true, ""objective"": 431074.9858960313, ""message"": ""Optimization terminated successfully""}, {""start"": 11, ""success"": true, ""objective"": 416515.2262906727, ""message"": ""Optimization terminated successfully""}, {""start"": 12, ""success"": true, ""objective"": 421383.20505724195, ""message"": ""Optimization terminated successfully""}, {""start"": 13, ""success"": true, ""objective"": 412711.47896465956, ""message"": ""Optimization terminated successfully""}, {""start"": 14, ""success"": true, ""objective"": 424240.6454326576, ""message"": ""Optimization terminated successfully""}, {""start"": 15, ""success"": true, ""objective"": 400724.49283820053, ""message"": ""Optimization terminated successfully""}, {""start"": 16, ""success"": true, ""objective"": 448965.58139992773, ""message"": ""Optimization terminated successfully""}]}"
exact,2,DK1,slsqp_mse,ukmo_global,0.00022462138703015737,0.0,334.02368797607465,True,Optimization terminated successfully,"{""optimized_objective"": ""mse"", ""optimized_objective_value"": 376783.8396981723, ""attempts"": [{""start"": 1, ""success"": true, ""objective"": 403380.48067884456, ""message"": ""Optimization terminated successfully""}, {""start"": 2, ""success"": true, ""objective"": 401309.09843995224, ""message"": ""Optimization terminated successfully""}, {""start"": 3, ""success"": true, ""objective"": 377771.8859257143, ""message"": ""Optimization terminated successfully""}, {""start"": 4, ""success"": false, ""objective"": 380909.36971060885, ""message"": ""Positive directional derivative for linesearch""}, {""start"": 5, ""success"": true, ""objective"": 418814.16750347876, ""message"": ""Optimization terminated successfully""}, {""start"": 6, ""success"": true, ""objective"": 429468.76697099255, ""message"": ""Optimization terminated successfully""}, {""start"": 7, ""success"": true, ""objective"": 426478.58574806305, ""message"": ""Optimization terminated successfully""}, {""start"": 8, ""success"": true, ""objective"": 376783.8396981723, ""message"": ""Optimization terminated successfully""}, {""start"": 9, ""success"": true, ""objective"": 462272.928365038, ""message"": ""Optimization terminated successfully""}, {""start"": 10, ""success"": true, ""objective"": 431074.9858960313, ""message"": ""Optimization terminated successfully""}, {""start"": 11, ""success"": true, ""objective"": 416515.2262906727, ""message"": ""Optimization terminated successfully""}, {""start"": 12, ""success"": true, ""objective"": 421383.20505724195, ""message"": ""Optimization terminated successfully""}, {""start"": 13, ""success"": true, ""objective"": 412711.47896465956, ""message"": ""Optimization terminated successfully""}, {""start"": 14, ""success"": true, ""objective"": 424240.6454326576, ""message"": ""Optimization terminated successfully""}, {""start"": 15, ""success"": true, ""objective"": 400724.49283820053, ""message"": ""Optimization terminated successfully""}, {""start"": 16, ""success"": true, ""objective"": 448965.58139992773, ""message"": ""Optimization terminated successfully""}]}"
exact,2,DK1,slsqp_mse,cma_grapes,0.25568857997148076,0.0,334.02368797607465,True,Optimization terminated successfully,"{""optimized_objective"": ""mse"", ""optimized_objective_value"": 376783.8396981723, ""attempts"": [{""start"": 1, ""success"": true, ""objective"": 403380.48067884456, ""message"": ""Optimization terminated successfully""}, {""start"": 2, ""success"": true, ""objective"": 401309.09843995224, ""message"": ""Optimization terminated successfully""}, {""start"": 3, ""success"": true, ""objective"": 377771.8859257143, ""message"": ""Optimization terminated successfully""}, {""start"": 4, ""success"": false, ""objective"": 380909.36971060885, ""message"": ""Positive directional derivative for linesearch""}, {""start"": 5, ""success"": true, ""objective"": 418814.16750347876, ""message"": ""Optimization terminated successfully""}, {""start"": 6, ""success"": true, ""objective"": 429468.76697099255, ""message"": ""Optimization terminated successfully""}, {""start"": 7, ""success"": true, ""objective"": 426478.58574806305, ""message"": ""Optimization terminated successfully""}, {""start"": 8, ""success"": true, ""objective"": 376783.8396981723, ""message"": ""Optimization terminated successfully""}, {""start"": 9, ""success"": true, ""objective"": 462272.928365038, ""message"": ""Optimization terminated successfully""}, {""start"": 10, ""success"": true, ""objective"": 431074.9858960313, ""message"": ""Optimization terminated successfully""}, {""start"": 11, ""success"": true, ""objective"": 416515.2262906727, ""message"": ""Optimization terminated successfully""}, {""start"": 12, ""success"": true, ""objective"": 421383.20505724195, ""message"": ""Optimization terminated successfully""}, {""start"": 13, ""success"": true, ""objective"": 412711.47896465956, ""message"": ""Optimization terminated successfully""}, {""start"": 14, ""success"": true, ""objective"": 424240.6454326576, ""message"": ""Optimization terminated successfully""}, {""start"": 15, ""success"": true, ""objective"": 400724.49283820053, ""message"": ""Optimization terminated successfully""}, {""start"": 16, ""success"": true, ""objective"": 448965.58139992773, ""message"": ""Optimization terminated successfully""}]}"
exact,2,DK1,slsqp_mae_median_intercept,gfs,0.07444208600790529,-64.73930832759874,321.6960554130119,True,secondary_median_intercept_robustness,"{""base_method"": ""slsqp_mae""}"
exact,2,DK1,slsqp_mae_median_intercept,icon_eu,0.37565055694420707,-64.73930832759874,321.6960554130119,True,secondary_median_intercept_robustness,"{""base_method"": ""slsqp_mae""}"
exact,2,DK1,slsqp_mae_median_intercept,ecmwf,0.381298589522341,-64.73930832759874,321.6960554130119,True,secondary_median_intercept_robustness,"{""base_method"": ""slsqp_mae""}"
exact,2,DK1,slsqp_mae_median_intercept,dmi,0.034979460115426096,-64.73930832759874,321.6960554130119,True,secondary_median_intercept_robustness,"{""base_method"": ""slsqp_mae""}"
exact,2,DK1,slsqp_mae_median_intercept,arpege_europe,0.0,-64.73930832759874,321.6960554130119,True,secondary_median_intercept_robustness,"{""base_method"": ""slsqp_mae""}"
exact,2,DK1,slsqp_mae_median_intercept,ukmo_global,0.0013832065890153585,-64.73930832759874,321.6960554130119,True,secondary_median_intercept_robustness,"{""base_method"": ""slsqp_mae""}"
exact,2,DK1,slsqp_mae_median_intercept,cma_grapes,0.13224610082110538,-64.73930832759874,321.6960554130119,True,secondary_median_intercept_robustness,"{""base_method"": ""slsqp_mae""}"
exact,2,DK2,equal_weight,gfs,0.14285714285714285,0.0,157.76536572927353,True,closed_form,null
exact,2,DK2,equal_weight,icon_eu,0.14285714285714285,0.0,157.76536572927353,True,closed_form,null
exact,2,DK2,equal_weight,ecmwf,0.14285714285714285,0.0,157.76536572927353,True,closed_form,null
exact,2,DK2,equal_weight,dmi,0.14285714285714285,0.0,157.76536572927353,True,closed_form,null
exact,2,DK2,equal_weight,arpege_europe,0.14285714285714285,0.0,157.76536572927353,True,closed_form,null
exact,2,DK2,equal_weight,ukmo_global,0.14285714285714285,0.0,157.76536572927353,True,closed_form,null
exact,2,DK2,equal_weight,cma_grapes,0.14285714285714285,0.0,157.76536572927353,True,closed_form,null
exact,2,DK2,best_validation_expert,gfs,0.0,0.0,157.92212891506793,True,one_hot_lowest_validation_mae,"{""best_position"": 4, ""expert_mae"": [171.07094722516356, 176.53718923050178, 162.59463756633872, 167.19502376204753, 157.92212891506793, 202.08421084334282, 176.84652224200295]}"
exact,2,DK2,best_validation_expert,icon_eu,0.0,0.0,157.92212891506793,True,one_hot_lowest_validation_mae,"{""best_position"": 4, ""expert_mae"": [171.07094722516356, 176.53718923050178, 162.59463756633872, 167.19502376204753, 157.92212891506793, 202.08421084334282, 176.84652224200295]}"
exact,2,DK2,best_validation_expert,ecmwf,0.0,0.0,157.92212891506793,True,one_hot_lowest_validation_mae,"{""best_position"": 4, ""expert_mae"": [171.07094722516356, 176.53718923050178, 162.59463756633872, 167.19502376204753, 157.92212891506793, 202.08421084334282, 176.84652224200295]}"
exact,2,DK2,best_validation_expert,dmi,0.0,0.0,157.92212891506793,True,one_hot_lowest_validation_mae,"{""best_position"": 4, ""expert_mae"": [171.07094722516356, 176.53718923050178, 162.59463756633872, 167.19502376204753, 157.92212891506793, 202.08421084334282, 176.84652224200295]}"
exact,2,DK2,best_validation_expert,arpege_europe,1.0,0.0,157.92212891506793,True,one_hot_lowest_validation_mae,"{""best_position"": 4, ""expert_mae"": [171.07094722516356, 176.53718923050178, 162.59463756633872, 167.19502376204753, 157.92212891506793, 202.08421084334282, 176.84652224200295]}"
exact,2,DK2,best_validation_expert,ukmo_global,0.0,0.0,157.92212891506793,True,one_hot_lowest_validation_mae,"{""best_position"": 4, ""expert_mae"": [171.07094722516356, 176.53718923050178, 162.59463756633872, 167.19502376204753, 157.92212891506793, 202.08421084334282, 176.84652224200295]}"
exact,2,DK2,best_validation_expert,cma_grapes,0.0,0.0,157.92212891506793,True,one_hot_lowest_validation_mae,"{""best_position"": 4, ""expert_mae"": [171.07094722516356, 176.53718923050178, 162.59463756633872, 167.19502376204753, 157.92212891506793, 202.08421084334282, 176.84652224200295]}"
exact,2,DK2,inverse_mae,gfs,0.14406138077248745,0.0,157.07680664070307,True,inverse_validation_mae,"{""expert_mae"": [171.07094722516356, 176.53718923050178, 162.59463756633872, 167.19502376204753, 157.92212891506793, 202.08421084334282, 176.84652224200295]}"
exact,2,DK2,inverse_mae,icon_eu,0.13960070948666115,0.0,157.07680664070307,True,inverse_validation_mae,"{""expert_mae"": [171.07094722516356, 176.53718923050178, 162.59463756633872, 167.19502376204753, 157.92212891506793, 202.08421084334282, 176.84652224200295]}"
exact,2,DK2,inverse_mae,ecmwf,0.15157152312101457,0.0,157.07680664070307,True,inverse_validation_mae,"{""expert_mae"": [171.07094722516356, 176.53718923050178, 162.59463756633872, 167.19502376204753, 157.92212891506793, 202.08421084334282, 176.84652224200295]}"
exact,2,DK2,inverse_mae,dmi,0.1474010189582881,0.0,157.07680664070307,True,inverse_validation_mae,"{""expert_mae"": [171.07094722516356, 176.53718923050178, 162.59463756633872, 167.19502376204753, 157.92212891506793, 202.08421084334282, 176.84652224200295]}"
exact,2,DK2,inverse_mae,arpege_europe,0.15605613371922447,0.0,157.07680664070307,True,inverse_validation_mae,"{""expert_mae"": [171.07094722516356, 176.53718923050178, 162.59463756633872, 167.19502376204753, 157.92212891506793, 202.08421084334282, 176.84652224200295]}"
exact,2,DK2,inverse_mae,ukmo_global,0.12195270855000269,0.0,157.07680664070307,True,inverse_validation_mae,"{""expert_mae"": [171.07094722516356, 176.53718923050178, 162.59463756633872, 167.19502376204753, 157.92212891506793, 202.08421084334282, 176.84652224200295]}"
exact,2,DK2,inverse_mae,cma_grapes,0.13935652539232157,0.0,157.07680664070307,True,inverse_validation_mae,"{""expert_mae"": [171.07094722516356, 176.53718923050178, 162.59463756633872, 167.19502376204753, 157.92212891506793, 202.08421084334282, 176.84652224200295]}"
exact,2,DK2,dirichlet_mae,gfs,0.12267513426727328,0.0,151.51941516657868,True,random_search_complete,"{""draws_evaluated"": 30000, ""alphas"": [0.3, 1.0, 3.0]}"
exact,2,DK2,dirichlet_mae,icon_eu,4.7249685358427e-06,0.0,151.51941516657868,True,random_search_complete,"{""draws_evaluated"": 30000, ""alphas"": [0.3, 1.0, 3.0]}"
exact,2,DK2,dirichlet_mae,ecmwf,0.27731538925977006,0.0,151.51941516657868,True,random_search_complete,"{""draws_evaluated"": 30000, ""alphas"": [0.3, 1.0, 3.0]}"
exact,2,DK2,dirichlet_mae,dmi,0.17127999210829783,0.0,151.51941516657868,True,random_search_complete,"{""draws_evaluated"": 30000, ""alphas"": [0.3, 1.0, 3.0]}"
exact,2,DK2,dirichlet_mae,arpege_europe,0.3974438963376105,0.0,151.51941516657868,True,random_search_complete,"{""draws_evaluated"": 30000, ""alphas"": [0.3, 1.0, 3.0]}"
exact,2,DK2,dirichlet_mae,ukmo_global,3.4446140350961296e-05,0.0,151.51941516657868,True,random_search_complete,"{""draws_evaluated"": 30000, ""alphas"": [0.3, 1.0, 3.0]}"
exact,2,DK2,dirichlet_mae,cma_grapes,0.031246416918161466,0.0,151.51941516657868,True,random_search_complete,"{""draws_evaluated"": 30000, ""alphas"": [0.3, 1.0, 3.0]}"
exact,2,DK2,slsqp_mae,gfs,0.09390528203227896,0.0,151.16984969560656,True,Optimization terminated successfully,"{""optimized_objective"": ""mae"", ""optimized_objective_value"": 151.16984969560656, ""attempts"": [{""start"": 1, ""success"": true, ""objective"": 151.1698497732222, ""message"": ""Optimization terminated successfully""}, {""start"": 2, ""success"": true, ""objective"": 151.1698497103255, ""message"": ""Optimization terminated successfully""}, {""start"": 3, ""success"": true, ""objective"": 151.16984971536317, ""message"": ""Optimization terminated successfully""}, {""start"": 4, ""success"": true, ""objective"": 151.1698497582733, ""message"": ""Optimization terminated successfully""}, {""start"": 5, ""success"": true, ""objective"": 151.16984971761985, ""message"": ""Optimization terminated successfully""}, {""start"": 6, ""success"": true, ""objective"": 151.16984971116605, ""message"": ""Optimization terminated successfully""}, {""start"": 7, ""success"": true, ""objective"": 151.16984975068388, ""message"": ""Optimization terminated successfully""}, {""start"": 8, ""success"": true, ""objective"": 151.16984969560656, ""message"": ""Optimization terminated successfully""}, {""start"": 9, ""success"": true, ""objective"": 151.16984970286995, ""message"": ""Optimization terminated successfully""}, {""start"": 10, ""success"": true, ""objective"": 151.1698594910909, ""message"": ""Optimization terminated successfully""}, {""start"": 11, ""success"": true, ""objective"": 151.1698497010015, ""message"": ""Optimization terminated successfully""}, {""start"": 12, ""success"": true, ""objective"": 151.16984977399233, ""message"": ""Optimization terminated successfully""}, {""start"": 13, ""success"": true, ""objective"": 151.16984972892823, ""message"": ""Optimization terminated successfully""}, {""start"": 14, ""success"": true, ""objective"": 151.1698496965696, ""message"": ""Optimization terminated successfully""}, {""start"": 15, ""success"": true, ""objective"": 151.16985159878107, ""message"": ""Optimization terminated successfully""}, {""start"": 16, ""success"": true, ""objective"": 151.1698496993464, ""message"": ""Optimization terminated successfully""}]}"
exact,2,DK2,slsqp_mae,icon_eu,2.849416995557658e-14,0.0,151.16984969560656,True,Optimization terminated successfully,"{""optimized_objective"": ""mae"", ""optimized_objective_value"": 151.16984969560656, ""attempts"": [{""start"": 1, ""success"": true, ""objective"": 151.1698497732222, ""message"": ""Optimization terminated successfully""}, {""start"": 2, ""success"": true, ""objective"": 151.1698497103255, ""message"": ""Optimization terminated successfully""}, {""start"": 3, ""success"": true, ""objective"": 151.16984971536317, ""message"": ""Optimization terminated successfully""}, {""start"": 4, ""success"": true, ""objective"": 151.1698497582733, ""message"": ""Optimization terminated successfully""}, {""start"": 5, ""success"": true, ""objective"": 151.16984971761985, ""message"": ""Optimization terminated successfully""}, {""start"": 6, ""success"": true, ""objective"": 151.16984971116605, ""message"": ""Optimization terminated successfully""}, {""start"": 7, ""success"": true, ""objective"": 151.16984975068388, ""message"": ""Optimization terminated successfully""}, {""start"": 8, ""success"": true, ""objective"": 151.16984969560656, ""message"": ""Optimization terminated successfully""}, {""start"": 9, ""success"": true, ""objective"": 151.16984970286995, ""message"": ""Optimization terminated successfully""}, {""start"": 10, ""success"": true, ""objective"": 151.1698594910909, ""message"": ""Optimization terminated successfully""}, {""start"": 11, ""success"": true, ""objective"": 151.1698497010015, ""message"": ""Optimization terminated successfully""}, {""start"": 12, ""success"": true, ""objective"": 151.16984977399233, ""message"": ""Optimization terminated successfully""}, {""start"": 13, ""success"": true, ""objective"": 151.16984972892823, ""message"": ""Optimization terminated successfully""}, {""start"": 14, ""success"": true, ""objective"": 151.1698496965696, ""message"": ""Optimization terminated successfully""}, {""start"": 15, ""success"": true, ""objective"": 151.16985159878107, ""message"": ""Optimization terminated successfully""}, {""start"": 16, ""success"": true, ""objective"": 151.1698496993464, ""message"": ""Optimization terminated successfully""}]}"
exact,2,DK2,slsqp_mae,ecmwf,0.306993703465088,0.0,151.16984969560656,True,Optimization terminated successfully,"{""optimized_objective"": ""mae"", ""optimized_objective_value"": 151.16984969560656, ""attempts"": [{""start"": 1, ""success"": true, ""objective"": 151.1698497732222, ""message"": ""Optimization terminated successfully""}, {""start"": 2, ""success"": true, ""objective"": 151.1698497103255, ""message"": ""Optimization terminated successfully""}, {""start"": 3, ""success"": true, ""objective"": 151.16984971536317, ""message"": ""Optimization terminated successfully""}, {""start"": 4, ""success"": true, ""objective"": 151.1698497582733, ""message"": ""Optimization terminated successfully""}, {""start"": 5, ""success"": true, ""objective"": 151.16984971761985, ""message"": ""Optimization terminated successfully""}, {""start"": 6, ""success"": true, ""objective"": 151.16984971116605, ""message"": ""Optimization terminated successfully""}, {""start"": 7, ""success"": true, ""objective"": 151.16984975068388, ""message"": ""Optimization terminated successfully""}, {""start"": 8, ""success"": true, ""objective"": 151.16984969560656, ""message"": ""Optimization terminated successfully""}, {""start"": 9, ""success"": true, ""objective"": 151.16984970286995, ""message"": ""Optimization terminated successfully""}, {""start"": 10, ""success"": true, ""objective"": 151.1698594910909, ""message"": ""Optimization terminated successfully""}, {""start"": 11, ""success"": true, ""objective"": 151.1698497010015, ""message"": ""Optimization terminated successfully""}, {""start"": 12, ""success"": true, ""objective"": 151.16984977399233, ""message"": ""Optimization terminated successfully""}, {""start"": 13, ""success"": true, ""objective"": 151.16984972892823, ""message"": ""Optimization terminated successfully""}, {""start"": 14, ""success"": true, ""objective"": 151.1698496965696, ""message"": ""Optimization terminated successfully""}, {""start"": 15, ""success"": true, ""objective"": 151.16985159878107, ""message"": ""Optimization terminated successfully""}, {""start"": 16, ""success"": true, ""objective"": 151.1698496993464, ""message"": ""Optimization terminated successfully""}]}"
exact,2,DK2,slsqp_mae,dmi,0.09765674435904807,0.0,151.16984969560656,True,Optimization terminated successfully,"{""optimized_objective"": ""mae"", ""optimized_objective_value"": 151.16984969560656, ""attempts"": [{""start"": 1, ""success"": true, ""objective"": 151.1698497732222, ""message"": ""Optimization terminated successfully""}, {""start"": 2, ""success"": true, ""objective"": 151.1698497103255, ""message"": ""Optimization terminated successfully""}, {""start"": 3, ""success"": true, ""objective"": 151.16984971536317, ""message"": ""Optimization terminated successfully""}, {""start"": 4, ""success"": true, ""objective"": 151.1698497582733, ""message"": ""Optimization terminated successfully""}, {""start"": 5, ""success"": true, ""objective"": 151.16984971761985, ""message"": ""Optimization terminated successfully""}, {""start"": 6, ""success"": true, ""objective"": 151.16984971116605, ""message"": ""Optimization terminated successfully""}, {""start"": 7, ""success"": true, ""objective"": 151.16984975068388, ""message"": ""Optimization terminated successfully""}, {""start"": 8, ""success"": true, ""objective"": 151.16984969560656, ""message"": ""Optimization terminated successfully""}, {""start"": 9, ""success"": true, ""objective"": 151.16984970286995, ""message"": ""Optimization terminated successfully""}, {""start"": 10, ""success"": true, ""objective"": 151.1698594910909, ""message"": ""Optimization terminated successfully""}, {""start"": 11, ""success"": true, ""objective"": 151.1698497010015, ""message"": ""Optimization terminated successfully""}, {""start"": 12, ""success"": true, ""objective"": 151.16984977399233, ""message"": ""Optimization terminated successfully""}, {""start"": 13, ""success"": true, ""objective"": 151.16984972892823, ""message"": ""Optimization terminated successfully""}, {""start"": 14, ""success"": true, ""objective"": 151.1698496965696, ""message"": ""Optimization terminated successfully""}, {""start"": 15, ""success"": true, ""objective"": 151.16985159878107, ""message"": ""Optimization terminated successfully""}, {""start"": 16, ""success"": true, ""objective"": 151.1698496993464, ""message"": ""Optimization terminated successfully""}]}"
exact,2,DK2,slsqp_mae,arpege_europe,0.501444270143395,0.0,151.16984969560656,True,Optimization terminated successfully,"{""optimized_objective"": ""mae"", ""optimized_objective_value"": 151.16984969560656, ""attempts"": [{""start"": 1, ""success"": true, ""objective"": 151.1698497732222, ""message"": ""Optimization terminated successfully""}, {""start"": 2, ""success"": true, ""objective"": 151.1698497103255, ""message"": ""Optimization terminated successfully""}, {""start"": 3, ""success"": true, ""objective"": 151.16984971536317, ""message"": ""Optimization terminated successfully""}, {""start"": 4, ""success"": true, ""objective"": 151.1698497582733, ""message"": ""Optimization terminated successfully""}, {""start"": 5, ""success"": true, ""objective"": 151.16984971761985, ""message"": ""Optimization terminated successfully""}, {""start"": 6, ""success"": true, ""objective"": 151.16984971116605, ""message"": ""Optimization terminated successfully""}, {""start"": 7, ""success"": true, ""objective"": 151.16984975068388, ""message"": ""Optimization terminated successfully""}, {""start"": 8, ""success"": true, ""objective"": 151.16984969560656, ""message"": ""Optimization terminated successfully""}, {""start"": 9, ""success"": true, ""objective"": 151.16984970286995, ""message"": ""Optimization terminated successfully""}, {""start"": 10, ""success"": true, ""objective"": 151.1698594910909, ""message"": ""Optimization terminated successfully""}, {""start"": 11, ""success"": true, ""objective"": 151.1698497010015, ""message"": ""Optimization terminated successfully""}, {""start"": 12, ""success"": true, ""objective"": 151.16984977399233, ""message"": ""Optimization terminated successfully""}, {""start"": 13, ""success"": true, ""objective"": 151.16984972892823, ""message"": ""Optimization terminated successfully""}, {""start"": 14, ""success"": true, ""objective"": 151.1698496965696, ""message"": ""Optimization terminated successfully""}, {""start"": 15, ""success"": true, ""objective"": 151.16985159878107, ""message"": ""Optimization terminated successfully""}, {""start"": 16, ""success"": true, ""objective"": 151.1698496993464, ""message"": ""Optimization terminated successfully""}]}"
exact,2,DK2,slsqp_mae,ukmo_global,1.6068728812970956e-13,0.0,151.16984969560656,True,Optimization terminated successfully,"{""optimized_objective"": ""mae"", ""optimized_objective_value"": 151.16984969560656, ""attempts"": [{""start"": 1, ""success"": true, ""objective"": 151.1698497732222, ""message"": ""Optimization terminated successfully""}, {""start"": 2, ""success"": true, ""objective"": 151.1698497103255, ""message"": ""Optimization terminated successfully""}, {""start"": 3, ""success"": true, ""objective"": 151.16984971536317, ""message"": ""Optimization terminated successfully""}, {""start"": 4, ""success"": true, ""objective"": 151.1698497582733, ""message"": ""Optimization terminated successfully""}, {""start"": 5, ""success"": true, ""objective"": 151.16984971761985, ""message"": ""Optimization terminated successfully""}, {""start"": 6, ""success"": true, ""objective"": 151.16984971116605, ""message"": ""Optimization terminated successfully""}, {""start"": 7, ""success"": true, ""objective"": 151.16984975068388, ""message"": ""Optimization terminated successfully""}, {""start"": 8, ""success"": true, ""objective"": 151.16984969560656, ""message"": ""Optimization terminated successfully""}, {""start"": 9, ""success"": true, ""objective"": 151.16984970286995, ""message"": ""Optimization terminated successfully""}, {""start"": 10, ""success"": true, ""objective"": 151.1698594910909, ""message"": ""Optimization terminated successfully""}, {""start"": 11, ""success"": true, ""objective"": 151.1698497010015, ""message"": ""Optimization terminated successfully""}, {""start"": 12, ""success"": true, ""objective"": 151.16984977399233, ""message"": ""Optimization terminated successfully""}, {""start"": 13, ""success"": true, ""objective"": 151.16984972892823, ""message"": ""Optimization terminated successfully""}, {""start"": 14, ""success"": true, ""objective"": 151.1698496965696, ""message"": ""Optimization terminated successfully""}, {""start"": 15, ""success"": true, ""objective"": 151.16985159878107, ""message"": ""Optimization terminated successfully""}, {""start"": 16, ""success"": true, ""objective"": 151.1698496993464, ""message"": ""Optimization terminated successfully""}]}"
exact,2,DK2,slsqp_mae,cma_grapes,8.818785779370724e-16,0.0,151.16984969560656,True,Optimization terminated successfully,"{""optimized_objective"": ""mae"", ""optimized_objective_value"": 151.16984969560656, ""attempts"": [{""start"": 1, ""success"": true, ""objective"": 151.1698497732222, ""message"": ""Optimization terminated successfully""}, {""start"": 2, ""success"": true, ""objective"": 151.1698497103255, ""message"": ""Optimization terminated successfully""}, {""start"": 3, ""success"": true, ""objective"": 151.16984971536317, ""message"": ""Optimization terminated successfully""}, {""start"": 4, ""success"": true, ""objective"": 151.1698497582733, ""message"": ""Optimization terminated successfully""}, {""start"": 5, ""success"": true, ""objective"": 151.16984971761985, ""message"": ""Optimization terminated successfully""}, {""start"": 6, ""success"": true, ""objective"": 151.16984971116605, ""message"": ""Optimization terminated successfully""}, {""start"": 7, ""success"": true, ""objective"": 151.16984975068388, ""message"": ""Optimization terminated successfully""}, {""start"": 8, ""success"": true, ""objective"": 151.16984969560656, ""message"": ""Optimization terminated successfully""}, {""start"": 9, ""success"": true, ""objective"": 151.16984970286995, ""message"": ""Optimization terminated successfully""}, {""start"": 10, ""success"": true, ""objective"": 151.1698594910909, ""message"": ""Optimization terminated successfully""}, {""start"": 11, ""success"": true, ""objective"": 151.1698497010015, ""message"": ""Optimization terminated successfully""}, {""start"": 12, ""success"": true, ""objective"": 151.16984977399233, ""message"": ""Optimization terminated successfully""}, {""start"": 13, ""success"": true, ""objective"": 151.16984972892823, ""message"": ""Optimization terminated successfully""}, {""start"": 14, ""success"": true, ""objective"": 151.1698496965696, ""message"": ""Optimization terminated successfully""}, {""start"": 15, ""success"": true, ""objective"": 151.16985159878107, ""message"": ""Optimization terminated successfully""}, {""start"": 16, ""success"": true, ""objective"": 151.1698496993464, ""message"": ""Optimization terminated successfully""}]}"
exact,2,DK2,slsqp_mse,gfs,0.006191664409026662,0.0,153.57910572214678,True,Optimization terminated successfully,"{""optimized_objective"": ""mse"", ""optimized_objective_value"": 53808.776521591964, ""attempts"": [{""start"": 1, ""success"": true, ""objective"": 53808.776521591964, ""message"": ""Optimization terminated successfully""}, {""start"": 2, ""success"": true, ""objective"": 53808.87826320105, ""message"": ""Optimization terminated successfully""}, {""start"": 3, ""success"": false, ""objective"": 53808.776716387074, ""message"": ""Positive directional derivative for linesearch""}, {""start"": 4, ""success"": true, ""objective"": 53808.78797272899, ""message"": ""Optimization terminated successfully""}, {""start"": 5, ""success"": false, ""objective"": 53808.79234416224, ""message"": ""Positive directional derivative for linesearch""}, {""start"": 6, ""success"": true, ""objective"": 53808.77885801592, ""message"": ""Optimization terminated successfully""}, {""start"": 7, ""success"": true, ""objective"": 53808.851595956956, ""message"": ""Optimization terminated successfully""}, {""start"": 8, ""success"": false, ""objective"": 53808.81581698543, ""message"": ""Positive directional derivative for linesearch""}, {""start"": 9, ""success"": false, ""objective"": 53808.79677416728, ""message"": ""Positive directional derivative for linesearch""}, {""start"": 10, ""success"": true, ""objective"": 53808.80165672721, ""message"": ""Optimization terminated successfully""}, {""start"": 11, ""success"": true, ""objective"": 53808.79266202356, ""message"": ""Optimization terminated successfully""}, {""start"": 12, ""success"": false, ""objective"": 53808.80216315351, ""message"": ""Positive directional derivative for linesearch""}, {""start"": 13, ""success"": true, ""objective"": 53808.79249011856, ""message"": ""Optimization terminated successfully""}, {""start"": 14, ""success"": true, ""objective"": 53808.83321889299, ""message"": ""Optimization terminated successfully""}, {""start"": 15, ""success"": true, ""objective"": 53808.859623248405, ""message"": ""Optimization terminated successfully""}, {""start"": 16, ""success"": true, ""objective"": 53808.80605506251, ""message"": ""Optimization terminated successfully""}]}"
exact,2,DK2,slsqp_mse,icon_eu,2.4201244874989665e-08,0.0,153.57910572214678,True,Optimization terminated successfully,"{""optimized_objective"": ""mse"", ""optimized_objective_value"": 53808.776521591964, ""attempts"": [{""start"": 1, ""success"": true, ""objective"": 53808.776521591964, ""message"": ""Optimization terminated successfully""}, {""start"": 2, ""success"": true, ""objective"": 53808.87826320105, ""message"": ""Optimization terminated successfully""}, {""start"": 3, ""success"": false, ""objective"": 53808.776716387074, ""message"": ""Positive directional derivative for linesearch""}, {""start"": 4, ""success"": true, ""objective"": 53808.78797272899, ""message"": ""Optimization terminated successfully""}, {""start"": 5, ""success"": false, ""objective"": 53808.79234416224, ""message"": ""Positive directional derivative for linesearch""}, {""start"": 6, ""success"": true, ""objective"": 53808.77885801592, ""message"": ""Optimization terminated successfully""}, {""start"": 7, ""success"": true, ""objective"": 53808.851595956956, ""message"": ""Optimization terminated successfully""}, {""start"": 8, ""success"": false, ""objective"": 53808.81581698543, ""message"": ""Positive directional derivative for linesearch""}, {""start"": 9, ""success"": false, ""objective"": 53808.79677416728, ""message"": ""Positive directional derivative for linesearch""}, {""start"": 10, ""success"": true, ""objective"": 53808.80165672721, ""message"": ""Optimization terminated successfully""}, {""start"": 11, ""success"": true, ""objective"": 53808.79266202356, ""message"": ""Optimization terminated successfully""}, {""start"": 12, ""success"": false, ""objective"": 53808.80216315351, ""message"": ""Positive directional derivative for linesearch""}, {""start"": 13, ""success"": true, ""objective"": 53808.79249011856, ""message"": ""Optimization terminated successfully""}, {""start"": 14, ""success"": true, ""objective"": 53808.83321889299, ""message"": ""Optimization terminated successfully""}, {""start"": 15, ""success"": true, ""objective"": 53808.859623248405, ""message"": ""Optimization terminated successfully""}, {""start"": 16, ""success"": true, ""objective"": 53808.80605506251, ""message"": ""Optimization terminated successfully""}]}"
exact,2,DK2,slsqp_mse,ecmwf,0.1565438631151725,0.0,153.57910572214678,True,Optimization terminated successfully,"{""optimized_objective"": ""mse"", ""optimized_objective_value"": 53808.776521591964, ""attempts"": [{""start"": 1, ""success"": true, ""objective"": 53808.776521591964, ""message"": ""Optimization terminated successfully""}, {""start"": 2, ""success"": true, ""objective"": 53808.87826320105, ""message"": ""Optimization terminated successfully""}, {""start"": 3, ""success"": false, ""objective"": 53808.776716387074, ""message"": ""Positive directional derivative for linesearch""}, {""start"": 4, ""success"": true, ""objective"": 53808.78797272899, ""message"": ""Optimization terminated successfully""}, {""start"": 5, ""success"": false, ""objective"": 53808.79234416224, ""message"": ""Positive directional derivative for linesearch""}, {""start"": 6, ""success"": true, ""objective"": 53808.77885801592, ""message"": ""Optimization terminated successfully""}, {""start"": 7, ""success"": true, ""objective"": 53808.851595956956, ""message"": ""Optimization terminated successfully""}, {""start"": 8, ""success"": false, ""objective"": 53808.81581698543, ""message"": ""Positive directional derivative for linesearch""}, {""start"": 9, ""success"": false, ""objective"": 53808.79677416728, ""message"": ""Positive directional derivative for linesearch""}, {""start"": 10, ""success"": true, ""objective"": 53808.80165672721, ""message"": ""Optimization terminated successfully""}, {""start"": 11, ""success"": true, ""objective"": 53808.79266202356, ""message"": ""Optimization terminated successfully""}, {""start"": 12, ""success"": false, ""objective"": 53808.80216315351, ""message"": ""Positive directional derivative for linesearch""}, {""start"": 13, ""success"": true, ""objective"": 53808.79249011856, ""message"": ""Optimization terminated successfully""}, {""start"": 14, ""success"": true, ""objective"": 53808.83321889299, ""message"": ""Optimization terminated successfully""}, {""start"": 15, ""success"": true, ""objective"": 53808.859623248405, ""message"": ""Optimization terminated successfully""}, {""start"": 16, ""success"": true, ""objective"": 53808.80605506251, ""message"": ""Optimization terminated successfully""}]}"
exact,2,DK2,slsqp_mse,dmi,0.05997633717158341,0.0,153.57910572214678,True,Optimization terminated successfully,"{""optimized_objective"": ""mse"", ""optimized_objective_value"": 53808.776521591964, ""attempts"": [{""start"": 1, ""success"": true, ""objective"": 53808.776521591964, ""message"": ""Optimization terminated successfully""}, {""start"": 2, ""success"": true, ""objective"": 53808.87826320105, ""message"": ""Optimization terminated successfully""}, {""start"": 3, ""success"": false, ""objective"": 53808.776716387074, ""message"": ""Positive directional derivative for linesearch""}, {""start"": 4, ""success"": true, ""objective"": 53808.78797272899, ""message"": ""Optimization terminated successfully""}, {""start"": 5, ""success"": false, ""objective"": 53808.79234416224, ""message"": ""Positive directional derivative for linesearch""}, {""start"": 6, ""success"": true, ""objective"": 53808.77885801592, ""message"": ""Optimization terminated successfully""}, {""start"": 7, ""success"": true, ""objective"": 53808.851595956956, ""message"": ""Optimization terminated successfully""}, {""start"": 8, ""success"": false, ""objective"": 53808.81581698543, ""message"": ""Positive directional derivative for linesearch""}, {""start"": 9, ""success"": false, ""objective"": 53808.79677416728, ""message"": ""Positive directional derivative for linesearch""}, {""start"": 10, ""success"": true, ""objective"": 53808.80165672721, ""message"": ""Optimization terminated successfully""}, {""start"": 11, ""success"": true, ""objective"": 53808.79266202356, ""message"": ""Optimization terminated successfully""}, {""start"": 12, ""success"": false, ""objective"": 53808.80216315351, ""message"": ""Positive directional derivative for linesearch""}, {""start"": 13, ""success"": true, ""objective"": 53808.79249011856, ""message"": ""Optimization terminated successfully""}, {""start"": 14, ""success"": true, ""objective"": 53808.83321889299, ""message"": ""Optimization terminated successfully""}, {""start"": 15, ""success"": true, ""objective"": 53808.859623248405, ""message"": ""Optimization terminated successfully""}, {""start"": 16, ""success"": true, ""objective"": 53808.80605506251, ""message"": ""Optimization terminated successfully""}]}"
exact,2,DK2,slsqp_mse,arpege_europe,0.4940304806698521,0.0,153.57910572214678,True,Optimization terminated successfully,"{""optimized_objective"": ""mse"", ""optimized_objective_value"": 53808.776521591964, ""attempts"": [{""start"": 1, ""success"": true, ""objective"": 53808.776521591964, ""message"": ""Optimization terminated successfully""}, {""start"": 2, ""success"": true, ""objective"": 53808.87826320105, ""message"": ""Optimization terminated successfully""}, {""start"": 3, ""success"": false, ""objective"": 53808.776716387074, ""message"": ""Positive directional derivative for linesearch""}, {""start"": 4, ""success"": true, ""objective"": 53808.78797272899, ""message"": ""Optimization terminated successfully""}, {""start"": 5, ""success"": false, ""objective"": 53808.79234416224, ""message"": ""Positive directional derivative for linesearch""}, {""start"": 6, ""success"": true, ""objective"": 53808.77885801592, ""message"": ""Optimization terminated successfully""}, {""start"": 7, ""success"": true, ""objective"": 53808.851595956956, ""message"": ""Optimization terminated successfully""}, {""start"": 8, ""success"": false, ""objective"": 53808.81581698543, ""message"": ""Positive directional derivative for linesearch""}, {""start"": 9, ""success"": false, ""objective"": 53808.79677416728, ""message"": ""Positive directional derivative for linesearch""}, {""start"": 10, ""success"": true, ""objective"": 53808.80165672721, ""message"": ""Optimization terminated successfully""}, {""start"": 11, ""success"": true, ""objective"": 53808.79266202356, ""message"": ""Optimization terminated successfully""}, {""start"": 12, ""success"": false, ""objective"": 53808.80216315351, ""message"": ""Positive directional derivative for linesearch""}, {""start"": 13, ""success"": true, ""objective"": 53808.79249011856, ""message"": ""Optimization terminated successfully""}, {""start"": 14, ""success"": true, ""objective"": 53808.83321889299, ""message"": ""Optimization terminated successfully""}, {""start"": 15, ""success"": true, ""objective"": 53808.859623248405, ""message"": ""Optimization terminated successfully""}, {""start"": 16, ""success"": true, ""objective"": 53808.80605506251, ""message"": ""Optimization terminated successfully""}]}"
exact,2,DK2,slsqp_mse,ukmo_global,6.8705665418982696e-09,0.0,153.57910572214678,True,Optimization terminated successfully,"{""optimized_objective"": ""mse"", ""optimized_objective_value"": 53808.776521591964, ""attempts"": [{""start"": 1, ""success"": true, ""objective"": 53808.776521591964, ""message"": ""Optimization terminated successfully""}, {""start"": 2, ""success"": true, ""objective"": 53808.87826320105, ""message"": ""Optimization terminated successfully""}, {""start"": 3, ""success"": false, ""objective"": 53808.776716387074, ""message"": ""Positive directional derivative for linesearch""}, {""start"": 4, ""success"": true, ""objective"": 53808.78797272899, ""message"": ""Optimization terminated successfully""}, {""start"": 5, ""success"": false, ""objective"": 53808.79234416224, ""message"": ""Positive directional derivative for linesearch""}, {""start"": 6, ""success"": true, ""objective"": 53808.77885801592, ""message"": ""Optimization terminated successfully""}, {""start"": 7, ""success"": true, ""objective"": 53808.851595956956, ""message"": ""Optimization terminated successfully""}, {""start"": 8, ""success"": false, ""objective"": 53808.81581698543, ""message"": ""Positive directional derivative for linesearch""}, {""start"": 9, ""success"": false, ""objective"": 53808.79677416728, ""message"": ""Positive directional derivative for linesearch""}, {""start"": 10, ""success"": true, ""objective"": 53808.80165672721, ""message"": ""Optimization terminated successfully""}, {""start"": 11, ""success"": true, ""objective"": 53808.79266202356, ""message"": ""Optimization terminated successfully""}, {""start"": 12, ""success"": false, ""objective"": 53808.80216315351, ""message"": ""Positive directional derivative for linesearch""}, {""start"": 13, ""success"": true, ""objective"": 53808.79249011856, ""message"": ""Optimization terminated successfully""}, {""start"": 14, ""success"": true, ""objective"": 53808.83321889299, ""message"": ""Optimization terminated successfully""}, {""start"": 15, ""success"": true, ""objective"": 53808.859623248405, ""message"": ""Optimization terminated successfully""}, {""start"": 16, ""success"": true, ""objective"": 53808.80605506251, ""message"": ""Optimization terminated successfully""}]}"
exact,2,DK2,slsqp_mse,cma_grapes,0.2832576235625538,0.0,153.57910572214678,True,Optimization terminated successfully,"{""optimized_objective"": ""mse"", ""optimized_objective_value"": 53808.776521591964, ""attempts"": [{""start"": 1, ""success"": true, ""objective"": 53808.776521591964, ""message"": ""Optimization terminated successfully""}, {""start"": 2, ""success"": true, ""objective"": 53808.87826320105, ""message"": ""Optimization terminated successfully""}, {""start"": 3, ""success"": false, ""objective"": 53808.776716387074, ""message"": ""Positive directional derivative for linesearch""}, {""start"": 4, ""success"": true, ""objective"": 53808.78797272899, ""message"": ""Optimization terminated successfully""}, {""start"": 5, ""success"": false, ""objective"": 53808.79234416224, ""message"": ""Positive directional derivative for linesearch""}, {""start"": 6, ""success"": true, ""objective"": 53808.77885801592, ""message"": ""Optimization terminated successfully""}, {""start"": 7, ""success"": true, ""objective"": 53808.851595956956, ""message"": ""Optimization terminated successfully""}, {""start"": 8, ""success"": false, ""objective"": 53808.81581698543, ""message"": ""Positive directional derivative for linesearch""}, {""start"": 9, ""success"": false, ""objective"": 53808.79677416728, ""message"": ""Positive directional derivative for linesearch""}, {""start"": 10, ""success"": true, ""objective"": 53808.80165672721, ""message"": ""Optimization terminated successfully""}, {""start"": 11, ""success"": true, ""objective"": 53808.79266202356, ""message"": ""Optimization terminated successfully""}, {""start"": 12, ""success"": false, ""objective"": 53808.80216315351, ""message"": ""Positive directional derivative for linesearch""}, {""start"": 13, ""success"": true, ""objective"": 53808.79249011856, ""message"": ""Optimization terminated successfully""}, {""start"": 14, ""success"": true, ""objective"": 53808.83321889299, ""message"": ""Optimization terminated successfully""}, {""start"": 15, ""success"": true, ""objective"": 53808.859623248405, ""message"": ""Optimization terminated successfully""}, {""start"": 16, ""success"": true, ""objective"": 53808.80605506251, ""message"": ""Optimization terminated successfully""}]}"
exact,2,DK2,slsqp_mae_median_intercept,gfs,0.09390528203227896,-24.716151341165073,147.94911016628552,True,secondary_median_intercept_robustness,"{""base_method"": ""slsqp_mae""}"
exact,2,DK2,slsqp_mae_median_intercept,icon_eu,2.849416995557658e-14,-24.716151341165073,147.94911016628552,True,secondary_median_intercept_robustness,"{""base_method"": ""slsqp_mae""}"
exact,2,DK2,slsqp_mae_median_intercept,ecmwf,0.306993703465088,-24.716151341165073,147.94911016628552,True,secondary_median_intercept_robustness,"{""base_method"": ""slsqp_mae""}"
exact,2,DK2,slsqp_mae_median_intercept,dmi,0.09765674435904807,-24.716151341165073,147.94911016628552,True,secondary_median_intercept_robustness,"{""base_method"": ""slsqp_mae""}"
exact,2,DK2,slsqp_mae_median_intercept,arpege_europe,0.501444270143395,-24.716151341165073,147.94911016628552,True,secondary_median_intercept_robustness,"{""base_method"": ""slsqp_mae""}"
exact,2,DK2,slsqp_mae_median_intercept,ukmo_global,1.6068728812970956e-13,-24.716151341165073,147.94911016628552,True,secondary_median_intercept_robustness,"{""base_method"": ""slsqp_mae""}"
exact,2,DK2,slsqp_mae_median_intercept,cma_grapes,8.818785779370724e-16,-24.716151341165073,147.94911016628552,True,secondary_median_intercept_robustness,"{""base_method"": ""slsqp_mae""}"
