target_date_local,model_alias,api_model,selected_run_init_utc,assumed_available_utc,decision_time_utc,candidate_attempts
2025-09-01,gfs,gfs_global,2025-08-30 18:00:00+00:00,2025-08-31 00:00:00+00:00,2025-08-31 09:00:00+00:00,2
2025-09-01,icon_eu,icon_eu,2025-08-31 00:00:00+00:00,2025-08-31 04:00:00+00:00,2025-08-31 09:00:00+00:00,1
2025-09-01,ecmwf,ecmwf_ifs025,2025-08-31 00:00:00+00:00,2025-08-31 06:00:00+00:00,2025-08-31 09:00:00+00:00,1
2025-09-01,dmi,dmi_harmonie_arome_europe,2025-08-31 03:00:00+00:00,2025-08-31 07:00:00+00:00,2025-08-31 09:00:00+00:00,1
2025-09-01,arpege_europe,meteofrance_arpege_europe,2025-08-31 00:00:00+00:00,2025-08-31 05:00:00+00:00,2025-08-31 09:00:00+00:00,1
2025-09-01,ukmo_global,ukmo_global_deterministic_10km,2025-08-30 18:00:00+00:00,2025-08-31 00:00:00+00:00,2025-08-31 09:00:00+00:00,2
2025-09-01,cma_grapes,cma_grapes_global,2025-08-31 00:00:00+00:00,2025-08-31 06:00:00+00:00,2025-08-31 09:00:00+00:00,1
2025-09-02,gfs,gfs_global,2025-08-31 18:00:00+00:00,2025-09-01 00:00:00+00:00,2025-09-01 09:00:00+00:00,2
2025-09-02,icon_eu,icon_eu,2025-09-01 00:00:00+00:00,2025-09-01 04:00:00+00:00,2025-09-01 09:00:00+00:00,1
2025-09-02,ecmwf,ecmwf_ifs025,2025-09-01 00:00:00+00:00,2025-09-01 06:00:00+00:00,2025-09-01 09:00:00+00:00,1
2025-09-02,dmi,dmi_harmonie_arome_europe,2025-09-01 03:00:00+00:00,2025-09-01 07:00:00+00:00,2025-09-01 09:00:00+00:00,1
2025-09-02,arpege_europe,meteofrance_arpege_europe,2025-09-01 00:00:00+00:00,2025-09-01 05:00:00+00:00,2025-09-01 09:00:00+00:00,1
2025-09-02,ukmo_global,ukmo_global_deterministic_10km,2025-08-31 18:00:00+00:00,2025-09-01 00:00:00+00:00,2025-09-01 09:00:00+00:00,2
2025-09-02,cma_grapes,cma_grapes_global,2025-09-01 00:00:00+00:00,2025-09-01 06:00:00+00:00,2025-09-01 09:00:00+00:00,1
2025-09-03,gfs,gfs_global,2025-09-02 00:00:00+00:00,2025-09-02 06:00:00+00:00,2025-09-02 09:00:00+00:00,1
2025-09-03,icon_eu,icon_eu,2025-09-02 00:00:00+00:00,2025-09-02 04:00:00+00:00,2025-09-02 09:00:00+00:00,1
2025-09-03,ecmwf,ecmwf_ifs025,2025-09-02 00:00:00+00:00,2025-09-02 06:00:00+00:00,2025-09-02 09:00:00+00:00,1
2025-09-03,dmi,dmi_harmonie_arome_europe,2025-09-02 03:00:00+00:00,2025-09-02 07:00:00+00:00,2025-09-02 09:00:00+00:00,1
2025-09-03,arpege_europe,meteofrance_arpege_europe,2025-09-02 00:00:00+00:00,2025-09-02 05:00:00+00:00,2025-09-02 09:00:00+00:00,1
2025-09-03,ukmo_global,ukmo_global_deterministic_10km,2025-09-02 00:00:00+00:00,2025-09-02 06:00:00+00:00,2025-09-02 09:00:00+00:00,1
2025-09-03,cma_grapes,cma_grapes_global,2025-09-02 00:00:00+00:00,2025-09-02 06:00:00+00:00,2025-09-02 09:00:00+00:00,1
2025-09-04,gfs,gfs_global,2025-09-03 00:00:00+00:00,2025-09-03 06:00:00+00:00,2025-09-03 09:00:00+00:00,1
2025-09-04,icon_eu,icon_eu,2025-09-03 00:00:00+00:00,2025-09-03 04:00:00+00:00,2025-09-03 09:00:00+00:00,1
2025-09-04,ecmwf,ecmwf_ifs025,2025-09-03 00:00:00+00:00,2025-09-03 06:00:00+00:00,2025-09-03 09:00:00+00:00,1
2025-09-04,dmi,dmi_harmonie_arome_europe,2025-09-03 03:00:00+00:00,2025-09-03 07:00:00+00:00,2025-09-03 09:00:00+00:00,1
2025-09-04,arpege_europe,meteofrance_arpege_europe,2025-09-03 00:00:00+00:00,2025-09-03 05:00:00+00:00,2025-09-03 09:00:00+00:00,1
2025-09-04,ukmo_global,ukmo_global_deterministic_10km,2025-09-03 00:00:00+00:00,2025-09-03 06:00:00+00:00,2025-09-03 09:00:00+00:00,1
2025-09-04,cma_grapes,cma_grapes_global,2025-09-02 12:00:00+00:00,2025-09-02 18:00:00+00:00,2025-09-03 09:00:00+00:00,3
2025-09-05,gfs,gfs_global,2025-09-04 00:00:00+00:00,2025-09-04 06:00:00+00:00,2025-09-04 09:00:00+00:00,1
2025-09-05,icon_eu,icon_eu,2025-09-04 00:00:00+00:00,2025-09-04 04:00:00+00:00,2025-09-04 09:00:00+00:00,1
2025-09-05,ecmwf,ecmwf_ifs025,2025-09-04 00:00:00+00:00,2025-09-04 06:00:00+00:00,2025-09-04 09:00:00+00:00,1
2025-09-05,dmi,dmi_harmonie_arome_europe,2025-09-04 03:00:00+00:00,2025-09-04 07:00:00+00:00,2025-09-04 09:00:00+00:00,1
2025-09-05,arpege_europe,meteofrance_arpege_europe,2025-09-04 00:00:00+00:00,2025-09-04 05:00:00+00:00,2025-09-04 09:00:00+00:00,1
2025-09-05,ukmo_global,ukmo_global_deterministic_10km,2025-09-04 00:00:00+00:00,2025-09-04 06:00:00+00:00,2025-09-04 09:00:00+00:00,1
2025-09-05,cma_grapes,cma_grapes_global,2025-09-03 12:00:00+00:00,2025-09-03 18:00:00+00:00,2025-09-04 09:00:00+00:00,3
2025-09-06,gfs,gfs_global,2025-09-05 00:00:00+00:00,2025-09-05 06:00:00+00:00,2025-09-05 09:00:00+00:00,1
2025-09-06,icon_eu,icon_eu,2025-09-05 00:00:00+00:00,2025-09-05 04:00:00+00:00,2025-09-05 09:00:00+00:00,1
2025-09-06,ecmwf,ecmwf_ifs025,2025-09-05 00:00:00+00:00,2025-09-05 06:00:00+00:00,2025-09-05 09:00:00+00:00,1
2025-09-06,dmi,dmi_harmonie_arome_europe,2025-09-05 03:00:00+00:00,2025-09-05 07:00:00+00:00,2025-09-05 09:00:00+00:00,1
2025-09-06,arpege_europe,meteofrance_arpege_europe,2025-09-05 00:00:00+00:00,2025-09-05 05:00:00+00:00,2025-09-05 09:00:00+00:00,1
2025-09-06,ukmo_global,ukmo_global_deterministic_10km,2025-09-05 00:00:00+00:00,2025-09-05 06:00:00+00:00,2025-09-05 09:00:00+00:00,1
2025-09-06,cma_grapes,cma_grapes_global,2025-09-03 06:00:00+00:00,2025-09-03 12:00:00+00:00,2025-09-05 09:00:00+00:00,8
2025-09-07,gfs,gfs_global,2025-09-06 00:00:00+00:00,2025-09-06 06:00:00+00:00,2025-09-06 09:00:00+00:00,1
2025-09-07,icon_eu,icon_eu,2025-09-06 00:00:00+00:00,2025-09-06 04:00:00+00:00,2025-09-06 09:00:00+00:00,1
2025-09-07,ecmwf,ecmwf_ifs025,2025-09-06 00:00:00+00:00,2025-09-06 06:00:00+00:00,2025-09-06 09:00:00+00:00,1
2025-09-07,dmi,dmi_harmonie_arome_europe,2025-09-06 03:00:00+00:00,2025-09-06 07:00:00+00:00,2025-09-06 09:00:00+00:00,1
2025-09-07,arpege_europe,meteofrance_arpege_europe,2025-09-06 00:00:00+00:00,2025-09-06 05:00:00+00:00,2025-09-06 09:00:00+00:00,1
2025-09-07,ukmo_global,ukmo_global_deterministic_10km,2025-09-06 00:00:00+00:00,2025-09-06 06:00:00+00:00,2025-09-06 09:00:00+00:00,1
2025-09-07,cma_grapes,cma_grapes_global,2025-09-06 00:00:00+00:00,2025-09-06 06:00:00+00:00,2025-09-06 09:00:00+00:00,1
2025-09-08,gfs,gfs_global,2025-09-07 00:00:00+00:00,2025-09-07 06:00:00+00:00,2025-09-07 09:00:00+00:00,1
2025-09-08,icon_eu,icon_eu,2025-09-07 00:00:00+00:00,2025-09-07 04:00:00+00:00,2025-09-07 09:00:00+00:00,1
2025-09-08,ecmwf,ecmwf_ifs025,2025-09-07 00:00:00+00:00,2025-09-07 06:00:00+00:00,2025-09-07 09:00:00+00:00,1
2025-09-08,dmi,dmi_harmonie_arome_europe,2025-09-07 03:00:00+00:00,2025-09-07 07:00:00+00:00,2025-09-07 09:00:00+00:00,1
2025-09-08,arpege_europe,meteofrance_arpege_europe,2025-09-07 00:00:00+00:00,2025-09-07 05:00:00+00:00,2025-09-07 09:00:00+00:00,1
2025-09-08,ukmo_global,ukmo_global_deterministic_10km,2025-09-07 00:00:00+00:00,2025-09-07 06:00:00+00:00,2025-09-07 09:00:00+00:00,1
2025-09-08,cma_grapes,cma_grapes_global,2025-09-06 12:00:00+00:00,2025-09-06 18:00:00+00:00,2025-09-07 09:00:00+00:00,3
2025-09-09,gfs,gfs_global,2025-09-08 00:00:00+00:00,2025-09-08 06:00:00+00:00,2025-09-08 09:00:00+00:00,1
2025-09-09,icon_eu,icon_eu,2025-09-08 00:00:00+00:00,2025-09-08 04:00:00+00:00,2025-09-08 09:00:00+00:00,1
2025-09-09,ecmwf,ecmwf_ifs025,2025-09-08 00:00:00+00:00,2025-09-08 06:00:00+00:00,2025-09-08 09:00:00+00:00,1
2025-09-09,dmi,dmi_harmonie_arome_europe,2025-09-08 03:00:00+00:00,2025-09-08 07:00:00+00:00,2025-09-08 09:00:00+00:00,1
2025-09-09,arpege_europe,meteofrance_arpege_europe,2025-09-08 00:00:00+00:00,2025-09-08 05:00:00+00:00,2025-09-08 09:00:00+00:00,1
2025-10-05,dmi,dmi_harmonie_arome_europe,2025-10-01 15:00:00+00:00,2025-10-01 19:00:00+00:00,2025-10-04 09:00:00+00:00,21
2025-10-05,arpege_europe,meteofrance_arpege_europe,2025-10-04 00:00:00+00:00,2025-10-04 05:00:00+00:00,2025-10-04 09:00:00+00:00,1
2025-10-05,ukmo_global,ukmo_global_deterministic_10km,2025-10-04 00:00:00+00:00,2025-10-04 06:00:00+00:00,2025-10-04 09:00:00+00:00,1
2025-10-05,cma_grapes,cma_grapes_global,2025-10-03 18:00:00+00:00,2025-10-04 00:00:00+00:00,2025-10-04 09:00:00+00:00,2
2025-10-06,gfs,gfs_global,2025-10-05 00:00:00+00:00,2025-10-05 06:00:00+00:00,2025-10-05 09:00:00+00:00,1
2025-10-06,icon_eu,icon_eu,2025-10-05 00:00:00+00:00,2025-10-05 04:00:00+00:00,2025-10-05 09:00:00+00:00,1
2025-10-06,ecmwf,ecmwf_ifs025,2025-10-05 00:00:00+00:00,2025-10-05 06:00:00+00:00,2025-10-05 09:00:00+00:00,1
2025-10-06,dmi,dmi_harmonie_arome_europe,2025-10-05 03:00:00+00:00,2025-10-05 07:00:00+00:00,2025-10-05 09:00:00+00:00,1
2025-10-06,arpege_europe,meteofrance_arpege_europe,2025-10-05 00:00:00+00:00,2025-10-05 05:00:00+00:00,2025-10-05 09:00:00+00:00,1
2025-10-06,ukmo_global,ukmo_global_deterministic_10km,2025-10-05 00:00:00+00:00,2025-10-05 06:00:00+00:00,2025-10-05 09:00:00+00:00,1
2025-10-06,cma_grapes,cma_grapes_global,2025-10-03 12:00:00+00:00,2025-10-03 18:00:00+00:00,2025-10-05 09:00:00+00:00,7
2025-10-07,gfs,gfs_global,2025-10-06 00:00:00+00:00,2025-10-06 06:00:00+00:00,2025-10-06 09:00:00+00:00,1
2025-10-07,icon_eu,icon_eu,2025-10-06 00:00:00+00:00,2025-10-06 04:00:00+00:00,2025-10-06 09:00:00+00:00,1
2025-10-07,ecmwf,ecmwf_ifs025,2025-10-06 00:00:00+00:00,2025-10-06 06:00:00+00:00,2025-10-06 09:00:00+00:00,1
2025-10-07,dmi,dmi_harmonie_arome_europe,2025-10-06 03:00:00+00:00,2025-10-06 07:00:00+00:00,2025-10-06 09:00:00+00:00,1
2025-10-07,arpege_europe,meteofrance_arpege_europe,2025-10-06 00:00:00+00:00,2025-10-06 05:00:00+00:00,2025-10-06 09:00:00+00:00,1
2025-10-07,ukmo_global,ukmo_global_deterministic_10km,2025-10-06 00:00:00+00:00,2025-10-06 06:00:00+00:00,2025-10-06 09:00:00+00:00,1
2025-10-08,gfs,gfs_global,2025-10-06 18:00:00+00:00,2025-10-07 00:00:00+00:00,2025-10-07 09:00:00+00:00,2
2025-10-08,icon_eu,icon_eu,2025-10-07 00:00:00+00:00,2025-10-07 04:00:00+00:00,2025-10-07 09:00:00+00:00,1
2025-10-08,ecmwf,ecmwf_ifs025,2025-10-07 00:00:00+00:00,2025-10-07 06:00:00+00:00,2025-10-07 09:00:00+00:00,1
2025-10-08,dmi,dmi_harmonie_arome_europe,2025-10-07 03:00:00+00:00,2025-10-07 07:00:00+00:00,2025-10-07 09:00:00+00:00,1
2025-10-08,arpege_europe,meteofrance_arpege_europe,2025-10-07 00:00:00+00:00,2025-10-07 05:00:00+00:00,2025-10-07 09:00:00+00:00,1
2025-10-08,ukmo_global,ukmo_global_deterministic_10km,2025-10-07 00:00:00+00:00,2025-10-07 06:00:00+00:00,2025-10-07 09:00:00+00:00,1
2025-10-09,gfs,gfs_global,2025-10-08 00:00:00+00:00,2025-10-08 06:00:00+00:00,2025-10-08 09:00:00+00:00,1
2025-10-09,icon_eu,icon_eu,2025-10-08 00:00:00+00:00,2025-10-08 04:00:00+00:00,2025-10-08 09:00:00+00:00,1
2025-10-09,ecmwf,ecmwf_ifs025,2025-10-08 00:00:00+00:00,2025-10-08 06:00:00+00:00,2025-10-08 09:00:00+00:00,1
2025-10-09,dmi,dmi_harmonie_arome_europe,2025-10-08 03:00:00+00:00,2025-10-08 07:00:00+00:00,2025-10-08 09:00:00+00:00,1
2025-10-09,arpege_europe,meteofrance_arpege_europe,2025-10-08 00:00:00+00:00,2025-10-08 05:00:00+00:00,2025-10-08 09:00:00+00:00,1
2025-10-09,ukmo_global,ukmo_global_deterministic_10km,2025-10-08 00:00:00+00:00,2025-10-08 06:00:00+00:00,2025-10-08 09:00:00+00:00,1
2025-10-10,gfs,gfs_global,2025-10-09 00:00:00+00:00,2025-10-09 06:00:00+00:00,2025-10-09 09:00:00+00:00,1
2025-10-10,icon_eu,icon_eu,2025-10-09 00:00:00+00:00,2025-10-09 04:00:00+00:00,2025-10-09 09:00:00+00:00,1
2025-10-10,ecmwf,ecmwf_ifs025,2025-10-09 00:00:00+00:00,2025-10-09 06:00:00+00:00,2025-10-09 09:00:00+00:00,1
2025-10-10,dmi,dmi_harmonie_arome_europe,2025-10-09 03:00:00+00:00,2025-10-09 07:00:00+00:00,2025-10-09 09:00:00+00:00,1
2025-10-10,arpege_europe,meteofrance_arpege_europe,2025-10-09 00:00:00+00:00,2025-10-09 05:00:00+00:00,2025-10-09 09:00:00+00:00,1
2025-10-10,ukmo_global,ukmo_global_deterministic_10km,2025-10-09 00:00:00+00:00,2025-10-09 06:00:00+00:00,2025-10-09 09:00:00+00:00,1
2025-10-11,gfs,gfs_global,2025-10-10 00:00:00+00:00,2025-10-10 06:00:00+00:00,2025-10-10 09:00:00+00:00,1
2025-10-11,icon_eu,icon_eu,2025-10-10 00:00:00+00:00,2025-10-10 04:00:00+00:00,2025-10-10 09:00:00+00:00,1
2025-10-11,ecmwf,ecmwf_ifs025,2025-10-10 00:00:00+00:00,2025-10-10 06:00:00+00:00,2025-10-10 09:00:00+00:00,1
2025-10-11,dmi,dmi_harmonie_arome_europe,2025-10-10 03:00:00+00:00,2025-10-10 07:00:00+00:00,2025-10-10 09:00:00+00:00,1
2025-10-11,arpege_europe,meteofrance_arpege_europe,2025-10-10 00:00:00+00:00,2025-10-10 05:00:00+00:00,2025-10-10 09:00:00+00:00,1
2025-10-11,ukmo_global,ukmo_global_deterministic_10km,2025-10-10 00:00:00+00:00,2025-10-10 06:00:00+00:00,2025-10-10 09:00:00+00:00,1
2025-10-12,gfs,gfs_global,2025-10-11 00:00:00+00:00,2025-10-11 06:00:00+00:00,2025-10-11 09:00:00+00:00,1
2025-10-12,icon_eu,icon_eu,2025-10-11 00:00:00+00:00,2025-10-11 04:00:00+00:00,2025-10-11 09:00:00+00:00,1
2025-10-12,ecmwf,ecmwf_ifs025,2025-10-11 00:00:00+00:00,2025-10-11 06:00:00+00:00,2025-10-11 09:00:00+00:00,1
2025-10-12,dmi,dmi_harmonie_arome_europe,2025-10-11 03:00:00+00:00,2025-10-11 07:00:00+00:00,2025-10-11 09:00:00+00:00,1
2025-10-12,arpege_europe,meteofrance_arpege_europe,2025-10-11 00:00:00+00:00,2025-10-11 05:00:00+00:00,2025-10-11 09:00:00+00:00,1
2025-10-12,ukmo_global,ukmo_global_deterministic_10km,2025-10-11 00:00:00+00:00,2025-10-11 06:00:00+00:00,2025-10-11 09:00:00+00:00,1
2025-10-13,gfs,gfs_global,2025-10-12 00:00:00+00:00,2025-10-12 06:00:00+00:00,2025-10-12 09:00:00+00:00,1
2025-10-13,icon_eu,icon_eu,2025-10-12 00:00:00+00:00,2025-10-12 04:00:00+00:00,2025-10-12 09:00:00+00:00,1
2025-10-13,ecmwf,ecmwf_ifs025,2025-10-12 00:00:00+00:00,2025-10-12 06:00:00+00:00,2025-10-12 09:00:00+00:00,1
2025-10-13,dmi,dmi_harmonie_arome_europe,2025-10-12 03:00:00+00:00,2025-10-12 07:00:00+00:00,2025-10-12 09:00:00+00:00,1
2025-10-13,arpege_europe,meteofrance_arpege_europe,2025-10-12 00:00:00+00:00,2025-10-12 05:00:00+00:00,2025-10-12 09:00:00+00:00,1
2025-10-13,ukmo_global,ukmo_global_deterministic_10km,2025-10-12 00:00:00+00:00,2025-10-12 06:00:00+00:00,2025-10-12 09:00:00+00:00,1
2025-10-14,gfs,gfs_global,2025-10-13 00:00:00+00:00,2025-10-13 06:00:00+00:00,2025-10-13 09:00:00+00:00,1
2025-10-14,icon_eu,icon_eu,2025-10-13 00:00:00+00:00,2025-10-13 04:00:00+00:00,2025-10-13 09:00:00+00:00,1
2025-10-14,ecmwf,ecmwf_ifs025,2025-10-13 00:00:00+00:00,2025-10-13 06:00:00+00:00,2025-10-13 09:00:00+00:00,1
2025-10-14,dmi,dmi_harmonie_arome_europe,2025-10-13 03:00:00+00:00,2025-10-13 07:00:00+00:00,2025-10-13 09:00:00+00:00,1
2025-10-14,arpege_europe,meteofrance_arpege_europe,2025-10-13 00:00:00+00:00,2025-10-13 05:00:00+00:00,2025-10-13 09:00:00+00:00,1
2025-10-14,ukmo_global,ukmo_global_deterministic_10km,2025-10-13 00:00:00+00:00,2025-10-13 06:00:00+00:00,2025-10-13 09:00:00+00:00,1
2025-10-15,gfs,gfs_global,2025-10-14 00:00:00+00:00,2025-10-14 06:00:00+00:00,2025-10-14 09:00:00+00:00,1
2025-10-15,icon_eu,icon_eu,2025-10-14 00:00:00+00:00,2025-10-14 04:00:00+00:00,2025-10-14 09:00:00+00:00,1
2025-10-15,ecmwf,ecmwf_ifs025,2025-10-13 18:00:00+00:00,2025-10-14 00:00:00+00:00,2025-10-14 09:00:00+00:00,2
2025-10-15,dmi,dmi_harmonie_arome_europe,2025-10-14 03:00:00+00:00,2025-10-14 07:00:00+00:00,2025-10-14 09:00:00+00:00,1
2025-10-15,arpege_europe,meteofrance_arpege_europe,2025-10-14 00:00:00+00:00,2025-10-14 05:00:00+00:00,2025-10-14 09:00:00+00:00,1
2025-10-15,ukmo_global,ukmo_global_deterministic_10km,2025-10-14 00:00:00+00:00,2025-10-14 06:00:00+00:00,2025-10-14 09:00:00+00:00,1
2025-10-16,gfs,gfs_global,2025-10-15 00:00:00+00:00,2025-10-15 06:00:00+00:00,2025-10-15 09:00:00+00:00,1
2025-10-16,icon_eu,icon_eu,2025-10-15 00:00:00+00:00,2025-10-15 04:00:00+00:00,2025-10-15 09:00:00+00:00,1
2025-10-16,ecmwf,ecmwf_ifs025,2025-10-14 18:00:00+00:00,2025-10-15 00:00:00+00:00,2025-10-15 09:00:00+00:00,2
2025-10-16,dmi,dmi_harmonie_arome_europe,2025-10-15 03:00:00+00:00,2025-10-15 07:00:00+00:00,2025-10-15 09:00:00+00:00,1
2025-10-16,arpege_europe,meteofrance_arpege_europe,2025-10-15 00:00:00+00:00,2025-10-15 05:00:00+00:00,2025-10-15 09:00:00+00:00,1
2025-10-16,ukmo_global,ukmo_global_deterministic_10km,2025-10-15 00:00:00+00:00,2025-10-15 06:00:00+00:00,2025-10-15 09:00:00+00:00,1
2025-10-17,gfs,gfs_global,2025-10-16 00:00:00+00:00,2025-10-16 06:00:00+00:00,2025-10-16 09:00:00+00:00,1
2025-10-17,icon_eu,icon_eu,2025-10-16 00:00:00+00:00,2025-10-16 04:00:00+00:00,2025-10-16 09:00:00+00:00,1
2025-10-17,ecmwf,ecmwf_ifs025,2025-10-15 18:00:00+00:00,2025-10-16 00:00:00+00:00,2025-10-16 09:00:00+00:00,2
2025-10-17,dmi,dmi_harmonie_arome_europe,2025-10-16 03:00:00+00:00,2025-10-16 07:00:00+00:00,2025-10-16 09:00:00+00:00,1
2025-10-17,arpege_europe,meteofrance_arpege_europe,2025-10-16 00:00:00+00:00,2025-10-16 05:00:00+00:00,2025-10-16 09:00:00+00:00,1
2025-10-17,ukmo_global,ukmo_global_deterministic_10km,2025-10-16 00:00:00+00:00,2025-10-16 06:00:00+00:00,2025-10-16 09:00:00+00:00,1
2025-10-18,gfs,gfs_global,2025-10-17 00:00:00+00:00,2025-10-17 06:00:00+00:00,2025-10-17 09:00:00+00:00,1
2025-10-18,icon_eu,icon_eu,2025-10-17 00:00:00+00:00,2025-10-17 04:00:00+00:00,2025-10-17 09:00:00+00:00,1
2025-10-18,ecmwf,ecmwf_ifs025,2025-10-16 18:00:00+00:00,2025-10-17 00:00:00+00:00,2025-10-17 09:00:00+00:00,2
2025-10-18,dmi,dmi_harmonie_arome_europe,2025-10-17 03:00:00+00:00,2025-10-17 07:00:00+00:00,2025-10-17 09:00:00+00:00,1
2025-10-18,arpege_europe,meteofrance_arpege_europe,2025-10-17 00:00:00+00:00,2025-10-17 05:00:00+00:00,2025-10-17 09:00:00+00:00,1
2025-10-18,ukmo_global,ukmo_global_deterministic_10km,2025-10-17 00:00:00+00:00,2025-10-17 06:00:00+00:00,2025-10-17 09:00:00+00:00,1
2025-10-19,gfs,gfs_global,2025-10-18 00:00:00+00:00,2025-10-18 06:00:00+00:00,2025-10-18 09:00:00+00:00,1
2025-10-19,icon_eu,icon_eu,2025-10-18 00:00:00+00:00,2025-10-18 04:00:00+00:00,2025-10-18 09:00:00+00:00,1
2025-10-19,ecmwf,ecmwf_ifs025,2025-10-17 18:00:00+00:00,2025-10-18 00:00:00+00:00,2025-10-18 09:00:00+00:00,2
2025-10-19,dmi,dmi_harmonie_arome_europe,2025-10-18 03:00:00+00:00,2025-10-18 07:00:00+00:00,2025-10-18 09:00:00+00:00,1
2025-10-19,arpege_europe,meteofrance_arpege_europe,2025-10-18 00:00:00+00:00,2025-10-18 05:00:00+00:00,2025-10-18 09:00:00+00:00,1
2025-10-19,ukmo_global,ukmo_global_deterministic_10km,2025-10-18 00:00:00+00:00,2025-10-18 06:00:00+00:00,2025-10-18 09:00:00+00:00,1
2025-10-20,gfs,gfs_global,2025-10-19 00:00:00+00:00,2025-10-19 06:00:00+00:00,2025-10-19 09:00:00+00:00,1
2025-10-20,icon_eu,icon_eu,2025-10-19 00:00:00+00:00,2025-10-19 04:00:00+00:00,2025-10-19 09:00:00+00:00,1
2025-10-20,ecmwf,ecmwf_ifs025,2025-10-18 18:00:00+00:00,2025-10-19 00:00:00+00:00,2025-10-19 09:00:00+00:00,2
2025-10-20,dmi,dmi_harmonie_arome_europe,2025-10-19 03:00:00+00:00,2025-10-19 07:00:00+00:00,2025-10-19 09:00:00+00:00,1
2025-10-20,arpege_europe,meteofrance_arpege_europe,2025-10-19 00:00:00+00:00,2025-10-19 05:00:00+00:00,2025-10-19 09:00:00+00:00,1
2025-10-20,ukmo_global,ukmo_global_deterministic_10km,2025-10-19 00:00:00+00:00,2025-10-19 06:00:00+00:00,2025-10-19 09:00:00+00:00,1
2025-10-21,gfs,gfs_global,2025-10-20 00:00:00+00:00,2025-10-20 06:00:00+00:00,2025-10-20 09:00:00+00:00,1
2025-10-21,icon_eu,icon_eu,2025-10-20 00:00:00+00:00,2025-10-20 04:00:00+00:00,2025-10-20 09:00:00+00:00,1
2025-10-21,ecmwf,ecmwf_ifs025,2025-10-20 00:00:00+00:00,2025-10-20 06:00:00+00:00,2025-10-20 09:00:00+00:00,1
2025-10-21,dmi,dmi_harmonie_arome_europe,2025-10-20 03:00:00+00:00,2025-10-20 07:00:00+00:00,2025-10-20 09:00:00+00:00,1
2025-10-21,arpege_europe,meteofrance_arpege_europe,2025-10-20 00:00:00+00:00,2025-10-20 05:00:00+00:00,2025-10-20 09:00:00+00:00,1
2025-10-21,ukmo_global,ukmo_global_deterministic_10km,2025-10-20 00:00:00+00:00,2025-10-20 06:00:00+00:00,2025-10-20 09:00:00+00:00,1
2025-10-22,gfs,gfs_global,2025-10-21 00:00:00+00:00,2025-10-21 06:00:00+00:00,2025-10-21 09:00:00+00:00,1
2025-10-22,icon_eu,icon_eu,2025-10-21 00:00:00+00:00,2025-10-21 04:00:00+00:00,2025-10-21 09:00:00+00:00,1
2025-10-22,ecmwf,ecmwf_ifs025,2025-10-21 00:00:00+00:00,2025-10-21 06:00:00+00:00,2025-10-21 09:00:00+00:00,1
2025-10-22,dmi,dmi_harmonie_arome_europe,2025-10-21 03:00:00+00:00,2025-10-21 07:00:00+00:00,2025-10-21 09:00:00+00:00,1
2025-10-22,arpege_europe,meteofrance_arpege_europe,2025-10-21 00:00:00+00:00,2025-10-21 05:00:00+00:00,2025-10-21 09:00:00+00:00,1
2025-10-22,ukmo_global,ukmo_global_deterministic_10km,2025-10-21 00:00:00+00:00,2025-10-21 06:00:00+00:00,2025-10-21 09:00:00+00:00,1
2025-10-23,gfs,gfs_global,2025-10-22 00:00:00+00:00,2025-10-22 06:00:00+00:00,2025-10-22 09:00:00+00:00,1
2025-10-23,icon_eu,icon_eu,2025-10-22 00:00:00+00:00,2025-10-22 04:00:00+00:00,2025-10-22 09:00:00+00:00,1
2025-10-23,ecmwf,ecmwf_ifs025,2025-10-22 00:00:00+00:00,2025-10-22 06:00:00+00:00,2025-10-22 09:00:00+00:00,1
2025-10-23,dmi,dmi_harmonie_arome_europe,2025-10-22 03:00:00+00:00,2025-10-22 07:00:00+00:00,2025-10-22 09:00:00+00:00,1
2025-10-23,arpege_europe,meteofrance_arpege_europe,2025-10-22 00:00:00+00:00,2025-10-22 05:00:00+00:00,2025-10-22 09:00:00+00:00,1
2025-10-23,ukmo_global,ukmo_global_deterministic_10km,2025-10-22 00:00:00+00:00,2025-10-22 06:00:00+00:00,2025-10-22 09:00:00+00:00,1
2025-10-24,gfs,gfs_global,2025-10-23 00:00:00+00:00,2025-10-23 06:00:00+00:00,2025-10-23 09:00:00+00:00,1
2025-10-24,icon_eu,icon_eu,2025-10-23 00:00:00+00:00,2025-10-23 04:00:00+00:00,2025-10-23 09:00:00+00:00,1
2025-10-24,ecmwf,ecmwf_ifs025,2025-10-23 00:00:00+00:00,2025-10-23 06:00:00+00:00,2025-10-23 09:00:00+00:00,1
2025-10-24,dmi,dmi_harmonie_arome_europe,2025-10-23 03:00:00+00:00,2025-10-23 07:00:00+00:00,2025-10-23 09:00:00+00:00,1
2025-10-24,arpege_europe,meteofrance_arpege_europe,2025-10-23 00:00:00+00:00,2025-10-23 05:00:00+00:00,2025-10-23 09:00:00+00:00,1
2025-10-24,ukmo_global,ukmo_global_deterministic_10km,2025-10-23 00:00:00+00:00,2025-10-23 06:00:00+00:00,2025-10-23 09:00:00+00:00,1
2025-10-25,gfs,gfs_global,2025-10-24 00:00:00+00:00,2025-10-24 06:00:00+00:00,2025-10-24 09:00:00+00:00,1
2025-10-25,icon_eu,icon_eu,2025-10-24 00:00:00+00:00,2025-10-24 04:00:00+00:00,2025-10-24 09:00:00+00:00,1
2025-10-25,ecmwf,ecmwf_ifs025,2025-10-24 00:00:00+00:00,2025-10-24 06:00:00+00:00,2025-10-24 09:00:00+00:00,1
2025-10-25,dmi,dmi_harmonie_arome_europe,2025-10-24 03:00:00+00:00,2025-10-24 07:00:00+00:00,2025-10-24 09:00:00+00:00,1
2025-10-25,arpege_europe,meteofrance_arpege_europe,2025-10-24 00:00:00+00:00,2025-10-24 05:00:00+00:00,2025-10-24 09:00:00+00:00,1
2025-10-25,ukmo_global,ukmo_global_deterministic_10km,2025-10-24 00:00:00+00:00,2025-10-24 06:00:00+00:00,2025-10-24 09:00:00+00:00,1
2025-10-25,cma_grapes,cma_grapes_global,2025-10-24 00:00:00+00:00,2025-10-24 06:00:00+00:00,2025-10-24 09:00:00+00:00,1
2025-10-26,gfs,gfs_global,2025-10-25 00:00:00+00:00,2025-10-25 06:00:00+00:00,2025-10-25 09:00:00+00:00,1
2025-10-26,icon_eu,icon_eu,2025-10-25 00:00:00+00:00,2025-10-25 04:00:00+00:00,2025-10-25 09:00:00+00:00,1
2025-10-26,ecmwf,ecmwf_ifs025,2025-10-25 00:00:00+00:00,2025-10-25 06:00:00+00:00,2025-10-25 09:00:00+00:00,1
2025-10-26,dmi,dmi_harmonie_arome_europe,2025-10-25 03:00:00+00:00,2025-10-25 07:00:00+00:00,2025-10-25 09:00:00+00:00,1
2025-10-26,arpege_europe,meteofrance_arpege_europe,2025-10-25 00:00:00+00:00,2025-10-25 05:00:00+00:00,2025-10-25 09:00:00+00:00,1
2025-10-26,ukmo_global,ukmo_global_deterministic_10km,2025-10-25 00:00:00+00:00,2025-10-25 06:00:00+00:00,2025-10-25 09:00:00+00:00,1
2025-10-26,cma_grapes,cma_grapes_global,2025-10-25 00:00:00+00:00,2025-10-25 06:00:00+00:00,2025-10-25 09:00:00+00:00,1
2025-10-27,gfs,gfs_global,2025-10-26 00:00:00+00:00,2025-10-26 06:00:00+00:00,2025-10-26 10:00:00+00:00,1
2025-10-27,icon_eu,icon_eu,2025-10-26 06:00:00+00:00,2025-10-26 10:00:00+00:00,2025-10-26 10:00:00+00:00,1
2025-10-27,ecmwf,ecmwf_ifs025,2025-10-26 00:00:00+00:00,2025-10-26 06:00:00+00:00,2025-10-26 10:00:00+00:00,1
2025-10-27,dmi,dmi_harmonie_arome_europe,2025-10-26 06:00:00+00:00,2025-10-26 10:00:00+00:00,2025-10-26 10:00:00+00:00,1
2025-10-27,arpege_europe,meteofrance_arpege_europe,2025-10-26 00:00:00+00:00,2025-10-26 05:00:00+00:00,2025-10-26 10:00:00+00:00,1
2025-10-27,ukmo_global,ukmo_global_deterministic_10km,2025-10-26 00:00:00+00:00,2025-10-26 06:00:00+00:00,2025-10-26 10:00:00+00:00,1
2025-10-27,cma_grapes,cma_grapes_global,2025-10-26 00:00:00+00:00,2025-10-26 06:00:00+00:00,2025-10-26 10:00:00+00:00,1
2025-10-28,gfs,gfs_global,2025-10-27 00:00:00+00:00,2025-10-27 06:00:00+00:00,2025-10-27 10:00:00+00:00,1
2025-10-28,icon_eu,icon_eu,2025-10-27 06:00:00+00:00,2025-10-27 10:00:00+00:00,2025-10-27 10:00:00+00:00,1
2025-10-28,ecmwf,ecmwf_ifs025,2025-10-27 00:00:00+00:00,2025-10-27 06:00:00+00:00,2025-10-27 10:00:00+00:00,1
2025-10-28,dmi,dmi_harmonie_arome_europe,2025-10-27 06:00:00+00:00,2025-10-27 10:00:00+00:00,2025-10-27 10:00:00+00:00,1
2025-10-28,arpege_europe,meteofrance_arpege_europe,2025-10-27 00:00:00+00:00,2025-10-27 05:00:00+00:00,2025-10-27 10:00:00+00:00,1
2025-10-28,ukmo_global,ukmo_global_deterministic_10km,2025-10-27 00:00:00+00:00,2025-10-27 06:00:00+00:00,2025-10-27 10:00:00+00:00,1
2025-10-28,cma_grapes,cma_grapes_global,2025-10-27 00:00:00+00:00,2025-10-27 06:00:00+00:00,2025-10-27 10:00:00+00:00,1
2025-10-29,gfs,gfs_global,2025-10-28 00:00:00+00:00,2025-10-28 06:00:00+00:00,2025-10-28 10:00:00+00:00,1
2025-10-29,icon_eu,icon_eu,2025-10-28 06:00:00+00:00,2025-10-28 10:00:00+00:00,2025-10-28 10:00:00+00:00,1
2025-10-29,ecmwf,ecmwf_ifs025,2025-10-28 00:00:00+00:00,2025-10-28 06:00:00+00:00,2025-10-28 10:00:00+00:00,1
2025-10-29,dmi,dmi_harmonie_arome_europe,2025-10-28 06:00:00+00:00,2025-10-28 10:00:00+00:00,2025-10-28 10:00:00+00:00,1
2025-10-29,arpege_europe,meteofrance_arpege_europe,2025-10-28 00:00:00+00:00,2025-10-28 05:00:00+00:00,2025-10-28 10:00:00+00:00,1
2025-10-29,ukmo_global,ukmo_global_deterministic_10km,2025-10-28 00:00:00+00:00,2025-10-28 06:00:00+00:00,2025-10-28 10:00:00+00:00,1
2025-10-29,cma_grapes,cma_grapes_global,2025-10-28 00:00:00+00:00,2025-10-28 06:00:00+00:00,2025-10-28 10:00:00+00:00,1
2025-10-30,gfs,gfs_global,2025-10-29 00:00:00+00:00,2025-10-29 06:00:00+00:00,2025-10-29 10:00:00+00:00,1
2025-10-30,icon_eu,icon_eu,2025-10-29 06:00:00+00:00,2025-10-29 10:00:00+00:00,2025-10-29 10:00:00+00:00,1
2025-10-30,ecmwf,ecmwf_ifs025,2025-10-29 00:00:00+00:00,2025-10-29 06:00:00+00:00,2025-10-29 10:00:00+00:00,1
2025-10-30,dmi,dmi_harmonie_arome_europe,2025-10-29 06:00:00+00:00,2025-10-29 10:00:00+00:00,2025-10-29 10:00:00+00:00,1
2025-10-30,arpege_europe,meteofrance_arpege_europe,2025-10-29 00:00:00+00:00,2025-10-29 05:00:00+00:00,2025-10-29 10:00:00+00:00,1
2025-10-30,ukmo_global,ukmo_global_deterministic_10km,2025-10-29 00:00:00+00:00,2025-10-29 06:00:00+00:00,2025-10-29 10:00:00+00:00,1
2025-10-30,cma_grapes,cma_grapes_global,2025-10-29 00:00:00+00:00,2025-10-29 06:00:00+00:00,2025-10-29 10:00:00+00:00,1
2025-10-31,gfs,gfs_global,2025-10-30 00:00:00+00:00,2025-10-30 06:00:00+00:00,2025-10-30 10:00:00+00:00,1
2025-10-31,icon_eu,icon_eu,2025-10-30 06:00:00+00:00,2025-10-30 10:00:00+00:00,2025-10-30 10:00:00+00:00,1
2025-10-31,ecmwf,ecmwf_ifs025,2025-10-30 00:00:00+00:00,2025-10-30 06:00:00+00:00,2025-10-30 10:00:00+00:00,1
2025-10-31,dmi,dmi_harmonie_arome_europe,2025-10-30 06:00:00+00:00,2025-10-30 10:00:00+00:00,2025-10-30 10:00:00+00:00,1
2025-10-31,arpege_europe,meteofrance_arpege_europe,2025-10-30 00:00:00+00:00,2025-10-30 05:00:00+00:00,2025-10-30 10:00:00+00:00,1
2025-10-31,ukmo_global,ukmo_global_deterministic_10km,2025-10-30 00:00:00+00:00,2025-10-30 06:00:00+00:00,2025-10-30 10:00:00+00:00,1
2025-10-31,cma_grapes,cma_grapes_global,2025-10-30 00:00:00+00:00,2025-10-30 06:00:00+00:00,2025-10-30 10:00:00+00:00,1
2025-11-01,gfs,gfs_global,2025-10-31 00:00:00+00:00,2025-10-31 06:00:00+00:00,2025-10-31 10:00:00+00:00,1
2025-11-01,icon_eu,icon_eu,2025-10-31 06:00:00+00:00,2025-10-31 10:00:00+00:00,2025-10-31 10:00:00+00:00,1
2025-11-01,ecmwf,ecmwf_ifs025,2025-10-31 00:00:00+00:00,2025-10-31 06:00:00+00:00,2025-10-31 10:00:00+00:00,1
2025-11-01,dmi,dmi_harmonie_arome_europe,2025-10-31 06:00:00+00:00,2025-10-31 10:00:00+00:00,2025-10-31 10:00:00+00:00,1
2025-11-01,arpege_europe,meteofrance_arpege_europe,2025-10-31 00:00:00+00:00,2025-10-31 05:00:00+00:00,2025-10-31 10:00:00+00:00,1
2025-11-01,ukmo_global,ukmo_global_deterministic_10km,2025-10-31 00:00:00+00:00,2025-10-31 06:00:00+00:00,2025-10-31 10:00:00+00:00,1
2025-11-01,cma_grapes,cma_grapes_global,2025-10-31 00:00:00+00:00,2025-10-31 06:00:00+00:00,2025-10-31 10:00:00+00:00,1
2025-11-02,gfs,gfs_global,2025-11-01 00:00:00+00:00,2025-11-01 06:00:00+00:00,2025-11-01 10:00:00+00:00,1
2025-11-02,icon_eu,icon_eu,2025-11-01 06:00:00+00:00,2025-11-01 10:00:00+00:00,2025-11-01 10:00:00+00:00,1
2025-11-02,ecmwf,ecmwf_ifs025,2025-11-01 00:00:00+00:00,2025-11-01 06:00:00+00:00,2025-11-01 10:00:00+00:00,1
2025-11-02,dmi,dmi_harmonie_arome_europe,2025-11-01 06:00:00+00:00,2025-11-01 10:00:00+00:00,2025-11-01 10:00:00+00:00,1
2025-11-02,arpege_europe,meteofrance_arpege_europe,2025-11-01 00:00:00+00:00,2025-11-01 05:00:00+00:00,2025-11-01 10:00:00+00:00,1
2025-11-02,ukmo_global,ukmo_global_deterministic_10km,2025-11-01 00:00:00+00:00,2025-11-01 06:00:00+00:00,2025-11-01 10:00:00+00:00,1
2025-11-02,cma_grapes,cma_grapes_global,2025-11-01 00:00:00+00:00,2025-11-01 06:00:00+00:00,2025-11-01 10:00:00+00:00,1
2025-11-03,gfs,gfs_global,2025-11-02 00:00:00+00:00,2025-11-02 06:00:00+00:00,2025-11-02 10:00:00+00:00,1
2025-11-03,icon_eu,icon_eu,2025-11-02 06:00:00+00:00,2025-11-02 10:00:00+00:00,2025-11-02 10:00:00+00:00,1
2025-11-03,ecmwf,ecmwf_ifs025,2025-11-02 00:00:00+00:00,2025-11-02 06:00:00+00:00,2025-11-02 10:00:00+00:00,1
2025-11-03,dmi,dmi_harmonie_arome_europe,2025-11-02 06:00:00+00:00,2025-11-02 10:00:00+00:00,2025-11-02 10:00:00+00:00,1
2025-11-03,arpege_europe,meteofrance_arpege_europe,2025-11-02 00:00:00+00:00,2025-11-02 05:00:00+00:00,2025-11-02 10:00:00+00:00,1
2025-11-03,ukmo_global,ukmo_global_deterministic_10km,2025-11-02 00:00:00+00:00,2025-11-02 06:00:00+00:00,2025-11-02 10:00:00+00:00,1
2025-11-03,cma_grapes,cma_grapes_global,2025-11-02 00:00:00+00:00,2025-11-02 06:00:00+00:00,2025-11-02 10:00:00+00:00,1
2025-11-04,gfs,gfs_global,2025-11-03 00:00:00+00:00,2025-11-03 06:00:00+00:00,2025-11-03 10:00:00+00:00,1
2025-11-04,icon_eu,icon_eu,2025-11-03 06:00:00+00:00,2025-11-03 10:00:00+00:00,2025-11-03 10:00:00+00:00,1
2025-11-04,ecmwf,ecmwf_ifs025,2025-11-03 00:00:00+00:00,2025-11-03 06:00:00+00:00,2025-11-03 10:00:00+00:00,1
2025-11-04,dmi,dmi_harmonie_arome_europe,2025-11-03 06:00:00+00:00,2025-11-03 10:00:00+00:00,2025-11-03 10:00:00+00:00,1
2025-11-04,arpege_europe,meteofrance_arpege_europe,2025-11-03 00:00:00+00:00,2025-11-03 05:00:00+00:00,2025-11-03 10:00:00+00:00,1
2025-11-04,ukmo_global,ukmo_global_deterministic_10km,2025-11-03 00:00:00+00:00,2025-11-03 06:00:00+00:00,2025-11-03 10:00:00+00:00,1
2025-11-04,cma_grapes,cma_grapes_global,2025-11-03 00:00:00+00:00,2025-11-03 06:00:00+00:00,2025-11-03 10:00:00+00:00,1
2025-11-05,gfs,gfs_global,2025-11-04 00:00:00+00:00,2025-11-04 06:00:00+00:00,2025-11-04 10:00:00+00:00,1
2025-11-05,icon_eu,icon_eu,2025-11-04 06:00:00+00:00,2025-11-04 10:00:00+00:00,2025-11-04 10:00:00+00:00,1
2025-11-05,ecmwf,ecmwf_ifs025,2025-11-04 00:00:00+00:00,2025-11-04 06:00:00+00:00,2025-11-04 10:00:00+00:00,1
2025-11-05,dmi,dmi_harmonie_arome_europe,2025-11-04 06:00:00+00:00,2025-11-04 10:00:00+00:00,2025-11-04 10:00:00+00:00,1
2025-11-05,arpege_europe,meteofrance_arpege_europe,2025-11-04 00:00:00+00:00,2025-11-04 05:00:00+00:00,2025-11-04 10:00:00+00:00,1
2025-11-05,ukmo_global,ukmo_global_deterministic_10km,2025-11-04 00:00:00+00:00,2025-11-04 06:00:00+00:00,2025-11-04 10:00:00+00:00,1
2025-11-05,cma_grapes,cma_grapes_global,2025-11-04 00:00:00+00:00,2025-11-04 06:00:00+00:00,2025-11-04 10:00:00+00:00,1
2025-11-06,gfs,gfs_global,2025-11-05 00:00:00+00:00,2025-11-05 06:00:00+00:00,2025-11-05 10:00:00+00:00,1
2025-11-06,icon_eu,icon_eu,2025-11-05 06:00:00+00:00,2025-11-05 10:00:00+00:00,2025-11-05 10:00:00+00:00,1
2025-11-06,ecmwf,ecmwf_ifs025,2025-11-05 00:00:00+00:00,2025-11-05 06:00:00+00:00,2025-11-05 10:00:00+00:00,1
2025-11-06,dmi,dmi_harmonie_arome_europe,2025-11-05 06:00:00+00:00,2025-11-05 10:00:00+00:00,2025-11-05 10:00:00+00:00,1
2025-11-06,arpege_europe,meteofrance_arpege_europe,2025-11-05 00:00:00+00:00,2025-11-05 05:00:00+00:00,2025-11-05 10:00:00+00:00,1
2025-11-06,ukmo_global,ukmo_global_deterministic_10km,2025-11-05 00:00:00+00:00,2025-11-05 06:00:00+00:00,2025-11-05 10:00:00+00:00,1
2025-11-06,cma_grapes,cma_grapes_global,2025-11-05 00:00:00+00:00,2025-11-05 06:00:00+00:00,2025-11-05 10:00:00+00:00,1
2025-11-07,gfs,gfs_global,2025-11-06 00:00:00+00:00,2025-11-06 06:00:00+00:00,2025-11-06 10:00:00+00:00,1
2025-11-07,icon_eu,icon_eu,2025-11-06 06:00:00+00:00,2025-11-06 10:00:00+00:00,2025-11-06 10:00:00+00:00,1
2025-11-07,ecmwf,ecmwf_ifs025,2025-11-06 00:00:00+00:00,2025-11-06 06:00:00+00:00,2025-11-06 10:00:00+00:00,1
2025-11-07,dmi,dmi_harmonie_arome_europe,2025-11-06 06:00:00+00:00,2025-11-06 10:00:00+00:00,2025-11-06 10:00:00+00:00,1
2025-11-07,arpege_europe,meteofrance_arpege_europe,2025-11-06 00:00:00+00:00,2025-11-06 05:00:00+00:00,2025-11-06 10:00:00+00:00,1
2025-11-07,ukmo_global,ukmo_global_deterministic_10km,2025-11-06 00:00:00+00:00,2025-11-06 06:00:00+00:00,2025-11-06 10:00:00+00:00,1
2025-11-07,cma_grapes,cma_grapes_global,2025-11-06 00:00:00+00:00,2025-11-06 06:00:00+00:00,2025-11-06 10:00:00+00:00,1
2025-11-08,gfs,gfs_global,2025-11-07 00:00:00+00:00,2025-11-07 06:00:00+00:00,2025-11-07 10:00:00+00:00,1
2025-11-08,icon_eu,icon_eu,2025-11-07 06:00:00+00:00,2025-11-07 10:00:00+00:00,2025-11-07 10:00:00+00:00,1
2025-11-08,ecmwf,ecmwf_ifs025,2025-11-07 00:00:00+00:00,2025-11-07 06:00:00+00:00,2025-11-07 10:00:00+00:00,1
2025-11-08,dmi,dmi_harmonie_arome_europe,2025-11-07 06:00:00+00:00,2025-11-07 10:00:00+00:00,2025-11-07 10:00:00+00:00,1
2025-11-08,arpege_europe,meteofrance_arpege_europe,2025-11-07 00:00:00+00:00,2025-11-07 05:00:00+00:00,2025-11-07 10:00:00+00:00,1
2025-11-08,ukmo_global,ukmo_global_deterministic_10km,2025-11-07 00:00:00+00:00,2025-11-07 06:00:00+00:00,2025-11-07 10:00:00+00:00,1
2025-11-08,cma_grapes,cma_grapes_global,2025-11-07 00:00:00+00:00,2025-11-07 06:00:00+00:00,2025-11-07 10:00:00+00:00,1
2025-11-09,gfs,gfs_global,2025-11-08 00:00:00+00:00,2025-11-08 06:00:00+00:00,2025-11-08 10:00:00+00:00,1
2025-11-09,icon_eu,icon_eu,2025-11-08 06:00:00+00:00,2025-11-08 10:00:00+00:00,2025-11-08 10:00:00+00:00,1
2025-11-09,ecmwf,ecmwf_ifs025,2025-11-08 00:00:00+00:00,2025-11-08 06:00:00+00:00,2025-11-08 10:00:00+00:00,1
2025-11-09,dmi,dmi_harmonie_arome_europe,2025-11-08 06:00:00+00:00,2025-11-08 10:00:00+00:00,2025-11-08 10:00:00+00:00,1
2025-11-09,arpege_europe,meteofrance_arpege_europe,2025-11-08 00:00:00+00:00,2025-11-08 05:00:00+00:00,2025-11-08 10:00:00+00:00,1
2025-11-09,ukmo_global,ukmo_global_deterministic_10km,2025-11-08 00:00:00+00:00,2025-11-08 06:00:00+00:00,2025-11-08 10:00:00+00:00,1
2025-11-09,cma_grapes,cma_grapes_global,2025-11-08 00:00:00+00:00,2025-11-08 06:00:00+00:00,2025-11-08 10:00:00+00:00,1
2025-11-10,gfs,gfs_global,2025-11-09 00:00:00+00:00,2025-11-09 06:00:00+00:00,2025-11-09 10:00:00+00:00,1
2025-11-10,icon_eu,icon_eu,2025-11-09 06:00:00+00:00,2025-11-09 10:00:00+00:00,2025-11-09 10:00:00+00:00,1
2025-11-10,ecmwf,ecmwf_ifs025,2025-11-09 00:00:00+00:00,2025-11-09 06:00:00+00:00,2025-11-09 10:00:00+00:00,1
2025-11-10,dmi,dmi_harmonie_arome_europe,2025-11-09 06:00:00+00:00,2025-11-09 10:00:00+00:00,2025-11-09 10:00:00+00:00,1
2025-11-10,arpege_europe,meteofrance_arpege_europe,2025-11-09 00:00:00+00:00,2025-11-09 05:00:00+00:00,2025-11-09 10:00:00+00:00,1
2025-11-10,ukmo_global,ukmo_global_deterministic_10km,2025-11-09 00:00:00+00:00,2025-11-09 06:00:00+00:00,2025-11-09 10:00:00+00:00,1
2025-11-10,cma_grapes,cma_grapes_global,2025-11-09 00:00:00+00:00,2025-11-09 06:00:00+00:00,2025-11-09 10:00:00+00:00,1
2025-11-11,gfs,gfs_global,2025-11-10 00:00:00+00:00,2025-11-10 06:00:00+00:00,2025-11-10 10:00:00+00:00,1
2025-11-11,icon_eu,icon_eu,2025-11-10 06:00:00+00:00,2025-11-10 10:00:00+00:00,2025-11-10 10:00:00+00:00,1
2025-11-11,ecmwf,ecmwf_ifs025,2025-11-10 00:00:00+00:00,2025-11-10 06:00:00+00:00,2025-11-10 10:00:00+00:00,1
2025-11-11,dmi,dmi_harmonie_arome_europe,2025-11-10 06:00:00+00:00,2025-11-10 10:00:00+00:00,2025-11-10 10:00:00+00:00,1
2025-11-11,arpege_europe,meteofrance_arpege_europe,2025-11-10 00:00:00+00:00,2025-11-10 05:00:00+00:00,2025-11-10 10:00:00+00:00,1
2025-11-11,ukmo_global,ukmo_global_deterministic_10km,2025-11-10 00:00:00+00:00,2025-11-10 06:00:00+00:00,2025-11-10 10:00:00+00:00,1
2025-11-11,cma_grapes,cma_grapes_global,2025-11-10 00:00:00+00:00,2025-11-10 06:00:00+00:00,2025-11-10 10:00:00+00:00,1
2025-11-12,gfs,gfs_global,2025-11-11 00:00:00+00:00,2025-11-11 06:00:00+00:00,2025-11-11 10:00:00+00:00,1
2025-11-12,icon_eu,icon_eu,2025-11-11 06:00:00+00:00,2025-11-11 10:00:00+00:00,2025-11-11 10:00:00+00:00,1
2025-11-12,ecmwf,ecmwf_ifs025,2025-11-11 00:00:00+00:00,2025-11-11 06:00:00+00:00,2025-11-11 10:00:00+00:00,1
2025-11-12,dmi,dmi_harmonie_arome_europe,2025-11-11 06:00:00+00:00,2025-11-11 10:00:00+00:00,2025-11-11 10:00:00+00:00,1
2025-11-12,arpege_europe,meteofrance_arpege_europe,2025-11-11 00:00:00+00:00,2025-11-11 05:00:00+00:00,2025-11-11 10:00:00+00:00,1
2025-11-12,ukmo_global,ukmo_global_deterministic_10km,2025-11-11 00:00:00+00:00,2025-11-11 06:00:00+00:00,2025-11-11 10:00:00+00:00,1
2025-11-12,cma_grapes,cma_grapes_global,2025-11-11 00:00:00+00:00,2025-11-11 06:00:00+00:00,2025-11-11 10:00:00+00:00,1
2025-11-13,gfs,gfs_global,2025-11-12 00:00:00+00:00,2025-11-12 06:00:00+00:00,2025-11-12 10:00:00+00:00,1
2025-11-13,icon_eu,icon_eu,2025-11-12 06:00:00+00:00,2025-11-12 10:00:00+00:00,2025-11-12 10:00:00+00:00,1
2025-11-13,ecmwf,ecmwf_ifs025,2025-11-12 00:00:00+00:00,2025-11-12 06:00:00+00:00,2025-11-12 10:00:00+00:00,1
2025-11-13,dmi,dmi_harmonie_arome_europe,2025-11-12 06:00:00+00:00,2025-11-12 10:00:00+00:00,2025-11-12 10:00:00+00:00,1
2025-11-13,arpege_europe,meteofrance_arpege_europe,2025-11-12 00:00:00+00:00,2025-11-12 05:00:00+00:00,2025-11-12 10:00:00+00:00,1
2025-11-13,ukmo_global,ukmo_global_deterministic_10km,2025-11-12 00:00:00+00:00,2025-11-12 06:00:00+00:00,2025-11-12 10:00:00+00:00,1
2025-11-13,cma_grapes,cma_grapes_global,2025-11-12 00:00:00+00:00,2025-11-12 06:00:00+00:00,2025-11-12 10:00:00+00:00,1
2025-11-14,gfs,gfs_global,2025-11-13 00:00:00+00:00,2025-11-13 06:00:00+00:00,2025-11-13 10:00:00+00:00,1
2025-11-14,icon_eu,icon_eu,2025-11-13 06:00:00+00:00,2025-11-13 10:00:00+00:00,2025-11-13 10:00:00+00:00,1
2025-11-14,ecmwf,ecmwf_ifs025,2025-11-13 00:00:00+00:00,2025-11-13 06:00:00+00:00,2025-11-13 10:00:00+00:00,1
2025-11-14,dmi,dmi_harmonie_arome_europe,2025-11-13 06:00:00+00:00,2025-11-13 10:00:00+00:00,2025-11-13 10:00:00+00:00,1
2025-11-14,arpege_europe,meteofrance_arpege_europe,2025-11-13 00:00:00+00:00,2025-11-13 05:00:00+00:00,2025-11-13 10:00:00+00:00,1
2025-11-14,ukmo_global,ukmo_global_deterministic_10km,2025-11-13 00:00:00+00:00,2025-11-13 06:00:00+00:00,2025-11-13 10:00:00+00:00,1
2025-11-14,cma_grapes,cma_grapes_global,2025-11-13 00:00:00+00:00,2025-11-13 06:00:00+00:00,2025-11-13 10:00:00+00:00,1
2025-11-15,gfs,gfs_global,2025-11-14 00:00:00+00:00,2025-11-14 06:00:00+00:00,2025-11-14 10:00:00+00:00,1
2025-11-15,icon_eu,icon_eu,2025-11-14 06:00:00+00:00,2025-11-14 10:00:00+00:00,2025-11-14 10:00:00+00:00,1
2025-11-15,ecmwf,ecmwf_ifs025,2025-11-14 00:00:00+00:00,2025-11-14 06:00:00+00:00,2025-11-14 10:00:00+00:00,1
2025-11-15,dmi,dmi_harmonie_arome_europe,2025-11-14 06:00:00+00:00,2025-11-14 10:00:00+00:00,2025-11-14 10:00:00+00:00,1
2025-11-15,arpege_europe,meteofrance_arpege_europe,2025-11-14 00:00:00+00:00,2025-11-14 05:00:00+00:00,2025-11-14 10:00:00+00:00,1
2025-11-15,ukmo_global,ukmo_global_deterministic_10km,2025-11-14 00:00:00+00:00,2025-11-14 06:00:00+00:00,2025-11-14 10:00:00+00:00,1
2025-11-15,cma_grapes,cma_grapes_global,2025-11-14 00:00:00+00:00,2025-11-14 06:00:00+00:00,2025-11-14 10:00:00+00:00,1
2025-11-16,gfs,gfs_global,2025-11-15 00:00:00+00:00,2025-11-15 06:00:00+00:00,2025-11-15 10:00:00+00:00,1
2025-11-16,icon_eu,icon_eu,2025-11-15 06:00:00+00:00,2025-11-15 10:00:00+00:00,2025-11-15 10:00:00+00:00,1
2025-11-16,ecmwf,ecmwf_ifs025,2025-11-15 00:00:00+00:00,2025-11-15 06:00:00+00:00,2025-11-15 10:00:00+00:00,1
2025-11-16,dmi,dmi_harmonie_arome_europe,2025-11-15 06:00:00+00:00,2025-11-15 10:00:00+00:00,2025-11-15 10:00:00+00:00,1
2025-11-16,arpege_europe,meteofrance_arpege_europe,2025-11-15 00:00:00+00:00,2025-11-15 05:00:00+00:00,2025-11-15 10:00:00+00:00,1
2025-11-16,ukmo_global,ukmo_global_deterministic_10km,2025-11-15 00:00:00+00:00,2025-11-15 06:00:00+00:00,2025-11-15 10:00:00+00:00,1
2025-11-16,cma_grapes,cma_grapes_global,2025-11-15 00:00:00+00:00,2025-11-15 06:00:00+00:00,2025-11-15 10:00:00+00:00,1
2025-11-17,gfs,gfs_global,2025-11-16 00:00:00+00:00,2025-11-16 06:00:00+00:00,2025-11-16 10:00:00+00:00,1
2025-11-17,icon_eu,icon_eu,2025-11-16 06:00:00+00:00,2025-11-16 10:00:00+00:00,2025-11-16 10:00:00+00:00,1
2025-11-17,ecmwf,ecmwf_ifs025,2025-11-16 00:00:00+00:00,2025-11-16 06:00:00+00:00,2025-11-16 10:00:00+00:00,1
2025-11-17,dmi,dmi_harmonie_arome_europe,2025-11-16 06:00:00+00:00,2025-11-16 10:00:00+00:00,2025-11-16 10:00:00+00:00,1
2025-11-17,arpege_europe,meteofrance_arpege_europe,2025-11-16 00:00:00+00:00,2025-11-16 05:00:00+00:00,2025-11-16 10:00:00+00:00,1
2025-11-17,ukmo_global,ukmo_global_deterministic_10km,2025-11-16 00:00:00+00:00,2025-11-16 06:00:00+00:00,2025-11-16 10:00:00+00:00,1
2025-11-17,cma_grapes,cma_grapes_global,2025-11-16 00:00:00+00:00,2025-11-16 06:00:00+00:00,2025-11-16 10:00:00+00:00,1
2025-11-18,gfs,gfs_global,2025-11-17 00:00:00+00:00,2025-11-17 06:00:00+00:00,2025-11-17 10:00:00+00:00,1
2025-11-18,icon_eu,icon_eu,2025-11-17 06:00:00+00:00,2025-11-17 10:00:00+00:00,2025-11-17 10:00:00+00:00,1
2025-11-18,ecmwf,ecmwf_ifs025,2025-11-17 00:00:00+00:00,2025-11-17 06:00:00+00:00,2025-11-17 10:00:00+00:00,1
2025-11-18,dmi,dmi_harmonie_arome_europe,2025-11-17 06:00:00+00:00,2025-11-17 10:00:00+00:00,2025-11-17 10:00:00+00:00,1
2025-11-18,arpege_europe,meteofrance_arpege_europe,2025-11-17 00:00:00+00:00,2025-11-17 05:00:00+00:00,2025-11-17 10:00:00+00:00,1
2025-11-18,ukmo_global,ukmo_global_deterministic_10km,2025-11-17 00:00:00+00:00,2025-11-17 06:00:00+00:00,2025-11-17 10:00:00+00:00,1
2025-11-18,cma_grapes,cma_grapes_global,2025-11-17 00:00:00+00:00,2025-11-17 06:00:00+00:00,2025-11-17 10:00:00+00:00,1
2025-11-19,gfs,gfs_global,2025-11-18 00:00:00+00:00,2025-11-18 06:00:00+00:00,2025-11-18 10:00:00+00:00,1
2025-11-19,icon_eu,icon_eu,2025-11-18 06:00:00+00:00,2025-11-18 10:00:00+00:00,2025-11-18 10:00:00+00:00,1
2025-11-19,ecmwf,ecmwf_ifs025,2025-11-18 00:00:00+00:00,2025-11-18 06:00:00+00:00,2025-11-18 10:00:00+00:00,1
2025-11-19,dmi,dmi_harmonie_arome_europe,2025-11-18 06:00:00+00:00,2025-11-18 10:00:00+00:00,2025-11-18 10:00:00+00:00,1
2025-11-19,arpege_europe,meteofrance_arpege_europe,2025-11-18 00:00:00+00:00,2025-11-18 05:00:00+00:00,2025-11-18 10:00:00+00:00,1
2025-11-19,ukmo_global,ukmo_global_deterministic_10km,2025-11-18 00:00:00+00:00,2025-11-18 06:00:00+00:00,2025-11-18 10:00:00+00:00,1
2025-11-19,cma_grapes,cma_grapes_global,2025-11-18 00:00:00+00:00,2025-11-18 06:00:00+00:00,2025-11-18 10:00:00+00:00,1
2025-11-20,gfs,gfs_global,2025-11-19 00:00:00+00:00,2025-11-19 06:00:00+00:00,2025-11-19 10:00:00+00:00,1
2025-11-20,icon_eu,icon_eu,2025-11-19 06:00:00+00:00,2025-11-19 10:00:00+00:00,2025-11-19 10:00:00+00:00,1
2025-11-20,ecmwf,ecmwf_ifs025,2025-11-19 00:00:00+00:00,2025-11-19 06:00:00+00:00,2025-11-19 10:00:00+00:00,1
2025-11-20,dmi,dmi_harmonie_arome_europe,2025-11-19 06:00:00+00:00,2025-11-19 10:00:00+00:00,2025-11-19 10:00:00+00:00,1
2025-11-20,arpege_europe,meteofrance_arpege_europe,2025-11-19 00:00:00+00:00,2025-11-19 05:00:00+00:00,2025-11-19 10:00:00+00:00,1
2025-11-20,ukmo_global,ukmo_global_deterministic_10km,2025-11-19 00:00:00+00:00,2025-11-19 06:00:00+00:00,2025-11-19 10:00:00+00:00,1
2025-11-20,cma_grapes,cma_grapes_global,2025-11-18 18:00:00+00:00,2025-11-19 00:00:00+00:00,2025-11-19 10:00:00+00:00,2
2025-11-21,gfs,gfs_global,2025-11-20 00:00:00+00:00,2025-11-20 06:00:00+00:00,2025-11-20 10:00:00+00:00,1
2025-11-21,icon_eu,icon_eu,2025-11-20 06:00:00+00:00,2025-11-20 10:00:00+00:00,2025-11-20 10:00:00+00:00,1
2025-11-21,ecmwf,ecmwf_ifs025,2025-11-20 00:00:00+00:00,2025-11-20 06:00:00+00:00,2025-11-20 10:00:00+00:00,1
2025-11-21,dmi,dmi_harmonie_arome_europe,2025-11-20 06:00:00+00:00,2025-11-20 10:00:00+00:00,2025-11-20 10:00:00+00:00,1
2025-11-21,arpege_europe,meteofrance_arpege_europe,2025-11-20 00:00:00+00:00,2025-11-20 05:00:00+00:00,2025-11-20 10:00:00+00:00,1
2025-11-21,ukmo_global,ukmo_global_deterministic_10km,2025-11-20 00:00:00+00:00,2025-11-20 06:00:00+00:00,2025-11-20 10:00:00+00:00,1
2025-11-21,cma_grapes,cma_grapes_global,2025-11-20 00:00:00+00:00,2025-11-20 06:00:00+00:00,2025-11-20 10:00:00+00:00,1
2025-11-22,gfs,gfs_global,2025-11-21 00:00:00+00:00,2025-11-21 06:00:00+00:00,2025-11-21 10:00:00+00:00,1
2025-11-22,icon_eu,icon_eu,2025-11-21 06:00:00+00:00,2025-11-21 10:00:00+00:00,2025-11-21 10:00:00+00:00,1
2025-11-22,ecmwf,ecmwf_ifs025,2025-11-21 00:00:00+00:00,2025-11-21 06:00:00+00:00,2025-11-21 10:00:00+00:00,1
2025-11-24,arpege_europe,meteofrance_arpege_europe,2025-11-21 00:00:00+00:00,2025-11-21 05:00:00+00:00,2025-11-23 10:00:00+00:00,9
2025-11-24,ukmo_global,ukmo_global_deterministic_10km,2025-11-23 00:00:00+00:00,2025-11-23 06:00:00+00:00,2025-11-23 10:00:00+00:00,1
2025-11-24,cma_grapes,cma_grapes_global,2025-11-23 00:00:00+00:00,2025-11-23 06:00:00+00:00,2025-11-23 10:00:00+00:00,1
2025-11-25,gfs,gfs_global,2025-11-24 00:00:00+00:00,2025-11-24 06:00:00+00:00,2025-11-24 10:00:00+00:00,1
2025-11-25,icon_eu,icon_eu,2025-11-24 06:00:00+00:00,2025-11-24 10:00:00+00:00,2025-11-24 10:00:00+00:00,1
2025-11-25,ecmwf,ecmwf_ifs025,2025-11-24 00:00:00+00:00,2025-11-24 06:00:00+00:00,2025-11-24 10:00:00+00:00,1
2025-11-25,dmi,dmi_harmonie_arome_europe,2025-11-24 06:00:00+00:00,2025-11-24 10:00:00+00:00,2025-11-24 10:00:00+00:00,1
2025-11-25,arpege_europe,meteofrance_arpege_europe,2025-11-24 00:00:00+00:00,2025-11-24 05:00:00+00:00,2025-11-24 10:00:00+00:00,1
2025-11-25,ukmo_global,ukmo_global_deterministic_10km,2025-11-24 00:00:00+00:00,2025-11-24 06:00:00+00:00,2025-11-24 10:00:00+00:00,1
2025-11-25,cma_grapes,cma_grapes_global,2025-11-24 00:00:00+00:00,2025-11-24 06:00:00+00:00,2025-11-24 10:00:00+00:00,1
2025-11-26,gfs,gfs_global,2025-11-25 00:00:00+00:00,2025-11-25 06:00:00+00:00,2025-11-25 10:00:00+00:00,1
2025-11-26,icon_eu,icon_eu,2025-11-25 06:00:00+00:00,2025-11-25 10:00:00+00:00,2025-11-25 10:00:00+00:00,1
2025-11-26,ecmwf,ecmwf_ifs025,2025-11-25 00:00:00+00:00,2025-11-25 06:00:00+00:00,2025-11-25 10:00:00+00:00,1
2025-11-26,dmi,dmi_harmonie_arome_europe,2025-11-25 06:00:00+00:00,2025-11-25 10:00:00+00:00,2025-11-25 10:00:00+00:00,1
2025-11-26,arpege_europe,meteofrance_arpege_europe,2025-11-25 00:00:00+00:00,2025-11-25 05:00:00+00:00,2025-11-25 10:00:00+00:00,1
2025-11-26,ukmo_global,ukmo_global_deterministic_10km,2025-11-25 00:00:00+00:00,2025-11-25 06:00:00+00:00,2025-11-25 10:00:00+00:00,1
2025-11-26,cma_grapes,cma_grapes_global,2025-11-25 00:00:00+00:00,2025-11-25 06:00:00+00:00,2025-11-25 10:00:00+00:00,1
2025-11-27,gfs,gfs_global,2025-11-26 00:00:00+00:00,2025-11-26 06:00:00+00:00,2025-11-26 10:00:00+00:00,1
2025-11-27,icon_eu,icon_eu,2025-11-26 06:00:00+00:00,2025-11-26 10:00:00+00:00,2025-11-26 10:00:00+00:00,1
2025-11-27,ecmwf,ecmwf_ifs025,2025-11-26 00:00:00+00:00,2025-11-26 06:00:00+00:00,2025-11-26 10:00:00+00:00,1
2025-11-27,dmi,dmi_harmonie_arome_europe,2025-11-26 06:00:00+00:00,2025-11-26 10:00:00+00:00,2025-11-26 10:00:00+00:00,1
2025-11-27,arpege_europe,meteofrance_arpege_europe,2025-11-26 00:00:00+00:00,2025-11-26 05:00:00+00:00,2025-11-26 10:00:00+00:00,1
2025-11-27,ukmo_global,ukmo_global_deterministic_10km,2025-11-26 00:00:00+00:00,2025-11-26 06:00:00+00:00,2025-11-26 10:00:00+00:00,1
2025-11-27,cma_grapes,cma_grapes_global,2025-11-26 00:00:00+00:00,2025-11-26 06:00:00+00:00,2025-11-26 10:00:00+00:00,1
2025-11-28,gfs,gfs_global,2025-11-27 00:00:00+00:00,2025-11-27 06:00:00+00:00,2025-11-27 10:00:00+00:00,1
2025-11-28,icon_eu,icon_eu,2025-11-27 06:00:00+00:00,2025-11-27 10:00:00+00:00,2025-11-27 10:00:00+00:00,1
2025-11-28,ecmwf,ecmwf_ifs025,2025-11-27 00:00:00+00:00,2025-11-27 06:00:00+00:00,2025-11-27 10:00:00+00:00,1
2025-11-28,dmi,dmi_harmonie_arome_europe,2025-11-27 06:00:00+00:00,2025-11-27 10:00:00+00:00,2025-11-27 10:00:00+00:00,1
2025-11-28,arpege_europe,meteofrance_arpege_europe,2025-11-27 00:00:00+00:00,2025-11-27 05:00:00+00:00,2025-11-27 10:00:00+00:00,1
2025-11-28,ukmo_global,ukmo_global_deterministic_10km,2025-11-27 00:00:00+00:00,2025-11-27 06:00:00+00:00,2025-11-27 10:00:00+00:00,1
2025-11-28,cma_grapes,cma_grapes_global,2025-11-27 00:00:00+00:00,2025-11-27 06:00:00+00:00,2025-11-27 10:00:00+00:00,1
2025-11-29,gfs,gfs_global,2025-11-28 00:00:00+00:00,2025-11-28 06:00:00+00:00,2025-11-28 10:00:00+00:00,1
2025-11-29,icon_eu,icon_eu,2025-11-28 06:00:00+00:00,2025-11-28 10:00:00+00:00,2025-11-28 10:00:00+00:00,1
2025-11-29,ecmwf,ecmwf_ifs025,2025-11-28 00:00:00+00:00,2025-11-28 06:00:00+00:00,2025-11-28 10:00:00+00:00,1
2025-11-29,dmi,dmi_harmonie_arome_europe,2025-11-28 06:00:00+00:00,2025-11-28 10:00:00+00:00,2025-11-28 10:00:00+00:00,1
2025-11-29,arpege_europe,meteofrance_arpege_europe,2025-11-28 00:00:00+00:00,2025-11-28 05:00:00+00:00,2025-11-28 10:00:00+00:00,1
2025-11-29,ukmo_global,ukmo_global_deterministic_10km,2025-11-28 00:00:00+00:00,2025-11-28 06:00:00+00:00,2025-11-28 10:00:00+00:00,1
2025-11-29,cma_grapes,cma_grapes_global,2025-11-28 00:00:00+00:00,2025-11-28 06:00:00+00:00,2025-11-28 10:00:00+00:00,1
2025-11-30,gfs,gfs_global,2025-11-29 00:00:00+00:00,2025-11-29 06:00:00+00:00,2025-11-29 10:00:00+00:00,1
2025-11-30,icon_eu,icon_eu,2025-11-29 06:00:00+00:00,2025-11-29 10:00:00+00:00,2025-11-29 10:00:00+00:00,1
2025-11-30,ecmwf,ecmwf_ifs025,2025-11-29 00:00:00+00:00,2025-11-29 06:00:00+00:00,2025-11-29 10:00:00+00:00,1
2025-11-30,dmi,dmi_harmonie_arome_europe,2025-11-29 06:00:00+00:00,2025-11-29 10:00:00+00:00,2025-11-29 10:00:00+00:00,1
2025-11-30,arpege_europe,meteofrance_arpege_europe,2025-11-29 00:00:00+00:00,2025-11-29 05:00:00+00:00,2025-11-29 10:00:00+00:00,1
2025-11-30,ukmo_global,ukmo_global_deterministic_10km,2025-11-29 00:00:00+00:00,2025-11-29 06:00:00+00:00,2025-11-29 10:00:00+00:00,1
2025-11-30,cma_grapes,cma_grapes_global,2025-11-29 00:00:00+00:00,2025-11-29 06:00:00+00:00,2025-11-29 10:00:00+00:00,1
2025-12-01,gfs,gfs_global,2025-11-30 00:00:00+00:00,2025-11-30 06:00:00+00:00,2025-11-30 10:00:00+00:00,1
2025-12-01,icon_eu,icon_eu,2025-11-30 06:00:00+00:00,2025-11-30 10:00:00+00:00,2025-11-30 10:00:00+00:00,1
2025-12-01,ecmwf,ecmwf_ifs025,2025-11-30 00:00:00+00:00,2025-11-30 06:00:00+00:00,2025-11-30 10:00:00+00:00,1
2025-12-01,dmi,dmi_harmonie_arome_europe,2025-11-30 06:00:00+00:00,2025-11-30 10:00:00+00:00,2025-11-30 10:00:00+00:00,1
2025-12-01,arpege_europe,meteofrance_arpege_europe,2025-11-30 00:00:00+00:00,2025-11-30 05:00:00+00:00,2025-11-30 10:00:00+00:00,1
2025-12-01,ukmo_global,ukmo_global_deterministic_10km,2025-11-30 00:00:00+00:00,2025-11-30 06:00:00+00:00,2025-11-30 10:00:00+00:00,1
2025-12-01,cma_grapes,cma_grapes_global,2025-11-30 00:00:00+00:00,2025-11-30 06:00:00+00:00,2025-11-30 10:00:00+00:00,1
2025-12-02,gfs,gfs_global,2025-12-01 00:00:00+00:00,2025-12-01 06:00:00+00:00,2025-12-01 10:00:00+00:00,1
2025-12-02,icon_eu,icon_eu,2025-12-01 06:00:00+00:00,2025-12-01 10:00:00+00:00,2025-12-01 10:00:00+00:00,1
2025-12-02,ecmwf,ecmwf_ifs025,2025-12-01 00:00:00+00:00,2025-12-01 06:00:00+00:00,2025-12-01 10:00:00+00:00,1
2025-12-02,dmi,dmi_harmonie_arome_europe,2025-12-01 06:00:00+00:00,2025-12-01 10:00:00+00:00,2025-12-01 10:00:00+00:00,1
2025-12-02,arpege_europe,meteofrance_arpege_europe,2025-12-01 00:00:00+00:00,2025-12-01 05:00:00+00:00,2025-12-01 10:00:00+00:00,1
2025-12-02,ukmo_global,ukmo_global_deterministic_10km,2025-12-01 00:00:00+00:00,2025-12-01 06:00:00+00:00,2025-12-01 10:00:00+00:00,1
2025-12-02,cma_grapes,cma_grapes_global,2025-12-01 00:00:00+00:00,2025-12-01 06:00:00+00:00,2025-12-01 10:00:00+00:00,1
2025-12-03,gfs,gfs_global,2025-12-02 00:00:00+00:00,2025-12-02 06:00:00+00:00,2025-12-02 10:00:00+00:00,1
2025-12-03,icon_eu,icon_eu,2025-12-02 06:00:00+00:00,2025-12-02 10:00:00+00:00,2025-12-02 10:00:00+00:00,1
2025-12-03,ecmwf,ecmwf_ifs025,2025-12-02 00:00:00+00:00,2025-12-02 06:00:00+00:00,2025-12-02 10:00:00+00:00,1
2025-12-03,dmi,dmi_harmonie_arome_europe,2025-12-02 06:00:00+00:00,2025-12-02 10:00:00+00:00,2025-12-02 10:00:00+00:00,1
2025-12-03,arpege_europe,meteofrance_arpege_europe,2025-12-02 00:00:00+00:00,2025-12-02 05:00:00+00:00,2025-12-02 10:00:00+00:00,1
2025-12-03,ukmo_global,ukmo_global_deterministic_10km,2025-12-02 00:00:00+00:00,2025-12-02 06:00:00+00:00,2025-12-02 10:00:00+00:00,1
2025-12-03,cma_grapes,cma_grapes_global,2025-12-02 00:00:00+00:00,2025-12-02 06:00:00+00:00,2025-12-02 10:00:00+00:00,1
2025-12-04,gfs,gfs_global,2025-12-03 00:00:00+00:00,2025-12-03 06:00:00+00:00,2025-12-03 10:00:00+00:00,1
2025-12-04,icon_eu,icon_eu,2025-12-03 06:00:00+00:00,2025-12-03 10:00:00+00:00,2025-12-03 10:00:00+00:00,1
2025-12-04,ecmwf,ecmwf_ifs025,2025-12-03 00:00:00+00:00,2025-12-03 06:00:00+00:00,2025-12-03 10:00:00+00:00,1
2025-12-04,dmi,dmi_harmonie_arome_europe,2025-12-03 06:00:00+00:00,2025-12-03 10:00:00+00:00,2025-12-03 10:00:00+00:00,1
2025-12-04,arpege_europe,meteofrance_arpege_europe,2025-12-03 00:00:00+00:00,2025-12-03 05:00:00+00:00,2025-12-03 10:00:00+00:00,1
2025-12-04,ukmo_global,ukmo_global_deterministic_10km,2025-12-03 00:00:00+00:00,2025-12-03 06:00:00+00:00,2025-12-03 10:00:00+00:00,1
2025-12-04,cma_grapes,cma_grapes_global,2025-12-03 00:00:00+00:00,2025-12-03 06:00:00+00:00,2025-12-03 10:00:00+00:00,1
2025-12-05,gfs,gfs_global,2025-12-04 00:00:00+00:00,2025-12-04 06:00:00+00:00,2025-12-04 10:00:00+00:00,1
2025-12-05,icon_eu,icon_eu,2025-12-04 06:00:00+00:00,2025-12-04 10:00:00+00:00,2025-12-04 10:00:00+00:00,1
2025-12-05,ecmwf,ecmwf_ifs025,2025-12-04 00:00:00+00:00,2025-12-04 06:00:00+00:00,2025-12-04 10:00:00+00:00,1
2025-12-05,dmi,dmi_harmonie_arome_europe,2025-12-04 06:00:00+00:00,2025-12-04 10:00:00+00:00,2025-12-04 10:00:00+00:00,1
2025-12-05,arpege_europe,meteofrance_arpege_europe,2025-12-04 00:00:00+00:00,2025-12-04 05:00:00+00:00,2025-12-04 10:00:00+00:00,1
2025-12-05,ukmo_global,ukmo_global_deterministic_10km,2025-12-04 00:00:00+00:00,2025-12-04 06:00:00+00:00,2025-12-04 10:00:00+00:00,1
2025-12-05,cma_grapes,cma_grapes_global,2025-12-04 00:00:00+00:00,2025-12-04 06:00:00+00:00,2025-12-04 10:00:00+00:00,1
2025-12-06,gfs,gfs_global,2025-12-05 00:00:00+00:00,2025-12-05 06:00:00+00:00,2025-12-05 10:00:00+00:00,1
2025-12-06,icon_eu,icon_eu,2025-12-05 06:00:00+00:00,2025-12-05 10:00:00+00:00,2025-12-05 10:00:00+00:00,1
2025-12-06,ecmwf,ecmwf_ifs025,2025-12-05 00:00:00+00:00,2025-12-05 06:00:00+00:00,2025-12-05 10:00:00+00:00,1
2025-12-06,dmi,dmi_harmonie_arome_europe,2025-12-05 06:00:00+00:00,2025-12-05 10:00:00+00:00,2025-12-05 10:00:00+00:00,1
2025-12-06,arpege_europe,meteofrance_arpege_europe,2025-12-05 00:00:00+00:00,2025-12-05 05:00:00+00:00,2025-12-05 10:00:00+00:00,1
2025-12-06,ukmo_global,ukmo_global_deterministic_10km,2025-12-05 00:00:00+00:00,2025-12-05 06:00:00+00:00,2025-12-05 10:00:00+00:00,1
2025-12-06,cma_grapes,cma_grapes_global,2025-12-05 00:00:00+00:00,2025-12-05 06:00:00+00:00,2025-12-05 10:00:00+00:00,1
2025-12-07,gfs,gfs_global,2025-12-06 00:00:00+00:00,2025-12-06 06:00:00+00:00,2025-12-06 10:00:00+00:00,1
2025-12-07,icon_eu,icon_eu,2025-12-06 06:00:00+00:00,2025-12-06 10:00:00+00:00,2025-12-06 10:00:00+00:00,1
2025-12-07,ecmwf,ecmwf_ifs025,2025-12-06 00:00:00+00:00,2025-12-06 06:00:00+00:00,2025-12-06 10:00:00+00:00,1
2025-12-07,dmi,dmi_harmonie_arome_europe,2025-12-06 06:00:00+00:00,2025-12-06 10:00:00+00:00,2025-12-06 10:00:00+00:00,1
2025-12-07,arpege_europe,meteofrance_arpege_europe,2025-12-06 00:00:00+00:00,2025-12-06 05:00:00+00:00,2025-12-06 10:00:00+00:00,1
2025-12-07,ukmo_global,ukmo_global_deterministic_10km,2025-12-06 00:00:00+00:00,2025-12-06 06:00:00+00:00,2025-12-06 10:00:00+00:00,1
2025-12-07,cma_grapes,cma_grapes_global,2025-12-06 00:00:00+00:00,2025-12-06 06:00:00+00:00,2025-12-06 10:00:00+00:00,1
2025-12-08,gfs,gfs_global,2025-12-07 00:00:00+00:00,2025-12-07 06:00:00+00:00,2025-12-07 10:00:00+00:00,1
2025-12-08,icon_eu,icon_eu,2025-12-07 06:00:00+00:00,2025-12-07 10:00:00+00:00,2025-12-07 10:00:00+00:00,1
2025-12-08,ecmwf,ecmwf_ifs025,2025-12-07 00:00:00+00:00,2025-12-07 06:00:00+00:00,2025-12-07 10:00:00+00:00,1
2025-12-08,dmi,dmi_harmonie_arome_europe,2025-12-07 06:00:00+00:00,2025-12-07 10:00:00+00:00,2025-12-07 10:00:00+00:00,1
2025-12-08,arpege_europe,meteofrance_arpege_europe,2025-12-07 00:00:00+00:00,2025-12-07 05:00:00+00:00,2025-12-07 10:00:00+00:00,1
2025-12-08,ukmo_global,ukmo_global_deterministic_10km,2025-12-07 00:00:00+00:00,2025-12-07 06:00:00+00:00,2025-12-07 10:00:00+00:00,1
2025-12-08,cma_grapes,cma_grapes_global,2025-12-07 00:00:00+00:00,2025-12-07 06:00:00+00:00,2025-12-07 10:00:00+00:00,1
2025-12-09,gfs,gfs_global,2025-12-08 00:00:00+00:00,2025-12-08 06:00:00+00:00,2025-12-08 10:00:00+00:00,1
2025-12-09,icon_eu,icon_eu,2025-12-08 06:00:00+00:00,2025-12-08 10:00:00+00:00,2025-12-08 10:00:00+00:00,1
2025-12-09,ecmwf,ecmwf_ifs025,2025-12-08 00:00:00+00:00,2025-12-08 06:00:00+00:00,2025-12-08 10:00:00+00:00,1
2025-12-09,dmi,dmi_harmonie_arome_europe,2025-12-08 06:00:00+00:00,2025-12-08 10:00:00+00:00,2025-12-08 10:00:00+00:00,1
2025-12-09,arpege_europe,meteofrance_arpege_europe,2025-12-08 00:00:00+00:00,2025-12-08 05:00:00+00:00,2025-12-08 10:00:00+00:00,1
2025-12-09,ukmo_global,ukmo_global_deterministic_10km,2025-12-08 00:00:00+00:00,2025-12-08 06:00:00+00:00,2025-12-08 10:00:00+00:00,1
2025-12-09,cma_grapes,cma_grapes_global,2025-12-08 00:00:00+00:00,2025-12-08 06:00:00+00:00,2025-12-08 10:00:00+00:00,1
2025-12-10,gfs,gfs_global,2025-12-09 00:00:00+00:00,2025-12-09 06:00:00+00:00,2025-12-09 10:00:00+00:00,1
2025-12-10,icon_eu,icon_eu,2025-12-09 06:00:00+00:00,2025-12-09 10:00:00+00:00,2025-12-09 10:00:00+00:00,1
2025-12-10,ecmwf,ecmwf_ifs025,2025-12-09 00:00:00+00:00,2025-12-09 06:00:00+00:00,2025-12-09 10:00:00+00:00,1
2025-12-10,dmi,dmi_harmonie_arome_europe,2025-12-09 06:00:00+00:00,2025-12-09 10:00:00+00:00,2025-12-09 10:00:00+00:00,1
2025-12-10,arpege_europe,meteofrance_arpege_europe,2025-12-09 00:00:00+00:00,2025-12-09 05:00:00+00:00,2025-12-09 10:00:00+00:00,1
2025-12-10,ukmo_global,ukmo_global_deterministic_10km,2025-12-09 00:00:00+00:00,2025-12-09 06:00:00+00:00,2025-12-09 10:00:00+00:00,1
2025-12-10,cma_grapes,cma_grapes_global,2025-12-09 00:00:00+00:00,2025-12-09 06:00:00+00:00,2025-12-09 10:00:00+00:00,1
2025-12-11,gfs,gfs_global,2025-12-10 00:00:00+00:00,2025-12-10 06:00:00+00:00,2025-12-10 10:00:00+00:00,1
2025-12-11,icon_eu,icon_eu,2025-12-10 06:00:00+00:00,2025-12-10 10:00:00+00:00,2025-12-10 10:00:00+00:00,1
2025-12-11,ecmwf,ecmwf_ifs025,2025-12-09 12:00:00+00:00,2025-12-09 18:00:00+00:00,2025-12-10 10:00:00+00:00,3
2025-12-11,dmi,dmi_harmonie_arome_europe,2025-12-10 06:00:00+00:00,2025-12-10 10:00:00+00:00,2025-12-10 10:00:00+00:00,1
2025-12-11,arpege_europe,meteofrance_arpege_europe,2025-12-10 00:00:00+00:00,2025-12-10 05:00:00+00:00,2025-12-10 10:00:00+00:00,1
2025-12-11,ukmo_global,ukmo_global_deterministic_10km,2025-12-10 00:00:00+00:00,2025-12-10 06:00:00+00:00,2025-12-10 10:00:00+00:00,1
2025-12-11,cma_grapes,cma_grapes_global,2025-12-10 00:00:00+00:00,2025-12-10 06:00:00+00:00,2025-12-10 10:00:00+00:00,1
2025-12-12,gfs,gfs_global,2025-12-11 00:00:00+00:00,2025-12-11 06:00:00+00:00,2025-12-11 10:00:00+00:00,1
2025-12-12,icon_eu,icon_eu,2025-12-11 06:00:00+00:00,2025-12-11 10:00:00+00:00,2025-12-11 10:00:00+00:00,1
2025-12-12,ecmwf,ecmwf_ifs025,2025-12-11 00:00:00+00:00,2025-12-11 06:00:00+00:00,2025-12-11 10:00:00+00:00,1
2025-12-12,dmi,dmi_harmonie_arome_europe,2025-12-11 06:00:00+00:00,2025-12-11 10:00:00+00:00,2025-12-11 10:00:00+00:00,1
2025-12-12,arpege_europe,meteofrance_arpege_europe,2025-12-11 00:00:00+00:00,2025-12-11 05:00:00+00:00,2025-12-11 10:00:00+00:00,1
2025-12-12,ukmo_global,ukmo_global_deterministic_10km,2025-12-11 00:00:00+00:00,2025-12-11 06:00:00+00:00,2025-12-11 10:00:00+00:00,1
2025-12-12,cma_grapes,cma_grapes_global,2025-12-11 00:00:00+00:00,2025-12-11 06:00:00+00:00,2025-12-11 10:00:00+00:00,1
2025-12-13,gfs,gfs_global,2025-12-12 00:00:00+00:00,2025-12-12 06:00:00+00:00,2025-12-12 10:00:00+00:00,1
2025-12-13,icon_eu,icon_eu,2025-12-12 06:00:00+00:00,2025-12-12 10:00:00+00:00,2025-12-12 10:00:00+00:00,1
2025-12-13,ecmwf,ecmwf_ifs025,2025-12-12 00:00:00+00:00,2025-12-12 06:00:00+00:00,2025-12-12 10:00:00+00:00,1
2025-12-13,dmi,dmi_harmonie_arome_europe,2025-12-12 06:00:00+00:00,2025-12-12 10:00:00+00:00,2025-12-12 10:00:00+00:00,1
2025-12-13,arpege_europe,meteofrance_arpege_europe,2025-12-12 00:00:00+00:00,2025-12-12 05:00:00+00:00,2025-12-12 10:00:00+00:00,1
2025-12-13,ukmo_global,ukmo_global_deterministic_10km,2025-12-12 00:00:00+00:00,2025-12-12 06:00:00+00:00,2025-12-12 10:00:00+00:00,1
2025-12-13,cma_grapes,cma_grapes_global,2025-12-12 00:00:00+00:00,2025-12-12 06:00:00+00:00,2025-12-12 10:00:00+00:00,1
2025-12-14,gfs,gfs_global,2025-12-13 00:00:00+00:00,2025-12-13 06:00:00+00:00,2025-12-13 10:00:00+00:00,1
2025-12-14,icon_eu,icon_eu,2025-12-13 06:00:00+00:00,2025-12-13 10:00:00+00:00,2025-12-13 10:00:00+00:00,1
2025-12-14,ecmwf,ecmwf_ifs025,2025-12-13 00:00:00+00:00,2025-12-13 06:00:00+00:00,2025-12-13 10:00:00+00:00,1
2025-12-14,dmi,dmi_harmonie_arome_europe,2025-12-13 06:00:00+00:00,2025-12-13 10:00:00+00:00,2025-12-13 10:00:00+00:00,1
2025-12-14,arpege_europe,meteofrance_arpege_europe,2025-12-13 00:00:00+00:00,2025-12-13 05:00:00+00:00,2025-12-13 10:00:00+00:00,1
2025-12-14,ukmo_global,ukmo_global_deterministic_10km,2025-12-13 00:00:00+00:00,2025-12-13 06:00:00+00:00,2025-12-13 10:00:00+00:00,1
2025-12-14,cma_grapes,cma_grapes_global,2025-12-13 00:00:00+00:00,2025-12-13 06:00:00+00:00,2025-12-13 10:00:00+00:00,1
2025-12-15,gfs,gfs_global,2025-12-14 00:00:00+00:00,2025-12-14 06:00:00+00:00,2025-12-14 10:00:00+00:00,1
2025-12-15,icon_eu,icon_eu,2025-12-14 06:00:00+00:00,2025-12-14 10:00:00+00:00,2025-12-14 10:00:00+00:00,1
2025-12-15,ecmwf,ecmwf_ifs025,2025-12-14 00:00:00+00:00,2025-12-14 06:00:00+00:00,2025-12-14 10:00:00+00:00,1
2025-12-15,dmi,dmi_harmonie_arome_europe,2025-12-14 06:00:00+00:00,2025-12-14 10:00:00+00:00,2025-12-14 10:00:00+00:00,1
2025-12-15,arpege_europe,meteofrance_arpege_europe,2025-12-14 00:00:00+00:00,2025-12-14 05:00:00+00:00,2025-12-14 10:00:00+00:00,1
2025-12-15,ukmo_global,ukmo_global_deterministic_10km,2025-12-14 00:00:00+00:00,2025-12-14 06:00:00+00:00,2025-12-14 10:00:00+00:00,1
2025-12-15,cma_grapes,cma_grapes_global,2025-12-14 00:00:00+00:00,2025-12-14 06:00:00+00:00,2025-12-14 10:00:00+00:00,1
2025-12-16,gfs,gfs_global,2025-12-15 00:00:00+00:00,2025-12-15 06:00:00+00:00,2025-12-15 10:00:00+00:00,1
2025-12-16,icon_eu,icon_eu,2025-12-15 06:00:00+00:00,2025-12-15 10:00:00+00:00,2025-12-15 10:00:00+00:00,1
2025-12-16,ecmwf,ecmwf_ifs025,2025-12-15 00:00:00+00:00,2025-12-15 06:00:00+00:00,2025-12-15 10:00:00+00:00,1
2025-12-16,dmi,dmi_harmonie_arome_europe,2025-12-15 06:00:00+00:00,2025-12-15 10:00:00+00:00,2025-12-15 10:00:00+00:00,1
2025-12-16,arpege_europe,meteofrance_arpege_europe,2025-12-15 00:00:00+00:00,2025-12-15 05:00:00+00:00,2025-12-15 10:00:00+00:00,1
2025-12-16,ukmo_global,ukmo_global_deterministic_10km,2025-12-15 00:00:00+00:00,2025-12-15 06:00:00+00:00,2025-12-15 10:00:00+00:00,1
2025-12-16,cma_grapes,cma_grapes_global,2025-12-15 00:00:00+00:00,2025-12-15 06:00:00+00:00,2025-12-15 10:00:00+00:00,1
2025-12-17,gfs,gfs_global,2025-12-16 00:00:00+00:00,2025-12-16 06:00:00+00:00,2025-12-16 10:00:00+00:00,1
2025-12-17,icon_eu,icon_eu,2025-12-16 06:00:00+00:00,2025-12-16 10:00:00+00:00,2025-12-16 10:00:00+00:00,1
2025-12-17,ecmwf,ecmwf_ifs025,2025-12-16 00:00:00+00:00,2025-12-16 06:00:00+00:00,2025-12-16 10:00:00+00:00,1
2025-12-17,dmi,dmi_harmonie_arome_europe,2025-12-16 06:00:00+00:00,2025-12-16 10:00:00+00:00,2025-12-16 10:00:00+00:00,1
2025-12-17,arpege_europe,meteofrance_arpege_europe,2025-12-16 00:00:00+00:00,2025-12-16 05:00:00+00:00,2025-12-16 10:00:00+00:00,1
2025-12-17,ukmo_global,ukmo_global_deterministic_10km,2025-12-16 00:00:00+00:00,2025-12-16 06:00:00+00:00,2025-12-16 10:00:00+00:00,1
2025-12-17,cma_grapes,cma_grapes_global,2025-12-16 00:00:00+00:00,2025-12-16 06:00:00+00:00,2025-12-16 10:00:00+00:00,1
2025-12-18,gfs,gfs_global,2025-12-17 00:00:00+00:00,2025-12-17 06:00:00+00:00,2025-12-17 10:00:00+00:00,1
2025-12-18,icon_eu,icon_eu,2025-12-17 06:00:00+00:00,2025-12-17 10:00:00+00:00,2025-12-17 10:00:00+00:00,1
2025-12-18,ecmwf,ecmwf_ifs025,2025-12-17 00:00:00+00:00,2025-12-17 06:00:00+00:00,2025-12-17 10:00:00+00:00,1
2025-12-18,dmi,dmi_harmonie_arome_europe,2025-12-17 06:00:00+00:00,2025-12-17 10:00:00+00:00,2025-12-17 10:00:00+00:00,1
2025-12-18,arpege_europe,meteofrance_arpege_europe,2025-12-17 00:00:00+00:00,2025-12-17 05:00:00+00:00,2025-12-17 10:00:00+00:00,1
2025-12-18,ukmo_global,ukmo_global_deterministic_10km,2025-12-17 00:00:00+00:00,2025-12-17 06:00:00+00:00,2025-12-17 10:00:00+00:00,1
2025-12-18,cma_grapes,cma_grapes_global,2025-12-17 00:00:00+00:00,2025-12-17 06:00:00+00:00,2025-12-17 10:00:00+00:00,1
2025-12-19,gfs,gfs_global,2025-12-18 00:00:00+00:00,2025-12-18 06:00:00+00:00,2025-12-18 10:00:00+00:00,1
2025-12-19,icon_eu,icon_eu,2025-12-18 06:00:00+00:00,2025-12-18 10:00:00+00:00,2025-12-18 10:00:00+00:00,1
2025-12-19,ecmwf,ecmwf_ifs025,2025-12-18 00:00:00+00:00,2025-12-18 06:00:00+00:00,2025-12-18 10:00:00+00:00,1
2025-12-19,dmi,dmi_harmonie_arome_europe,2025-12-18 06:00:00+00:00,2025-12-18 10:00:00+00:00,2025-12-18 10:00:00+00:00,1
2025-12-19,arpege_europe,meteofrance_arpege_europe,2025-12-18 00:00:00+00:00,2025-12-18 05:00:00+00:00,2025-12-18 10:00:00+00:00,1
2025-12-19,ukmo_global,ukmo_global_deterministic_10km,2025-12-18 00:00:00+00:00,2025-12-18 06:00:00+00:00,2025-12-18 10:00:00+00:00,1
2025-12-19,cma_grapes,cma_grapes_global,2025-12-18 00:00:00+00:00,2025-12-18 06:00:00+00:00,2025-12-18 10:00:00+00:00,1
2025-12-20,gfs,gfs_global,2025-12-19 00:00:00+00:00,2025-12-19 06:00:00+00:00,2025-12-19 10:00:00+00:00,1
2025-12-20,icon_eu,icon_eu,2025-12-19 06:00:00+00:00,2025-12-19 10:00:00+00:00,2025-12-19 10:00:00+00:00,1
2025-12-20,ecmwf,ecmwf_ifs025,2025-12-19 00:00:00+00:00,2025-12-19 06:00:00+00:00,2025-12-19 10:00:00+00:00,1
2025-12-20,dmi,dmi_harmonie_arome_europe,2025-12-19 06:00:00+00:00,2025-12-19 10:00:00+00:00,2025-12-19 10:00:00+00:00,1
2025-12-20,arpege_europe,meteofrance_arpege_europe,2025-12-19 00:00:00+00:00,2025-12-19 05:00:00+00:00,2025-12-19 10:00:00+00:00,1
2025-12-20,ukmo_global,ukmo_global_deterministic_10km,2025-12-19 00:00:00+00:00,2025-12-19 06:00:00+00:00,2025-12-19 10:00:00+00:00,1
2025-12-20,cma_grapes,cma_grapes_global,2025-12-19 00:00:00+00:00,2025-12-19 06:00:00+00:00,2025-12-19 10:00:00+00:00,1
2025-12-21,gfs,gfs_global,2025-12-20 00:00:00+00:00,2025-12-20 06:00:00+00:00,2025-12-20 10:00:00+00:00,1
2025-12-21,icon_eu,icon_eu,2025-12-20 06:00:00+00:00,2025-12-20 10:00:00+00:00,2025-12-20 10:00:00+00:00,1
2025-12-21,ecmwf,ecmwf_ifs025,2025-12-20 00:00:00+00:00,2025-12-20 06:00:00+00:00,2025-12-20 10:00:00+00:00,1
2025-12-21,dmi,dmi_harmonie_arome_europe,2025-12-20 06:00:00+00:00,2025-12-20 10:00:00+00:00,2025-12-20 10:00:00+00:00,1
2025-12-21,arpege_europe,meteofrance_arpege_europe,2025-12-20 00:00:00+00:00,2025-12-20 05:00:00+00:00,2025-12-20 10:00:00+00:00,1
2025-12-21,ukmo_global,ukmo_global_deterministic_10km,2025-12-20 00:00:00+00:00,2025-12-20 06:00:00+00:00,2025-12-20 10:00:00+00:00,1
2025-12-21,cma_grapes,cma_grapes_global,2025-12-20 00:00:00+00:00,2025-12-20 06:00:00+00:00,2025-12-20 10:00:00+00:00,1
2025-12-22,gfs,gfs_global,2025-12-21 00:00:00+00:00,2025-12-21 06:00:00+00:00,2025-12-21 10:00:00+00:00,1
2025-12-22,icon_eu,icon_eu,2025-12-21 06:00:00+00:00,2025-12-21 10:00:00+00:00,2025-12-21 10:00:00+00:00,1
2025-12-22,ecmwf,ecmwf_ifs025,2025-12-21 00:00:00+00:00,2025-12-21 06:00:00+00:00,2025-12-21 10:00:00+00:00,1
2025-12-22,dmi,dmi_harmonie_arome_europe,2025-12-21 06:00:00+00:00,2025-12-21 10:00:00+00:00,2025-12-21 10:00:00+00:00,1
2025-12-22,arpege_europe,meteofrance_arpege_europe,2025-12-21 00:00:00+00:00,2025-12-21 05:00:00+00:00,2025-12-21 10:00:00+00:00,1
2025-12-22,ukmo_global,ukmo_global_deterministic_10km,2025-12-21 00:00:00+00:00,2025-12-21 06:00:00+00:00,2025-12-21 10:00:00+00:00,1
2025-12-22,cma_grapes,cma_grapes_global,2025-12-21 00:00:00+00:00,2025-12-21 06:00:00+00:00,2025-12-21 10:00:00+00:00,1
2025-12-23,gfs,gfs_global,2025-12-22 00:00:00+00:00,2025-12-22 06:00:00+00:00,2025-12-22 10:00:00+00:00,1
2025-12-23,icon_eu,icon_eu,2025-12-22 06:00:00+00:00,2025-12-22 10:00:00+00:00,2025-12-22 10:00:00+00:00,1
2025-12-23,ecmwf,ecmwf_ifs025,2025-12-22 00:00:00+00:00,2025-12-22 06:00:00+00:00,2025-12-22 10:00:00+00:00,1
2025-12-23,dmi,dmi_harmonie_arome_europe,2025-12-22 06:00:00+00:00,2025-12-22 10:00:00+00:00,2025-12-22 10:00:00+00:00,1
2025-12-23,arpege_europe,meteofrance_arpege_europe,2025-12-22 00:00:00+00:00,2025-12-22 05:00:00+00:00,2025-12-22 10:00:00+00:00,1
2025-12-23,ukmo_global,ukmo_global_deterministic_10km,2025-12-22 00:00:00+00:00,2025-12-22 06:00:00+00:00,2025-12-22 10:00:00+00:00,1
2025-12-23,cma_grapes,cma_grapes_global,2025-12-22 00:00:00+00:00,2025-12-22 06:00:00+00:00,2025-12-22 10:00:00+00:00,1
2025-12-24,gfs,gfs_global,2025-12-23 00:00:00+00:00,2025-12-23 06:00:00+00:00,2025-12-23 10:00:00+00:00,1
2025-12-24,icon_eu,icon_eu,2025-12-23 06:00:00+00:00,2025-12-23 10:00:00+00:00,2025-12-23 10:00:00+00:00,1
2025-12-24,ecmwf,ecmwf_ifs025,2025-12-23 00:00:00+00:00,2025-12-23 06:00:00+00:00,2025-12-23 10:00:00+00:00,1
2025-12-24,dmi,dmi_harmonie_arome_europe,2025-12-23 06:00:00+00:00,2025-12-23 10:00:00+00:00,2025-12-23 10:00:00+00:00,1
2025-12-24,arpege_europe,meteofrance_arpege_europe,2025-12-23 00:00:00+00:00,2025-12-23 05:00:00+00:00,2025-12-23 10:00:00+00:00,1
2025-12-24,ukmo_global,ukmo_global_deterministic_10km,2025-12-23 00:00:00+00:00,2025-12-23 06:00:00+00:00,2025-12-23 10:00:00+00:00,1
2025-12-24,cma_grapes,cma_grapes_global,2025-12-23 00:00:00+00:00,2025-12-23 06:00:00+00:00,2025-12-23 10:00:00+00:00,1
2025-12-25,gfs,gfs_global,2025-12-24 00:00:00+00:00,2025-12-24 06:00:00+00:00,2025-12-24 10:00:00+00:00,1
2025-12-25,icon_eu,icon_eu,2025-12-24 06:00:00+00:00,2025-12-24 10:00:00+00:00,2025-12-24 10:00:00+00:00,1
2025-12-25,ecmwf,ecmwf_ifs025,2025-12-24 00:00:00+00:00,2025-12-24 06:00:00+00:00,2025-12-24 10:00:00+00:00,1
2025-12-25,dmi,dmi_harmonie_arome_europe,2025-12-24 06:00:00+00:00,2025-12-24 10:00:00+00:00,2025-12-24 10:00:00+00:00,1
2025-12-25,arpege_europe,meteofrance_arpege_europe,2025-12-24 00:00:00+00:00,2025-12-24 05:00:00+00:00,2025-12-24 10:00:00+00:00,1
2025-12-25,ukmo_global,ukmo_global_deterministic_10km,2025-12-24 00:00:00+00:00,2025-12-24 06:00:00+00:00,2025-12-24 10:00:00+00:00,1
2025-12-25,cma_grapes,cma_grapes_global,2025-12-24 00:00:00+00:00,2025-12-24 06:00:00+00:00,2025-12-24 10:00:00+00:00,1
2025-12-26,gfs,gfs_global,2025-12-25 00:00:00+00:00,2025-12-25 06:00:00+00:00,2025-12-25 10:00:00+00:00,1
2025-12-26,icon_eu,icon_eu,2025-12-25 06:00:00+00:00,2025-12-25 10:00:00+00:00,2025-12-25 10:00:00+00:00,1
2025-12-26,ecmwf,ecmwf_ifs025,2025-12-25 00:00:00+00:00,2025-12-25 06:00:00+00:00,2025-12-25 10:00:00+00:00,1
2025-12-26,dmi,dmi_harmonie_arome_europe,2025-12-25 06:00:00+00:00,2025-12-25 10:00:00+00:00,2025-12-25 10:00:00+00:00,1
2025-12-26,arpege_europe,meteofrance_arpege_europe,2025-12-25 00:00:00+00:00,2025-12-25 05:00:00+00:00,2025-12-25 10:00:00+00:00,1
2025-12-26,ukmo_global,ukmo_global_deterministic_10km,2025-12-25 00:00:00+00:00,2025-12-25 06:00:00+00:00,2025-12-25 10:00:00+00:00,1
2025-12-26,cma_grapes,cma_grapes_global,2025-12-25 00:00:00+00:00,2025-12-25 06:00:00+00:00,2025-12-25 10:00:00+00:00,1
2025-12-27,gfs,gfs_global,2025-12-26 00:00:00+00:00,2025-12-26 06:00:00+00:00,2025-12-26 10:00:00+00:00,1
2025-12-27,icon_eu,icon_eu,2025-12-26 06:00:00+00:00,2025-12-26 10:00:00+00:00,2025-12-26 10:00:00+00:00,1
2025-12-27,ecmwf,ecmwf_ifs025,2025-12-26 00:00:00+00:00,2025-12-26 06:00:00+00:00,2025-12-26 10:00:00+00:00,1
2025-12-27,dmi,dmi_harmonie_arome_europe,2025-12-26 06:00:00+00:00,2025-12-26 10:00:00+00:00,2025-12-26 10:00:00+00:00,1
2025-12-27,arpege_europe,meteofrance_arpege_europe,2025-12-26 00:00:00+00:00,2025-12-26 05:00:00+00:00,2025-12-26 10:00:00+00:00,1
2025-12-27,ukmo_global,ukmo_global_deterministic_10km,2025-12-26 00:00:00+00:00,2025-12-26 06:00:00+00:00,2025-12-26 10:00:00+00:00,1
2025-12-27,cma_grapes,cma_grapes_global,2025-12-26 00:00:00+00:00,2025-12-26 06:00:00+00:00,2025-12-26 10:00:00+00:00,1
2025-12-28,gfs,gfs_global,2025-12-27 00:00:00+00:00,2025-12-27 06:00:00+00:00,2025-12-27 10:00:00+00:00,1
2025-12-28,icon_eu,icon_eu,2025-12-27 06:00:00+00:00,2025-12-27 10:00:00+00:00,2025-12-27 10:00:00+00:00,1
2025-12-28,ecmwf,ecmwf_ifs025,2025-12-27 00:00:00+00:00,2025-12-27 06:00:00+00:00,2025-12-27 10:00:00+00:00,1
2025-12-28,dmi,dmi_harmonie_arome_europe,2025-12-27 06:00:00+00:00,2025-12-27 10:00:00+00:00,2025-12-27 10:00:00+00:00,1
2025-12-28,arpege_europe,meteofrance_arpege_europe,2025-12-27 00:00:00+00:00,2025-12-27 05:00:00+00:00,2025-12-27 10:00:00+00:00,1
2025-12-28,ukmo_global,ukmo_global_deterministic_10km,2025-12-27 00:00:00+00:00,2025-12-27 06:00:00+00:00,2025-12-27 10:00:00+00:00,1
2025-12-28,cma_grapes,cma_grapes_global,2025-12-27 00:00:00+00:00,2025-12-27 06:00:00+00:00,2025-12-27 10:00:00+00:00,1
2025-12-29,gfs,gfs_global,2025-12-28 00:00:00+00:00,2025-12-28 06:00:00+00:00,2025-12-28 10:00:00+00:00,1
2025-12-29,icon_eu,icon_eu,2025-12-28 06:00:00+00:00,2025-12-28 10:00:00+00:00,2025-12-28 10:00:00+00:00,1
2025-12-29,ecmwf,ecmwf_ifs025,2025-12-28 00:00:00+00:00,2025-12-28 06:00:00+00:00,2025-12-28 10:00:00+00:00,1
2025-12-29,dmi,dmi_harmonie_arome_europe,2025-12-28 06:00:00+00:00,2025-12-28 10:00:00+00:00,2025-12-28 10:00:00+00:00,1
2025-12-29,arpege_europe,meteofrance_arpege_europe,2025-12-28 00:00:00+00:00,2025-12-28 05:00:00+00:00,2025-12-28 10:00:00+00:00,1
2025-12-29,ukmo_global,ukmo_global_deterministic_10km,2025-12-28 00:00:00+00:00,2025-12-28 06:00:00+00:00,2025-12-28 10:00:00+00:00,1
2025-12-29,cma_grapes,cma_grapes_global,2025-12-28 00:00:00+00:00,2025-12-28 06:00:00+00:00,2025-12-28 10:00:00+00:00,1
2025-12-30,gfs,gfs_global,2025-12-29 00:00:00+00:00,2025-12-29 06:00:00+00:00,2025-12-29 10:00:00+00:00,1
2025-12-30,icon_eu,icon_eu,2025-12-29 06:00:00+00:00,2025-12-29 10:00:00+00:00,2025-12-29 10:00:00+00:00,1
2025-12-30,ecmwf,ecmwf_ifs025,2025-12-29 00:00:00+00:00,2025-12-29 06:00:00+00:00,2025-12-29 10:00:00+00:00,1
2025-12-30,dmi,dmi_harmonie_arome_europe,2025-12-29 06:00:00+00:00,2025-12-29 10:00:00+00:00,2025-12-29 10:00:00+00:00,1
2025-12-30,arpege_europe,meteofrance_arpege_europe,2025-12-29 00:00:00+00:00,2025-12-29 05:00:00+00:00,2025-12-29 10:00:00+00:00,1
2025-12-30,ukmo_global,ukmo_global_deterministic_10km,2025-12-29 00:00:00+00:00,2025-12-29 06:00:00+00:00,2025-12-29 10:00:00+00:00,1
2025-12-30,cma_grapes,cma_grapes_global,2025-12-29 00:00:00+00:00,2025-12-29 06:00:00+00:00,2025-12-29 10:00:00+00:00,1
2025-12-31,gfs,gfs_global,2025-12-30 00:00:00+00:00,2025-12-30 06:00:00+00:00,2025-12-30 10:00:00+00:00,1
2025-12-31,icon_eu,icon_eu,2025-12-30 06:00:00+00:00,2025-12-30 10:00:00+00:00,2025-12-30 10:00:00+00:00,1
2025-12-31,ecmwf,ecmwf_ifs025,2025-12-30 00:00:00+00:00,2025-12-30 06:00:00+00:00,2025-12-30 10:00:00+00:00,1
2025-12-31,dmi,dmi_harmonie_arome_europe,2025-12-30 06:00:00+00:00,2025-12-30 10:00:00+00:00,2025-12-30 10:00:00+00:00,1
2025-12-31,arpege_europe,meteofrance_arpege_europe,2025-12-30 00:00:00+00:00,2025-12-30 05:00:00+00:00,2025-12-30 10:00:00+00:00,1
2025-12-31,ukmo_global,ukmo_global_deterministic_10km,2025-12-30 00:00:00+00:00,2025-12-30 06:00:00+00:00,2025-12-30 10:00:00+00:00,1
2025-12-31,cma_grapes,cma_grapes_global,2025-12-30 00:00:00+00:00,2025-12-30 06:00:00+00:00,2025-12-30 10:00:00+00:00,1
2026-01-01,gfs,gfs_global,2025-12-31 00:00:00+00:00,2025-12-31 06:00:00+00:00,2025-12-31 10:00:00+00:00,1
2026-01-01,icon_eu,icon_eu,2025-12-31 06:00:00+00:00,2025-12-31 10:00:00+00:00,2025-12-31 10:00:00+00:00,1
2026-01-01,ecmwf,ecmwf_ifs025,2025-12-31 00:00:00+00:00,2025-12-31 06:00:00+00:00,2025-12-31 10:00:00+00:00,1
2026-01-01,dmi,dmi_harmonie_arome_europe,2025-12-31 06:00:00+00:00,2025-12-31 10:00:00+00:00,2025-12-31 10:00:00+00:00,1
2026-01-01,arpege_europe,meteofrance_arpege_europe,2025-12-31 00:00:00+00:00,2025-12-31 05:00:00+00:00,2025-12-31 10:00:00+00:00,1
2026-01-01,ukmo_global,ukmo_global_deterministic_10km,2025-12-31 00:00:00+00:00,2025-12-31 06:00:00+00:00,2025-12-31 10:00:00+00:00,1
2026-01-01,cma_grapes,cma_grapes_global,2025-12-31 00:00:00+00:00,2025-12-31 06:00:00+00:00,2025-12-31 10:00:00+00:00,1
2026-01-02,gfs,gfs_global,2026-01-01 00:00:00+00:00,2026-01-01 06:00:00+00:00,2026-01-01 10:00:00+00:00,1
2026-01-02,icon_eu,icon_eu,2026-01-01 06:00:00+00:00,2026-01-01 10:00:00+00:00,2026-01-01 10:00:00+00:00,1
2026-01-02,ecmwf,ecmwf_ifs025,2026-01-01 00:00:00+00:00,2026-01-01 06:00:00+00:00,2026-01-01 10:00:00+00:00,1
2026-01-02,dmi,dmi_harmonie_arome_europe,2026-01-01 06:00:00+00:00,2026-01-01 10:00:00+00:00,2026-01-01 10:00:00+00:00,1
2026-01-02,arpege_europe,meteofrance_arpege_europe,2026-01-01 00:00:00+00:00,2026-01-01 05:00:00+00:00,2026-01-01 10:00:00+00:00,1
2026-01-02,ukmo_global,ukmo_global_deterministic_10km,2026-01-01 00:00:00+00:00,2026-01-01 06:00:00+00:00,2026-01-01 10:00:00+00:00,1
2026-01-02,cma_grapes,cma_grapes_global,2026-01-01 00:00:00+00:00,2026-01-01 06:00:00+00:00,2026-01-01 10:00:00+00:00,1
2026-01-03,gfs,gfs_global,2026-01-02 00:00:00+00:00,2026-01-02 06:00:00+00:00,2026-01-02 10:00:00+00:00,1
2026-01-03,icon_eu,icon_eu,2026-01-02 06:00:00+00:00,2026-01-02 10:00:00+00:00,2026-01-02 10:00:00+00:00,1
2026-01-03,ecmwf,ecmwf_ifs025,2026-01-02 00:00:00+00:00,2026-01-02 06:00:00+00:00,2026-01-02 10:00:00+00:00,1
2026-01-03,dmi,dmi_harmonie_arome_europe,2026-01-02 06:00:00+00:00,2026-01-02 10:00:00+00:00,2026-01-02 10:00:00+00:00,1
2026-01-03,arpege_europe,meteofrance_arpege_europe,2026-01-02 00:00:00+00:00,2026-01-02 05:00:00+00:00,2026-01-02 10:00:00+00:00,1
2026-01-03,ukmo_global,ukmo_global_deterministic_10km,2026-01-02 00:00:00+00:00,2026-01-02 06:00:00+00:00,2026-01-02 10:00:00+00:00,1
2026-01-03,cma_grapes,cma_grapes_global,2026-01-02 00:00:00+00:00,2026-01-02 06:00:00+00:00,2026-01-02 10:00:00+00:00,1
2026-01-04,gfs,gfs_global,2026-01-03 00:00:00+00:00,2026-01-03 06:00:00+00:00,2026-01-03 10:00:00+00:00,1
2026-01-04,icon_eu,icon_eu,2026-01-03 06:00:00+00:00,2026-01-03 10:00:00+00:00,2026-01-03 10:00:00+00:00,1
2026-01-04,ecmwf,ecmwf_ifs025,2026-01-03 00:00:00+00:00,2026-01-03 06:00:00+00:00,2026-01-03 10:00:00+00:00,1
2026-01-04,dmi,dmi_harmonie_arome_europe,2026-01-03 06:00:00+00:00,2026-01-03 10:00:00+00:00,2026-01-03 10:00:00+00:00,1
2026-01-04,arpege_europe,meteofrance_arpege_europe,2026-01-03 00:00:00+00:00,2026-01-03 05:00:00+00:00,2026-01-03 10:00:00+00:00,1
2026-01-04,ukmo_global,ukmo_global_deterministic_10km,2026-01-03 00:00:00+00:00,2026-01-03 06:00:00+00:00,2026-01-03 10:00:00+00:00,1
2026-01-04,cma_grapes,cma_grapes_global,2026-01-03 00:00:00+00:00,2026-01-03 06:00:00+00:00,2026-01-03 10:00:00+00:00,1
2026-01-05,gfs,gfs_global,2026-01-04 00:00:00+00:00,2026-01-04 06:00:00+00:00,2026-01-04 10:00:00+00:00,1
2026-01-05,icon_eu,icon_eu,2026-01-04 06:00:00+00:00,2026-01-04 10:00:00+00:00,2026-01-04 10:00:00+00:00,1
2026-02-04,icon_eu,icon_eu,2026-02-03 06:00:00+00:00,2026-02-03 10:00:00+00:00,2026-02-03 10:00:00+00:00,1
2026-02-04,ecmwf,ecmwf_ifs025,2026-02-03 00:00:00+00:00,2026-02-03 06:00:00+00:00,2026-02-03 10:00:00+00:00,1
2026-02-04,dmi,dmi_harmonie_arome_europe,2026-02-03 03:00:00+00:00,2026-02-03 07:00:00+00:00,2026-02-03 10:00:00+00:00,2
2026-02-04,arpege_europe,meteofrance_arpege_europe,2026-02-03 00:00:00+00:00,2026-02-03 05:00:00+00:00,2026-02-03 10:00:00+00:00,1
2026-02-04,ukmo_global,ukmo_global_deterministic_10km,2026-02-03 00:00:00+00:00,2026-02-03 06:00:00+00:00,2026-02-03 10:00:00+00:00,1
2026-02-04,cma_grapes,cma_grapes_global,2026-02-03 00:00:00+00:00,2026-02-03 06:00:00+00:00,2026-02-03 10:00:00+00:00,1
2026-02-05,gfs,gfs_global,2026-02-04 00:00:00+00:00,2026-02-04 06:00:00+00:00,2026-02-04 10:00:00+00:00,1
2026-02-05,icon_eu,icon_eu,2026-02-04 06:00:00+00:00,2026-02-04 10:00:00+00:00,2026-02-04 10:00:00+00:00,1
2026-02-05,ecmwf,ecmwf_ifs025,2026-02-04 00:00:00+00:00,2026-02-04 06:00:00+00:00,2026-02-04 10:00:00+00:00,1
2026-02-05,dmi,dmi_harmonie_arome_europe,2026-02-04 06:00:00+00:00,2026-02-04 10:00:00+00:00,2026-02-04 10:00:00+00:00,1
2026-02-05,arpege_europe,meteofrance_arpege_europe,2026-02-04 00:00:00+00:00,2026-02-04 05:00:00+00:00,2026-02-04 10:00:00+00:00,1
2026-02-05,ukmo_global,ukmo_global_deterministic_10km,2026-02-04 00:00:00+00:00,2026-02-04 06:00:00+00:00,2026-02-04 10:00:00+00:00,1
2026-02-05,cma_grapes,cma_grapes_global,2026-02-04 00:00:00+00:00,2026-02-04 06:00:00+00:00,2026-02-04 10:00:00+00:00,1
2026-02-06,gfs,gfs_global,2026-02-05 00:00:00+00:00,2026-02-05 06:00:00+00:00,2026-02-05 10:00:00+00:00,1
2026-02-06,icon_eu,icon_eu,2026-02-05 06:00:00+00:00,2026-02-05 10:00:00+00:00,2026-02-05 10:00:00+00:00,1
2026-02-06,ecmwf,ecmwf_ifs025,2026-02-05 00:00:00+00:00,2026-02-05 06:00:00+00:00,2026-02-05 10:00:00+00:00,1
2026-02-06,dmi,dmi_harmonie_arome_europe,2026-02-05 06:00:00+00:00,2026-02-05 10:00:00+00:00,2026-02-05 10:00:00+00:00,1
2026-02-06,arpege_europe,meteofrance_arpege_europe,2026-02-05 00:00:00+00:00,2026-02-05 05:00:00+00:00,2026-02-05 10:00:00+00:00,1
2026-02-06,ukmo_global,ukmo_global_deterministic_10km,2026-02-05 00:00:00+00:00,2026-02-05 06:00:00+00:00,2026-02-05 10:00:00+00:00,1
2026-02-06,cma_grapes,cma_grapes_global,2026-02-05 00:00:00+00:00,2026-02-05 06:00:00+00:00,2026-02-05 10:00:00+00:00,1
2026-02-07,gfs,gfs_global,2026-02-06 00:00:00+00:00,2026-02-06 06:00:00+00:00,2026-02-06 10:00:00+00:00,1
2026-02-07,icon_eu,icon_eu,2026-02-06 06:00:00+00:00,2026-02-06 10:00:00+00:00,2026-02-06 10:00:00+00:00,1
2026-02-07,ecmwf,ecmwf_ifs025,2026-02-06 00:00:00+00:00,2026-02-06 06:00:00+00:00,2026-02-06 10:00:00+00:00,1
2026-02-07,dmi,dmi_harmonie_arome_europe,2026-02-06 06:00:00+00:00,2026-02-06 10:00:00+00:00,2026-02-06 10:00:00+00:00,1
2026-02-07,arpege_europe,meteofrance_arpege_europe,2026-02-06 00:00:00+00:00,2026-02-06 05:00:00+00:00,2026-02-06 10:00:00+00:00,1
2026-02-07,ukmo_global,ukmo_global_deterministic_10km,2026-02-06 00:00:00+00:00,2026-02-06 06:00:00+00:00,2026-02-06 10:00:00+00:00,1
2026-02-07,cma_grapes,cma_grapes_global,2026-02-06 00:00:00+00:00,2026-02-06 06:00:00+00:00,2026-02-06 10:00:00+00:00,1
2026-02-08,gfs,gfs_global,2026-02-07 00:00:00+00:00,2026-02-07 06:00:00+00:00,2026-02-07 10:00:00+00:00,1
2026-02-08,icon_eu,icon_eu,2026-02-07 06:00:00+00:00,2026-02-07 10:00:00+00:00,2026-02-07 10:00:00+00:00,1
2026-02-08,ecmwf,ecmwf_ifs025,2026-02-07 00:00:00+00:00,2026-02-07 06:00:00+00:00,2026-02-07 10:00:00+00:00,1
2026-02-08,dmi,dmi_harmonie_arome_europe,2026-02-07 06:00:00+00:00,2026-02-07 10:00:00+00:00,2026-02-07 10:00:00+00:00,1
2026-02-08,arpege_europe,meteofrance_arpege_europe,2026-02-07 00:00:00+00:00,2026-02-07 05:00:00+00:00,2026-02-07 10:00:00+00:00,1
2026-02-08,ukmo_global,ukmo_global_deterministic_10km,2026-02-07 00:00:00+00:00,2026-02-07 06:00:00+00:00,2026-02-07 10:00:00+00:00,1
2026-02-08,cma_grapes,cma_grapes_global,2026-02-07 00:00:00+00:00,2026-02-07 06:00:00+00:00,2026-02-07 10:00:00+00:00,1
2026-02-09,gfs,gfs_global,2026-02-08 00:00:00+00:00,2026-02-08 06:00:00+00:00,2026-02-08 10:00:00+00:00,1
2026-02-09,icon_eu,icon_eu,2026-02-08 06:00:00+00:00,2026-02-08 10:00:00+00:00,2026-02-08 10:00:00+00:00,1
2026-02-09,ecmwf,ecmwf_ifs025,2026-02-08 00:00:00+00:00,2026-02-08 06:00:00+00:00,2026-02-08 10:00:00+00:00,1
2026-02-09,dmi,dmi_harmonie_arome_europe,2026-02-08 06:00:00+00:00,2026-02-08 10:00:00+00:00,2026-02-08 10:00:00+00:00,1
2026-02-09,arpege_europe,meteofrance_arpege_europe,2026-02-08 00:00:00+00:00,2026-02-08 05:00:00+00:00,2026-02-08 10:00:00+00:00,1
2026-02-09,ukmo_global,ukmo_global_deterministic_10km,2026-02-08 00:00:00+00:00,2026-02-08 06:00:00+00:00,2026-02-08 10:00:00+00:00,1
2026-02-09,cma_grapes,cma_grapes_global,2026-02-08 00:00:00+00:00,2026-02-08 06:00:00+00:00,2026-02-08 10:00:00+00:00,1
2026-02-10,gfs,gfs_global,2026-02-09 00:00:00+00:00,2026-02-09 06:00:00+00:00,2026-02-09 10:00:00+00:00,1
2026-02-10,icon_eu,icon_eu,2026-02-09 06:00:00+00:00,2026-02-09 10:00:00+00:00,2026-02-09 10:00:00+00:00,1
2026-02-10,ecmwf,ecmwf_ifs025,2026-02-09 00:00:00+00:00,2026-02-09 06:00:00+00:00,2026-02-09 10:00:00+00:00,1
2026-02-10,dmi,dmi_harmonie_arome_europe,2026-02-09 06:00:00+00:00,2026-02-09 10:00:00+00:00,2026-02-09 10:00:00+00:00,1
2026-02-10,arpege_europe,meteofrance_arpege_europe,2026-02-09 00:00:00+00:00,2026-02-09 05:00:00+00:00,2026-02-09 10:00:00+00:00,1
2026-02-10,ukmo_global,ukmo_global_deterministic_10km,2026-02-09 00:00:00+00:00,2026-02-09 06:00:00+00:00,2026-02-09 10:00:00+00:00,1
2026-02-10,cma_grapes,cma_grapes_global,2026-02-09 00:00:00+00:00,2026-02-09 06:00:00+00:00,2026-02-09 10:00:00+00:00,1
2026-02-11,gfs,gfs_global,2026-02-10 00:00:00+00:00,2026-02-10 06:00:00+00:00,2026-02-10 10:00:00+00:00,1
2026-02-11,icon_eu,icon_eu,2026-02-10 06:00:00+00:00,2026-02-10 10:00:00+00:00,2026-02-10 10:00:00+00:00,1
2026-02-11,ecmwf,ecmwf_ifs025,2026-02-10 00:00:00+00:00,2026-02-10 06:00:00+00:00,2026-02-10 10:00:00+00:00,1
2026-02-11,dmi,dmi_harmonie_arome_europe,2026-02-10 06:00:00+00:00,2026-02-10 10:00:00+00:00,2026-02-10 10:00:00+00:00,1
2026-02-11,arpege_europe,meteofrance_arpege_europe,2026-02-10 00:00:00+00:00,2026-02-10 05:00:00+00:00,2026-02-10 10:00:00+00:00,1
2026-02-11,ukmo_global,ukmo_global_deterministic_10km,2026-02-10 00:00:00+00:00,2026-02-10 06:00:00+00:00,2026-02-10 10:00:00+00:00,1
2026-02-11,cma_grapes,cma_grapes_global,2026-02-10 00:00:00+00:00,2026-02-10 06:00:00+00:00,2026-02-10 10:00:00+00:00,1
2026-02-12,gfs,gfs_global,2026-02-11 00:00:00+00:00,2026-02-11 06:00:00+00:00,2026-02-11 10:00:00+00:00,1
2026-02-12,icon_eu,icon_eu,2026-02-11 06:00:00+00:00,2026-02-11 10:00:00+00:00,2026-02-11 10:00:00+00:00,1
2026-02-12,ecmwf,ecmwf_ifs025,2026-02-11 00:00:00+00:00,2026-02-11 06:00:00+00:00,2026-02-11 10:00:00+00:00,1
2026-02-12,dmi,dmi_harmonie_arome_europe,2026-02-11 06:00:00+00:00,2026-02-11 10:00:00+00:00,2026-02-11 10:00:00+00:00,1
2026-02-12,arpege_europe,meteofrance_arpege_europe,2026-02-11 00:00:00+00:00,2026-02-11 05:00:00+00:00,2026-02-11 10:00:00+00:00,1
2026-02-12,ukmo_global,ukmo_global_deterministic_10km,2026-02-11 00:00:00+00:00,2026-02-11 06:00:00+00:00,2026-02-11 10:00:00+00:00,1
2026-02-12,cma_grapes,cma_grapes_global,2026-02-11 00:00:00+00:00,2026-02-11 06:00:00+00:00,2026-02-11 10:00:00+00:00,1
2026-02-13,gfs,gfs_global,2026-02-12 00:00:00+00:00,2026-02-12 06:00:00+00:00,2026-02-12 10:00:00+00:00,1
2026-02-13,icon_eu,icon_eu,2026-02-12 06:00:00+00:00,2026-02-12 10:00:00+00:00,2026-02-12 10:00:00+00:00,1
2026-02-13,ecmwf,ecmwf_ifs025,2026-02-12 00:00:00+00:00,2026-02-12 06:00:00+00:00,2026-02-12 10:00:00+00:00,1
2026-02-13,dmi,dmi_harmonie_arome_europe,2026-02-12 06:00:00+00:00,2026-02-12 10:00:00+00:00,2026-02-12 10:00:00+00:00,1
2026-02-13,arpege_europe,meteofrance_arpege_europe,2026-02-12 00:00:00+00:00,2026-02-12 05:00:00+00:00,2026-02-12 10:00:00+00:00,1
2026-02-13,ukmo_global,ukmo_global_deterministic_10km,2026-02-12 00:00:00+00:00,2026-02-12 06:00:00+00:00,2026-02-12 10:00:00+00:00,1
2026-02-13,cma_grapes,cma_grapes_global,2026-02-12 00:00:00+00:00,2026-02-12 06:00:00+00:00,2026-02-12 10:00:00+00:00,1
2026-02-14,gfs,gfs_global,2026-02-13 00:00:00+00:00,2026-02-13 06:00:00+00:00,2026-02-13 10:00:00+00:00,1
2026-02-14,icon_eu,icon_eu,2026-02-13 06:00:00+00:00,2026-02-13 10:00:00+00:00,2026-02-13 10:00:00+00:00,1
2026-02-14,ecmwf,ecmwf_ifs025,2026-02-13 00:00:00+00:00,2026-02-13 06:00:00+00:00,2026-02-13 10:00:00+00:00,1
2026-02-14,dmi,dmi_harmonie_arome_europe,2026-02-13 06:00:00+00:00,2026-02-13 10:00:00+00:00,2026-02-13 10:00:00+00:00,1
2026-02-14,arpege_europe,meteofrance_arpege_europe,2026-02-13 00:00:00+00:00,2026-02-13 05:00:00+00:00,2026-02-13 10:00:00+00:00,1
2026-02-14,ukmo_global,ukmo_global_deterministic_10km,2026-02-13 00:00:00+00:00,2026-02-13 06:00:00+00:00,2026-02-13 10:00:00+00:00,1
2026-02-14,cma_grapes,cma_grapes_global,2026-02-13 00:00:00+00:00,2026-02-13 06:00:00+00:00,2026-02-13 10:00:00+00:00,1
2026-02-15,gfs,gfs_global,2026-02-14 00:00:00+00:00,2026-02-14 06:00:00+00:00,2026-02-14 10:00:00+00:00,1
2026-02-15,icon_eu,icon_eu,2026-02-14 06:00:00+00:00,2026-02-14 10:00:00+00:00,2026-02-14 10:00:00+00:00,1
2026-02-15,ecmwf,ecmwf_ifs025,2026-02-14 00:00:00+00:00,2026-02-14 06:00:00+00:00,2026-02-14 10:00:00+00:00,1
2026-02-15,dmi,dmi_harmonie_arome_europe,2026-02-14 06:00:00+00:00,2026-02-14 10:00:00+00:00,2026-02-14 10:00:00+00:00,1
2026-02-15,arpege_europe,meteofrance_arpege_europe,2026-02-14 00:00:00+00:00,2026-02-14 05:00:00+00:00,2026-02-14 10:00:00+00:00,1
2026-02-15,ukmo_global,ukmo_global_deterministic_10km,2026-02-14 00:00:00+00:00,2026-02-14 06:00:00+00:00,2026-02-14 10:00:00+00:00,1
2026-02-15,cma_grapes,cma_grapes_global,2026-02-14 00:00:00+00:00,2026-02-14 06:00:00+00:00,2026-02-14 10:00:00+00:00,1
2026-02-16,gfs,gfs_global,2026-02-15 00:00:00+00:00,2026-02-15 06:00:00+00:00,2026-02-15 10:00:00+00:00,1
2026-02-16,icon_eu,icon_eu,2026-02-15 06:00:00+00:00,2026-02-15 10:00:00+00:00,2026-02-15 10:00:00+00:00,1
2026-02-16,ecmwf,ecmwf_ifs025,2026-02-15 00:00:00+00:00,2026-02-15 06:00:00+00:00,2026-02-15 10:00:00+00:00,1
2026-02-16,dmi,dmi_harmonie_arome_europe,2026-02-15 06:00:00+00:00,2026-02-15 10:00:00+00:00,2026-02-15 10:00:00+00:00,1
2026-02-16,arpege_europe,meteofrance_arpege_europe,2026-02-15 00:00:00+00:00,2026-02-15 05:00:00+00:00,2026-02-15 10:00:00+00:00,1
2026-02-16,ukmo_global,ukmo_global_deterministic_10km,2026-02-15 00:00:00+00:00,2026-02-15 06:00:00+00:00,2026-02-15 10:00:00+00:00,1
2026-02-16,cma_grapes,cma_grapes_global,2026-02-15 00:00:00+00:00,2026-02-15 06:00:00+00:00,2026-02-15 10:00:00+00:00,1
2026-02-17,gfs,gfs_global,2026-02-16 00:00:00+00:00,2026-02-16 06:00:00+00:00,2026-02-16 10:00:00+00:00,1
2026-02-17,icon_eu,icon_eu,2026-02-16 06:00:00+00:00,2026-02-16 10:00:00+00:00,2026-02-16 10:00:00+00:00,1
2026-02-17,ecmwf,ecmwf_ifs025,2026-02-16 00:00:00+00:00,2026-02-16 06:00:00+00:00,2026-02-16 10:00:00+00:00,1
2026-02-17,dmi,dmi_harmonie_arome_europe,2026-02-16 06:00:00+00:00,2026-02-16 10:00:00+00:00,2026-02-16 10:00:00+00:00,1
2026-02-17,arpege_europe,meteofrance_arpege_europe,2026-02-16 00:00:00+00:00,2026-02-16 05:00:00+00:00,2026-02-16 10:00:00+00:00,1
2026-02-17,ukmo_global,ukmo_global_deterministic_10km,2026-02-16 00:00:00+00:00,2026-02-16 06:00:00+00:00,2026-02-16 10:00:00+00:00,1
2026-02-17,cma_grapes,cma_grapes_global,2026-02-16 00:00:00+00:00,2026-02-16 06:00:00+00:00,2026-02-16 10:00:00+00:00,1
2026-02-18,gfs,gfs_global,2026-02-17 00:00:00+00:00,2026-02-17 06:00:00+00:00,2026-02-17 10:00:00+00:00,1
2026-02-18,icon_eu,icon_eu,2026-02-17 06:00:00+00:00,2026-02-17 10:00:00+00:00,2026-02-17 10:00:00+00:00,1
2026-02-18,ecmwf,ecmwf_ifs025,2026-02-17 00:00:00+00:00,2026-02-17 06:00:00+00:00,2026-02-17 10:00:00+00:00,1
2026-02-18,dmi,dmi_harmonie_arome_europe,2026-02-17 06:00:00+00:00,2026-02-17 10:00:00+00:00,2026-02-17 10:00:00+00:00,1
2026-02-18,arpege_europe,meteofrance_arpege_europe,2026-02-17 00:00:00+00:00,2026-02-17 05:00:00+00:00,2026-02-17 10:00:00+00:00,1
2026-02-18,ukmo_global,ukmo_global_deterministic_10km,2026-02-17 00:00:00+00:00,2026-02-17 06:00:00+00:00,2026-02-17 10:00:00+00:00,1
2026-02-18,cma_grapes,cma_grapes_global,2026-02-17 00:00:00+00:00,2026-02-17 06:00:00+00:00,2026-02-17 10:00:00+00:00,1
2026-02-19,gfs,gfs_global,2026-02-18 00:00:00+00:00,2026-02-18 06:00:00+00:00,2026-02-18 10:00:00+00:00,1
2026-02-19,icon_eu,icon_eu,2026-02-18 06:00:00+00:00,2026-02-18 10:00:00+00:00,2026-02-18 10:00:00+00:00,1
2026-02-19,ecmwf,ecmwf_ifs025,2026-02-18 00:00:00+00:00,2026-02-18 06:00:00+00:00,2026-02-18 10:00:00+00:00,1
2026-02-19,dmi,dmi_harmonie_arome_europe,2026-02-18 06:00:00+00:00,2026-02-18 10:00:00+00:00,2026-02-18 10:00:00+00:00,1
2026-02-19,arpege_europe,meteofrance_arpege_europe,2026-02-18 00:00:00+00:00,2026-02-18 05:00:00+00:00,2026-02-18 10:00:00+00:00,1
2026-02-19,ukmo_global,ukmo_global_deterministic_10km,2026-02-18 00:00:00+00:00,2026-02-18 06:00:00+00:00,2026-02-18 10:00:00+00:00,1
2026-02-19,cma_grapes,cma_grapes_global,2026-02-18 00:00:00+00:00,2026-02-18 06:00:00+00:00,2026-02-18 10:00:00+00:00,1
2026-02-20,gfs,gfs_global,2026-02-19 00:00:00+00:00,2026-02-19 06:00:00+00:00,2026-02-19 10:00:00+00:00,1
2026-02-20,icon_eu,icon_eu,2026-02-19 06:00:00+00:00,2026-02-19 10:00:00+00:00,2026-02-19 10:00:00+00:00,1
2026-02-20,ecmwf,ecmwf_ifs025,2026-02-19 00:00:00+00:00,2026-02-19 06:00:00+00:00,2026-02-19 10:00:00+00:00,1
2026-02-20,dmi,dmi_harmonie_arome_europe,2026-02-19 06:00:00+00:00,2026-02-19 10:00:00+00:00,2026-02-19 10:00:00+00:00,1
2026-02-20,arpege_europe,meteofrance_arpege_europe,2026-02-19 00:00:00+00:00,2026-02-19 05:00:00+00:00,2026-02-19 10:00:00+00:00,1
2026-02-20,ukmo_global,ukmo_global_deterministic_10km,2026-02-19 00:00:00+00:00,2026-02-19 06:00:00+00:00,2026-02-19 10:00:00+00:00,1
2026-02-20,cma_grapes,cma_grapes_global,2026-02-19 00:00:00+00:00,2026-02-19 06:00:00+00:00,2026-02-19 10:00:00+00:00,1
2026-02-21,gfs,gfs_global,2026-02-20 00:00:00+00:00,2026-02-20 06:00:00+00:00,2026-02-20 10:00:00+00:00,1
2026-02-21,icon_eu,icon_eu,2026-02-20 06:00:00+00:00,2026-02-20 10:00:00+00:00,2026-02-20 10:00:00+00:00,1
2026-02-21,ecmwf,ecmwf_ifs025,2026-02-20 00:00:00+00:00,2026-02-20 06:00:00+00:00,2026-02-20 10:00:00+00:00,1
2026-02-21,dmi,dmi_harmonie_arome_europe,2026-02-20 06:00:00+00:00,2026-02-20 10:00:00+00:00,2026-02-20 10:00:00+00:00,1
2026-02-21,arpege_europe,meteofrance_arpege_europe,2026-02-20 00:00:00+00:00,2026-02-20 05:00:00+00:00,2026-02-20 10:00:00+00:00,1
2026-02-21,ukmo_global,ukmo_global_deterministic_10km,2026-02-20 00:00:00+00:00,2026-02-20 06:00:00+00:00,2026-02-20 10:00:00+00:00,1
2026-02-21,cma_grapes,cma_grapes_global,2026-02-20 00:00:00+00:00,2026-02-20 06:00:00+00:00,2026-02-20 10:00:00+00:00,1
2026-02-22,gfs,gfs_global,2026-02-21 00:00:00+00:00,2026-02-21 06:00:00+00:00,2026-02-21 10:00:00+00:00,1
2026-02-22,icon_eu,icon_eu,2026-02-21 06:00:00+00:00,2026-02-21 10:00:00+00:00,2026-02-21 10:00:00+00:00,1
2026-02-22,ecmwf,ecmwf_ifs025,2026-02-21 00:00:00+00:00,2026-02-21 06:00:00+00:00,2026-02-21 10:00:00+00:00,1
2026-02-22,dmi,dmi_harmonie_arome_europe,2026-02-21 06:00:00+00:00,2026-02-21 10:00:00+00:00,2026-02-21 10:00:00+00:00,1
2026-02-22,arpege_europe,meteofrance_arpege_europe,2026-02-21 00:00:00+00:00,2026-02-21 05:00:00+00:00,2026-02-21 10:00:00+00:00,1
2026-02-22,ukmo_global,ukmo_global_deterministic_10km,2026-02-21 00:00:00+00:00,2026-02-21 06:00:00+00:00,2026-02-21 10:00:00+00:00,1
2026-02-22,cma_grapes,cma_grapes_global,2026-02-21 00:00:00+00:00,2026-02-21 06:00:00+00:00,2026-02-21 10:00:00+00:00,1
2026-02-23,gfs,gfs_global,2026-02-22 00:00:00+00:00,2026-02-22 06:00:00+00:00,2026-02-22 10:00:00+00:00,1
2026-02-23,icon_eu,icon_eu,2026-02-22 06:00:00+00:00,2026-02-22 10:00:00+00:00,2026-02-22 10:00:00+00:00,1
2026-02-23,ecmwf,ecmwf_ifs025,2026-02-22 00:00:00+00:00,2026-02-22 06:00:00+00:00,2026-02-22 10:00:00+00:00,1
2026-02-23,dmi,dmi_harmonie_arome_europe,2026-02-22 06:00:00+00:00,2026-02-22 10:00:00+00:00,2026-02-22 10:00:00+00:00,1
2026-02-23,arpege_europe,meteofrance_arpege_europe,2026-02-22 00:00:00+00:00,2026-02-22 05:00:00+00:00,2026-02-22 10:00:00+00:00,1
2026-02-23,ukmo_global,ukmo_global_deterministic_10km,2026-02-22 00:00:00+00:00,2026-02-22 06:00:00+00:00,2026-02-22 10:00:00+00:00,1
2026-02-23,cma_grapes,cma_grapes_global,2026-02-22 00:00:00+00:00,2026-02-22 06:00:00+00:00,2026-02-22 10:00:00+00:00,1
2026-02-24,gfs,gfs_global,2026-02-23 00:00:00+00:00,2026-02-23 06:00:00+00:00,2026-02-23 10:00:00+00:00,1
2026-02-24,icon_eu,icon_eu,2026-02-23 06:00:00+00:00,2026-02-23 10:00:00+00:00,2026-02-23 10:00:00+00:00,1
2026-02-24,ecmwf,ecmwf_ifs025,2026-02-23 00:00:00+00:00,2026-02-23 06:00:00+00:00,2026-02-23 10:00:00+00:00,1
2026-02-24,dmi,dmi_harmonie_arome_europe,2026-02-23 06:00:00+00:00,2026-02-23 10:00:00+00:00,2026-02-23 10:00:00+00:00,1
2026-02-24,arpege_europe,meteofrance_arpege_europe,2026-02-23 00:00:00+00:00,2026-02-23 05:00:00+00:00,2026-02-23 10:00:00+00:00,1
2026-02-24,ukmo_global,ukmo_global_deterministic_10km,2026-02-23 00:00:00+00:00,2026-02-23 06:00:00+00:00,2026-02-23 10:00:00+00:00,1
2026-02-24,cma_grapes,cma_grapes_global,2026-02-23 00:00:00+00:00,2026-02-23 06:00:00+00:00,2026-02-23 10:00:00+00:00,1
2026-02-25,gfs,gfs_global,2026-02-24 00:00:00+00:00,2026-02-24 06:00:00+00:00,2026-02-24 10:00:00+00:00,1
2026-02-25,icon_eu,icon_eu,2026-02-24 06:00:00+00:00,2026-02-24 10:00:00+00:00,2026-02-24 10:00:00+00:00,1
2026-02-25,ecmwf,ecmwf_ifs025,2026-02-24 00:00:00+00:00,2026-02-24 06:00:00+00:00,2026-02-24 10:00:00+00:00,1
2026-02-25,dmi,dmi_harmonie_arome_europe,2026-02-24 06:00:00+00:00,2026-02-24 10:00:00+00:00,2026-02-24 10:00:00+00:00,1
2026-02-25,arpege_europe,meteofrance_arpege_europe,2026-02-24 00:00:00+00:00,2026-02-24 05:00:00+00:00,2026-02-24 10:00:00+00:00,1
2026-02-25,ukmo_global,ukmo_global_deterministic_10km,2026-02-24 00:00:00+00:00,2026-02-24 06:00:00+00:00,2026-02-24 10:00:00+00:00,1
2026-02-25,cma_grapes,cma_grapes_global,2026-02-24 00:00:00+00:00,2026-02-24 06:00:00+00:00,2026-02-24 10:00:00+00:00,1
2026-02-26,gfs,gfs_global,2026-02-25 00:00:00+00:00,2026-02-25 06:00:00+00:00,2026-02-25 10:00:00+00:00,1
2026-02-26,icon_eu,icon_eu,2026-02-25 06:00:00+00:00,2026-02-25 10:00:00+00:00,2026-02-25 10:00:00+00:00,1
2026-02-26,ecmwf,ecmwf_ifs025,2026-02-25 00:00:00+00:00,2026-02-25 06:00:00+00:00,2026-02-25 10:00:00+00:00,1
2026-02-26,dmi,dmi_harmonie_arome_europe,2026-02-25 06:00:00+00:00,2026-02-25 10:00:00+00:00,2026-02-25 10:00:00+00:00,1
2026-02-26,arpege_europe,meteofrance_arpege_europe,2026-02-25 00:00:00+00:00,2026-02-25 05:00:00+00:00,2026-02-25 10:00:00+00:00,1
2026-02-26,ukmo_global,ukmo_global_deterministic_10km,2026-02-25 00:00:00+00:00,2026-02-25 06:00:00+00:00,2026-02-25 10:00:00+00:00,1
2026-02-26,cma_grapes,cma_grapes_global,2026-02-25 00:00:00+00:00,2026-02-25 06:00:00+00:00,2026-02-25 10:00:00+00:00,1
2026-02-27,gfs,gfs_global,2026-02-26 00:00:00+00:00,2026-02-26 06:00:00+00:00,2026-02-26 10:00:00+00:00,1
2026-02-27,icon_eu,icon_eu,2026-02-26 06:00:00+00:00,2026-02-26 10:00:00+00:00,2026-02-26 10:00:00+00:00,1
2026-02-27,ecmwf,ecmwf_ifs025,2026-02-26 00:00:00+00:00,2026-02-26 06:00:00+00:00,2026-02-26 10:00:00+00:00,1
2026-02-27,dmi,dmi_harmonie_arome_europe,2026-02-26 06:00:00+00:00,2026-02-26 10:00:00+00:00,2026-02-26 10:00:00+00:00,1
2026-02-27,arpege_europe,meteofrance_arpege_europe,2026-02-26 00:00:00+00:00,2026-02-26 05:00:00+00:00,2026-02-26 10:00:00+00:00,1
2026-02-27,ukmo_global,ukmo_global_deterministic_10km,2026-02-26 00:00:00+00:00,2026-02-26 06:00:00+00:00,2026-02-26 10:00:00+00:00,1
2026-02-27,cma_grapes,cma_grapes_global,2026-02-26 00:00:00+00:00,2026-02-26 06:00:00+00:00,2026-02-26 10:00:00+00:00,1
2026-02-28,gfs,gfs_global,2026-02-27 00:00:00+00:00,2026-02-27 06:00:00+00:00,2026-02-27 10:00:00+00:00,1
2026-02-28,icon_eu,icon_eu,2026-02-27 06:00:00+00:00,2026-02-27 10:00:00+00:00,2026-02-27 10:00:00+00:00,1
2026-02-28,ecmwf,ecmwf_ifs025,2026-02-27 00:00:00+00:00,2026-02-27 06:00:00+00:00,2026-02-27 10:00:00+00:00,1
2026-02-28,dmi,dmi_harmonie_arome_europe,2026-02-27 06:00:00+00:00,2026-02-27 10:00:00+00:00,2026-02-27 10:00:00+00:00,1
2026-02-28,arpege_europe,meteofrance_arpege_europe,2026-02-27 00:00:00+00:00,2026-02-27 05:00:00+00:00,2026-02-27 10:00:00+00:00,1
2026-02-28,ukmo_global,ukmo_global_deterministic_10km,2026-02-27 00:00:00+00:00,2026-02-27 06:00:00+00:00,2026-02-27 10:00:00+00:00,1
2026-02-28,cma_grapes,cma_grapes_global,2026-02-27 00:00:00+00:00,2026-02-27 06:00:00+00:00,2026-02-27 10:00:00+00:00,1
2026-03-01,gfs,gfs_global,2026-02-28 00:00:00+00:00,2026-02-28 06:00:00+00:00,2026-02-28 10:00:00+00:00,1
2026-03-01,icon_eu,icon_eu,2026-02-28 06:00:00+00:00,2026-02-28 10:00:00+00:00,2026-02-28 10:00:00+00:00,1
2026-03-01,ecmwf,ecmwf_ifs025,2026-02-28 00:00:00+00:00,2026-02-28 06:00:00+00:00,2026-02-28 10:00:00+00:00,1
2026-03-01,dmi,dmi_harmonie_arome_europe,2026-02-28 06:00:00+00:00,2026-02-28 10:00:00+00:00,2026-02-28 10:00:00+00:00,1
2026-03-01,arpege_europe,meteofrance_arpege_europe,2026-02-28 00:00:00+00:00,2026-02-28 05:00:00+00:00,2026-02-28 10:00:00+00:00,1
2026-03-01,ukmo_global,ukmo_global_deterministic_10km,2026-02-28 00:00:00+00:00,2026-02-28 06:00:00+00:00,2026-02-28 10:00:00+00:00,1
2026-03-01,cma_grapes,cma_grapes_global,2026-02-28 00:00:00+00:00,2026-02-28 06:00:00+00:00,2026-02-28 10:00:00+00:00,1
2026-03-02,gfs,gfs_global,2026-03-01 00:00:00+00:00,2026-03-01 06:00:00+00:00,2026-03-01 10:00:00+00:00,1
2026-03-02,icon_eu,icon_eu,2026-03-01 06:00:00+00:00,2026-03-01 10:00:00+00:00,2026-03-01 10:00:00+00:00,1
2026-03-02,ecmwf,ecmwf_ifs025,2026-03-01 00:00:00+00:00,2026-03-01 06:00:00+00:00,2026-03-01 10:00:00+00:00,1
2026-03-02,dmi,dmi_harmonie_arome_europe,2026-03-01 06:00:00+00:00,2026-03-01 10:00:00+00:00,2026-03-01 10:00:00+00:00,1
2026-03-02,arpege_europe,meteofrance_arpege_europe,2026-03-01 00:00:00+00:00,2026-03-01 05:00:00+00:00,2026-03-01 10:00:00+00:00,1
2026-03-02,ukmo_global,ukmo_global_deterministic_10km,2026-03-01 00:00:00+00:00,2026-03-01 06:00:00+00:00,2026-03-01 10:00:00+00:00,1
2026-03-02,cma_grapes,cma_grapes_global,2026-03-01 00:00:00+00:00,2026-03-01 06:00:00+00:00,2026-03-01 10:00:00+00:00,1
2026-03-03,gfs,gfs_global,2026-03-02 00:00:00+00:00,2026-03-02 06:00:00+00:00,2026-03-02 10:00:00+00:00,1
2026-03-03,icon_eu,icon_eu,2026-03-02 06:00:00+00:00,2026-03-02 10:00:00+00:00,2026-03-02 10:00:00+00:00,1
2026-03-03,ecmwf,ecmwf_ifs025,2026-03-02 00:00:00+00:00,2026-03-02 06:00:00+00:00,2026-03-02 10:00:00+00:00,1
2026-03-03,dmi,dmi_harmonie_arome_europe,2026-03-02 06:00:00+00:00,2026-03-02 10:00:00+00:00,2026-03-02 10:00:00+00:00,1
2026-03-03,arpege_europe,meteofrance_arpege_europe,2026-03-02 00:00:00+00:00,2026-03-02 05:00:00+00:00,2026-03-02 10:00:00+00:00,1
2026-03-03,ukmo_global,ukmo_global_deterministic_10km,2026-03-02 00:00:00+00:00,2026-03-02 06:00:00+00:00,2026-03-02 10:00:00+00:00,1
2026-03-03,cma_grapes,cma_grapes_global,2026-03-02 00:00:00+00:00,2026-03-02 06:00:00+00:00,2026-03-02 10:00:00+00:00,1
2026-03-04,gfs,gfs_global,2026-03-03 00:00:00+00:00,2026-03-03 06:00:00+00:00,2026-03-03 10:00:00+00:00,1
2026-03-04,icon_eu,icon_eu,2026-03-03 06:00:00+00:00,2026-03-03 10:00:00+00:00,2026-03-03 10:00:00+00:00,1
2026-03-04,ecmwf,ecmwf_ifs025,2026-03-03 00:00:00+00:00,2026-03-03 06:00:00+00:00,2026-03-03 10:00:00+00:00,1
2026-03-04,dmi,dmi_harmonie_arome_europe,2026-03-03 06:00:00+00:00,2026-03-03 10:00:00+00:00,2026-03-03 10:00:00+00:00,1
2026-03-04,arpege_europe,meteofrance_arpege_europe,2026-03-03 00:00:00+00:00,2026-03-03 05:00:00+00:00,2026-03-03 10:00:00+00:00,1
2026-03-04,ukmo_global,ukmo_global_deterministic_10km,2026-03-03 00:00:00+00:00,2026-03-03 06:00:00+00:00,2026-03-03 10:00:00+00:00,1
2026-03-04,cma_grapes,cma_grapes_global,2026-03-03 00:00:00+00:00,2026-03-03 06:00:00+00:00,2026-03-03 10:00:00+00:00,1
2026-03-05,gfs,gfs_global,2026-03-04 00:00:00+00:00,2026-03-04 06:00:00+00:00,2026-03-04 10:00:00+00:00,1
2026-03-05,icon_eu,icon_eu,2026-03-04 06:00:00+00:00,2026-03-04 10:00:00+00:00,2026-03-04 10:00:00+00:00,1
2026-03-05,ecmwf,ecmwf_ifs025,2026-03-04 00:00:00+00:00,2026-03-04 06:00:00+00:00,2026-03-04 10:00:00+00:00,1
2026-03-05,dmi,dmi_harmonie_arome_europe,2026-03-04 06:00:00+00:00,2026-03-04 10:00:00+00:00,2026-03-04 10:00:00+00:00,1
2026-03-05,arpege_europe,meteofrance_arpege_europe,2026-03-04 00:00:00+00:00,2026-03-04 05:00:00+00:00,2026-03-04 10:00:00+00:00,1
2026-03-05,ukmo_global,ukmo_global_deterministic_10km,2026-03-04 00:00:00+00:00,2026-03-04 06:00:00+00:00,2026-03-04 10:00:00+00:00,1
2026-03-05,cma_grapes,cma_grapes_global,2026-03-04 00:00:00+00:00,2026-03-04 06:00:00+00:00,2026-03-04 10:00:00+00:00,1
2026-03-06,gfs,gfs_global,2026-03-05 00:00:00+00:00,2026-03-05 06:00:00+00:00,2026-03-05 10:00:00+00:00,1
2026-03-06,icon_eu,icon_eu,2026-03-05 06:00:00+00:00,2026-03-05 10:00:00+00:00,2026-03-05 10:00:00+00:00,1
2026-03-06,ecmwf,ecmwf_ifs025,2026-03-05 00:00:00+00:00,2026-03-05 06:00:00+00:00,2026-03-05 10:00:00+00:00,1
2026-03-06,dmi,dmi_harmonie_arome_europe,2026-03-05 06:00:00+00:00,2026-03-05 10:00:00+00:00,2026-03-05 10:00:00+00:00,1
2026-03-06,arpege_europe,meteofrance_arpege_europe,2026-03-05 00:00:00+00:00,2026-03-05 05:00:00+00:00,2026-03-05 10:00:00+00:00,1
2026-03-06,ukmo_global,ukmo_global_deterministic_10km,2026-03-05 00:00:00+00:00,2026-03-05 06:00:00+00:00,2026-03-05 10:00:00+00:00,1
2026-03-06,cma_grapes,cma_grapes_global,2026-03-05 00:00:00+00:00,2026-03-05 06:00:00+00:00,2026-03-05 10:00:00+00:00,1
2026-03-07,gfs,gfs_global,2026-03-06 00:00:00+00:00,2026-03-06 06:00:00+00:00,2026-03-06 10:00:00+00:00,1
2026-03-07,icon_eu,icon_eu,2026-03-06 06:00:00+00:00,2026-03-06 10:00:00+00:00,2026-03-06 10:00:00+00:00,1
2026-03-07,ecmwf,ecmwf_ifs025,2026-03-06 00:00:00+00:00,2026-03-06 06:00:00+00:00,2026-03-06 10:00:00+00:00,1
2026-03-07,dmi,dmi_harmonie_arome_europe,2026-03-06 06:00:00+00:00,2026-03-06 10:00:00+00:00,2026-03-06 10:00:00+00:00,1
2026-03-07,arpege_europe,meteofrance_arpege_europe,2026-03-06 00:00:00+00:00,2026-03-06 05:00:00+00:00,2026-03-06 10:00:00+00:00,1
2026-03-07,ukmo_global,ukmo_global_deterministic_10km,2026-03-06 00:00:00+00:00,2026-03-06 06:00:00+00:00,2026-03-06 10:00:00+00:00,1
2026-03-07,cma_grapes,cma_grapes_global,2026-03-06 00:00:00+00:00,2026-03-06 06:00:00+00:00,2026-03-06 10:00:00+00:00,1
2026-03-08,gfs,gfs_global,2026-03-07 00:00:00+00:00,2026-03-07 06:00:00+00:00,2026-03-07 10:00:00+00:00,1
2026-03-08,icon_eu,icon_eu,2026-03-07 06:00:00+00:00,2026-03-07 10:00:00+00:00,2026-03-07 10:00:00+00:00,1
2026-03-08,ecmwf,ecmwf_ifs025,2026-03-07 00:00:00+00:00,2026-03-07 06:00:00+00:00,2026-03-07 10:00:00+00:00,1
2026-03-08,dmi,dmi_harmonie_arome_europe,2026-03-07 06:00:00+00:00,2026-03-07 10:00:00+00:00,2026-03-07 10:00:00+00:00,1
2026-03-08,arpege_europe,meteofrance_arpege_europe,2026-03-07 00:00:00+00:00,2026-03-07 05:00:00+00:00,2026-03-07 10:00:00+00:00,1
2026-03-08,ukmo_global,ukmo_global_deterministic_10km,2026-03-07 00:00:00+00:00,2026-03-07 06:00:00+00:00,2026-03-07 10:00:00+00:00,1
2026-03-08,cma_grapes,cma_grapes_global,2026-03-07 00:00:00+00:00,2026-03-07 06:00:00+00:00,2026-03-07 10:00:00+00:00,1
2026-03-09,gfs,gfs_global,2026-03-08 00:00:00+00:00,2026-03-08 06:00:00+00:00,2026-03-08 10:00:00+00:00,1
2026-03-09,icon_eu,icon_eu,2026-03-08 06:00:00+00:00,2026-03-08 10:00:00+00:00,2026-03-08 10:00:00+00:00,1
2026-03-09,ecmwf,ecmwf_ifs025,2026-03-08 00:00:00+00:00,2026-03-08 06:00:00+00:00,2026-03-08 10:00:00+00:00,1
2026-03-09,dmi,dmi_harmonie_arome_europe,2026-03-08 06:00:00+00:00,2026-03-08 10:00:00+00:00,2026-03-08 10:00:00+00:00,1
2026-03-09,arpege_europe,meteofrance_arpege_europe,2026-03-08 00:00:00+00:00,2026-03-08 05:00:00+00:00,2026-03-08 10:00:00+00:00,1
2026-03-09,ukmo_global,ukmo_global_deterministic_10km,2026-03-08 00:00:00+00:00,2026-03-08 06:00:00+00:00,2026-03-08 10:00:00+00:00,1
2026-03-09,cma_grapes,cma_grapes_global,2026-03-08 00:00:00+00:00,2026-03-08 06:00:00+00:00,2026-03-08 10:00:00+00:00,1
2026-03-10,gfs,gfs_global,2026-03-09 00:00:00+00:00,2026-03-09 06:00:00+00:00,2026-03-09 10:00:00+00:00,1
2026-03-10,icon_eu,icon_eu,2026-03-09 06:00:00+00:00,2026-03-09 10:00:00+00:00,2026-03-09 10:00:00+00:00,1
2026-03-10,ecmwf,ecmwf_ifs025,2026-03-09 00:00:00+00:00,2026-03-09 06:00:00+00:00,2026-03-09 10:00:00+00:00,1
2026-03-10,dmi,dmi_harmonie_arome_europe,2026-03-09 06:00:00+00:00,2026-03-09 10:00:00+00:00,2026-03-09 10:00:00+00:00,1
2026-03-10,arpege_europe,meteofrance_arpege_europe,2026-03-09 00:00:00+00:00,2026-03-09 05:00:00+00:00,2026-03-09 10:00:00+00:00,1
2026-03-10,ukmo_global,ukmo_global_deterministic_10km,2026-03-09 00:00:00+00:00,2026-03-09 06:00:00+00:00,2026-03-09 10:00:00+00:00,1
2026-03-10,cma_grapes,cma_grapes_global,2026-03-09 00:00:00+00:00,2026-03-09 06:00:00+00:00,2026-03-09 10:00:00+00:00,1
2026-03-11,gfs,gfs_global,2026-03-10 00:00:00+00:00,2026-03-10 06:00:00+00:00,2026-03-10 10:00:00+00:00,1
2026-03-11,icon_eu,icon_eu,2026-03-10 06:00:00+00:00,2026-03-10 10:00:00+00:00,2026-03-10 10:00:00+00:00,1
2026-03-11,ecmwf,ecmwf_ifs025,2026-03-10 00:00:00+00:00,2026-03-10 06:00:00+00:00,2026-03-10 10:00:00+00:00,1
2026-03-11,dmi,dmi_harmonie_arome_europe,2026-03-10 06:00:00+00:00,2026-03-10 10:00:00+00:00,2026-03-10 10:00:00+00:00,1
2026-03-11,arpege_europe,meteofrance_arpege_europe,2026-03-10 00:00:00+00:00,2026-03-10 05:00:00+00:00,2026-03-10 10:00:00+00:00,1
2026-03-11,ukmo_global,ukmo_global_deterministic_10km,2026-03-10 00:00:00+00:00,2026-03-10 06:00:00+00:00,2026-03-10 10:00:00+00:00,1
2026-03-11,cma_grapes,cma_grapes_global,2026-03-10 00:00:00+00:00,2026-03-10 06:00:00+00:00,2026-03-10 10:00:00+00:00,1
2026-03-12,gfs,gfs_global,2026-03-11 00:00:00+00:00,2026-03-11 06:00:00+00:00,2026-03-11 10:00:00+00:00,1
2026-03-12,icon_eu,icon_eu,2026-03-11 06:00:00+00:00,2026-03-11 10:00:00+00:00,2026-03-11 10:00:00+00:00,1
2026-03-12,ecmwf,ecmwf_ifs025,2026-03-11 00:00:00+00:00,2026-03-11 06:00:00+00:00,2026-03-11 10:00:00+00:00,1
2026-03-12,dmi,dmi_harmonie_arome_europe,2026-03-11 06:00:00+00:00,2026-03-11 10:00:00+00:00,2026-03-11 10:00:00+00:00,1
2026-03-12,arpege_europe,meteofrance_arpege_europe,2026-03-11 00:00:00+00:00,2026-03-11 05:00:00+00:00,2026-03-11 10:00:00+00:00,1
2026-03-12,ukmo_global,ukmo_global_deterministic_10km,2026-03-11 00:00:00+00:00,2026-03-11 06:00:00+00:00,2026-03-11 10:00:00+00:00,1
2026-03-12,cma_grapes,cma_grapes_global,2026-03-11 00:00:00+00:00,2026-03-11 06:00:00+00:00,2026-03-11 10:00:00+00:00,1
2026-03-13,gfs,gfs_global,2026-03-12 00:00:00+00:00,2026-03-12 06:00:00+00:00,2026-03-12 10:00:00+00:00,1
2026-03-13,icon_eu,icon_eu,2026-03-12 06:00:00+00:00,2026-03-12 10:00:00+00:00,2026-03-12 10:00:00+00:00,1
2026-03-13,ecmwf,ecmwf_ifs025,2026-03-12 00:00:00+00:00,2026-03-12 06:00:00+00:00,2026-03-12 10:00:00+00:00,1
2026-03-13,dmi,dmi_harmonie_arome_europe,2026-03-12 06:00:00+00:00,2026-03-12 10:00:00+00:00,2026-03-12 10:00:00+00:00,1
2026-03-13,arpege_europe,meteofrance_arpege_europe,2026-03-12 00:00:00+00:00,2026-03-12 05:00:00+00:00,2026-03-12 10:00:00+00:00,1
2026-03-13,ukmo_global,ukmo_global_deterministic_10km,2026-03-12 00:00:00+00:00,2026-03-12 06:00:00+00:00,2026-03-12 10:00:00+00:00,1
2026-03-13,cma_grapes,cma_grapes_global,2026-03-12 00:00:00+00:00,2026-03-12 06:00:00+00:00,2026-03-12 10:00:00+00:00,1
2026-03-14,gfs,gfs_global,2026-03-13 00:00:00+00:00,2026-03-13 06:00:00+00:00,2026-03-13 10:00:00+00:00,1
2026-03-14,icon_eu,icon_eu,2026-03-13 06:00:00+00:00,2026-03-13 10:00:00+00:00,2026-03-13 10:00:00+00:00,1
2026-03-14,ecmwf,ecmwf_ifs025,2026-03-13 00:00:00+00:00,2026-03-13 06:00:00+00:00,2026-03-13 10:00:00+00:00,1
2026-03-14,dmi,dmi_harmonie_arome_europe,2026-03-13 06:00:00+00:00,2026-03-13 10:00:00+00:00,2026-03-13 10:00:00+00:00,1
2026-03-14,arpege_europe,meteofrance_arpege_europe,2026-03-13 00:00:00+00:00,2026-03-13 05:00:00+00:00,2026-03-13 10:00:00+00:00,1
2026-03-14,ukmo_global,ukmo_global_deterministic_10km,2026-03-13 00:00:00+00:00,2026-03-13 06:00:00+00:00,2026-03-13 10:00:00+00:00,1
2026-03-14,cma_grapes,cma_grapes_global,2026-03-13 00:00:00+00:00,2026-03-13 06:00:00+00:00,2026-03-13 10:00:00+00:00,1
2026-03-15,gfs,gfs_global,2026-03-14 00:00:00+00:00,2026-03-14 06:00:00+00:00,2026-03-14 10:00:00+00:00,1
2026-03-15,icon_eu,icon_eu,2026-03-14 06:00:00+00:00,2026-03-14 10:00:00+00:00,2026-03-14 10:00:00+00:00,1
2026-03-15,ecmwf,ecmwf_ifs025,2026-03-14 00:00:00+00:00,2026-03-14 06:00:00+00:00,2026-03-14 10:00:00+00:00,1
2026-03-15,dmi,dmi_harmonie_arome_europe,2026-03-14 06:00:00+00:00,2026-03-14 10:00:00+00:00,2026-03-14 10:00:00+00:00,1
2026-03-15,arpege_europe,meteofrance_arpege_europe,2026-03-14 00:00:00+00:00,2026-03-14 05:00:00+00:00,2026-03-14 10:00:00+00:00,1
2026-03-15,ukmo_global,ukmo_global_deterministic_10km,2026-03-14 00:00:00+00:00,2026-03-14 06:00:00+00:00,2026-03-14 10:00:00+00:00,1
2026-03-15,cma_grapes,cma_grapes_global,2026-03-14 00:00:00+00:00,2026-03-14 06:00:00+00:00,2026-03-14 10:00:00+00:00,1
2026-03-16,gfs,gfs_global,2026-03-15 00:00:00+00:00,2026-03-15 06:00:00+00:00,2026-03-15 10:00:00+00:00,1
2026-03-16,icon_eu,icon_eu,2026-03-15 06:00:00+00:00,2026-03-15 10:00:00+00:00,2026-03-15 10:00:00+00:00,1
2026-03-16,ecmwf,ecmwf_ifs025,2026-03-15 00:00:00+00:00,2026-03-15 06:00:00+00:00,2026-03-15 10:00:00+00:00,1
2026-03-16,dmi,dmi_harmonie_arome_europe,2026-03-15 06:00:00+00:00,2026-03-15 10:00:00+00:00,2026-03-15 10:00:00+00:00,1
2026-03-16,arpege_europe,meteofrance_arpege_europe,2026-03-15 00:00:00+00:00,2026-03-15 05:00:00+00:00,2026-03-15 10:00:00+00:00,1
2026-03-16,ukmo_global,ukmo_global_deterministic_10km,2026-03-15 00:00:00+00:00,2026-03-15 06:00:00+00:00,2026-03-15 10:00:00+00:00,1
2026-03-16,cma_grapes,cma_grapes_global,2026-03-15 00:00:00+00:00,2026-03-15 06:00:00+00:00,2026-03-15 10:00:00+00:00,1
2026-03-17,gfs,gfs_global,2026-03-16 00:00:00+00:00,2026-03-16 06:00:00+00:00,2026-03-16 10:00:00+00:00,1
2026-03-17,icon_eu,icon_eu,2026-03-16 06:00:00+00:00,2026-03-16 10:00:00+00:00,2026-03-16 10:00:00+00:00,1
2026-03-17,ecmwf,ecmwf_ifs025,2026-03-16 00:00:00+00:00,2026-03-16 06:00:00+00:00,2026-03-16 10:00:00+00:00,1
2026-03-17,dmi,dmi_harmonie_arome_europe,2026-03-16 06:00:00+00:00,2026-03-16 10:00:00+00:00,2026-03-16 10:00:00+00:00,1
2026-03-17,arpege_europe,meteofrance_arpege_europe,2026-03-16 00:00:00+00:00,2026-03-16 05:00:00+00:00,2026-03-16 10:00:00+00:00,1
2026-03-17,ukmo_global,ukmo_global_deterministic_10km,2026-03-16 00:00:00+00:00,2026-03-16 06:00:00+00:00,2026-03-16 10:00:00+00:00,1
2026-03-17,cma_grapes,cma_grapes_global,2026-03-16 00:00:00+00:00,2026-03-16 06:00:00+00:00,2026-03-16 10:00:00+00:00,1
2026-03-18,gfs,gfs_global,2026-03-17 00:00:00+00:00,2026-03-17 06:00:00+00:00,2026-03-17 10:00:00+00:00,1
2026-03-18,icon_eu,icon_eu,2026-03-17 06:00:00+00:00,2026-03-17 10:00:00+00:00,2026-03-17 10:00:00+00:00,1
2026-03-18,ecmwf,ecmwf_ifs025,2026-03-17 00:00:00+00:00,2026-03-17 06:00:00+00:00,2026-03-17 10:00:00+00:00,1
2026-03-18,dmi,dmi_harmonie_arome_europe,2026-03-17 06:00:00+00:00,2026-03-17 10:00:00+00:00,2026-03-17 10:00:00+00:00,1
2026-03-18,arpege_europe,meteofrance_arpege_europe,2026-03-17 00:00:00+00:00,2026-03-17 05:00:00+00:00,2026-03-17 10:00:00+00:00,1
2026-03-18,ukmo_global,ukmo_global_deterministic_10km,2026-03-17 00:00:00+00:00,2026-03-17 06:00:00+00:00,2026-03-17 10:00:00+00:00,1
2026-03-18,cma_grapes,cma_grapes_global,2026-03-17 00:00:00+00:00,2026-03-17 06:00:00+00:00,2026-03-17 10:00:00+00:00,1
2026-03-19,gfs,gfs_global,2026-03-18 00:00:00+00:00,2026-03-18 06:00:00+00:00,2026-03-18 10:00:00+00:00,1
2026-03-19,icon_eu,icon_eu,2026-03-18 06:00:00+00:00,2026-03-18 10:00:00+00:00,2026-03-18 10:00:00+00:00,1
2026-03-19,ecmwf,ecmwf_ifs025,2026-03-18 00:00:00+00:00,2026-03-18 06:00:00+00:00,2026-03-18 10:00:00+00:00,1
2026-03-19,dmi,dmi_harmonie_arome_europe,2026-03-18 06:00:00+00:00,2026-03-18 10:00:00+00:00,2026-03-18 10:00:00+00:00,1
2026-03-19,arpege_europe,meteofrance_arpege_europe,2026-03-18 00:00:00+00:00,2026-03-18 05:00:00+00:00,2026-03-18 10:00:00+00:00,1
2026-03-19,ukmo_global,ukmo_global_deterministic_10km,2026-03-18 00:00:00+00:00,2026-03-18 06:00:00+00:00,2026-03-18 10:00:00+00:00,1
2026-03-19,cma_grapes,cma_grapes_global,2026-03-18 00:00:00+00:00,2026-03-18 06:00:00+00:00,2026-03-18 10:00:00+00:00,1
2026-03-20,gfs,gfs_global,2026-03-19 00:00:00+00:00,2026-03-19 06:00:00+00:00,2026-03-19 10:00:00+00:00,1
2026-03-20,icon_eu,icon_eu,2026-03-19 06:00:00+00:00,2026-03-19 10:00:00+00:00,2026-03-19 10:00:00+00:00,1
2026-03-20,ecmwf,ecmwf_ifs025,2026-03-19 00:00:00+00:00,2026-03-19 06:00:00+00:00,2026-03-19 10:00:00+00:00,1
2026-03-20,dmi,dmi_harmonie_arome_europe,2026-03-19 06:00:00+00:00,2026-03-19 10:00:00+00:00,2026-03-19 10:00:00+00:00,1
2026-03-20,arpege_europe,meteofrance_arpege_europe,2026-03-19 00:00:00+00:00,2026-03-19 05:00:00+00:00,2026-03-19 10:00:00+00:00,1
2026-03-20,ukmo_global,ukmo_global_deterministic_10km,2026-03-19 00:00:00+00:00,2026-03-19 06:00:00+00:00,2026-03-19 10:00:00+00:00,1
2026-03-20,cma_grapes,cma_grapes_global,2026-03-19 00:00:00+00:00,2026-03-19 06:00:00+00:00,2026-03-19 10:00:00+00:00,1
2026-03-21,gfs,gfs_global,2026-03-20 00:00:00+00:00,2026-03-20 06:00:00+00:00,2026-03-20 10:00:00+00:00,1
2026-03-21,icon_eu,icon_eu,2026-03-20 06:00:00+00:00,2026-03-20 10:00:00+00:00,2026-03-20 10:00:00+00:00,1
2026-03-21,ecmwf,ecmwf_ifs025,2026-03-20 00:00:00+00:00,2026-03-20 06:00:00+00:00,2026-03-20 10:00:00+00:00,1
2026-03-21,dmi,dmi_harmonie_arome_europe,2026-03-20 06:00:00+00:00,2026-03-20 10:00:00+00:00,2026-03-20 10:00:00+00:00,1
2026-03-21,arpege_europe,meteofrance_arpege_europe,2026-03-20 00:00:00+00:00,2026-03-20 05:00:00+00:00,2026-03-20 10:00:00+00:00,1
2026-03-21,ukmo_global,ukmo_global_deterministic_10km,2026-03-20 00:00:00+00:00,2026-03-20 06:00:00+00:00,2026-03-20 10:00:00+00:00,1
2026-03-21,cma_grapes,cma_grapes_global,2026-03-20 00:00:00+00:00,2026-03-20 06:00:00+00:00,2026-03-20 10:00:00+00:00,1
2026-03-22,gfs,gfs_global,2026-03-21 00:00:00+00:00,2026-03-21 06:00:00+00:00,2026-03-21 10:00:00+00:00,1
2026-03-22,icon_eu,icon_eu,2026-03-21 06:00:00+00:00,2026-03-21 10:00:00+00:00,2026-03-21 10:00:00+00:00,1
2026-03-22,ecmwf,ecmwf_ifs025,2026-03-21 00:00:00+00:00,2026-03-21 06:00:00+00:00,2026-03-21 10:00:00+00:00,1
2026-03-22,dmi,dmi_harmonie_arome_europe,2026-03-21 06:00:00+00:00,2026-03-21 10:00:00+00:00,2026-03-21 10:00:00+00:00,1
2026-03-22,arpege_europe,meteofrance_arpege_europe,2026-03-21 00:00:00+00:00,2026-03-21 05:00:00+00:00,2026-03-21 10:00:00+00:00,1
2026-03-22,ukmo_global,ukmo_global_deterministic_10km,2026-03-21 00:00:00+00:00,2026-03-21 06:00:00+00:00,2026-03-21 10:00:00+00:00,1
2026-03-22,cma_grapes,cma_grapes_global,2026-03-21 00:00:00+00:00,2026-03-21 06:00:00+00:00,2026-03-21 10:00:00+00:00,1
2026-03-23,gfs,gfs_global,2026-03-22 00:00:00+00:00,2026-03-22 06:00:00+00:00,2026-03-22 10:00:00+00:00,1
2026-03-23,icon_eu,icon_eu,2026-03-22 06:00:00+00:00,2026-03-22 10:00:00+00:00,2026-03-22 10:00:00+00:00,1
2026-03-23,ecmwf,ecmwf_ifs025,2026-03-22 00:00:00+00:00,2026-03-22 06:00:00+00:00,2026-03-22 10:00:00+00:00,1
2026-03-23,dmi,dmi_harmonie_arome_europe,2026-03-22 06:00:00+00:00,2026-03-22 10:00:00+00:00,2026-03-22 10:00:00+00:00,1
2026-03-23,arpege_europe,meteofrance_arpege_europe,2026-03-22 00:00:00+00:00,2026-03-22 05:00:00+00:00,2026-03-22 10:00:00+00:00,1
2026-03-23,ukmo_global,ukmo_global_deterministic_10km,2026-03-22 00:00:00+00:00,2026-03-22 06:00:00+00:00,2026-03-22 10:00:00+00:00,1
2026-03-23,cma_grapes,cma_grapes_global,2026-03-22 00:00:00+00:00,2026-03-22 06:00:00+00:00,2026-03-22 10:00:00+00:00,1
2026-03-24,gfs,gfs_global,2026-03-23 00:00:00+00:00,2026-03-23 06:00:00+00:00,2026-03-23 10:00:00+00:00,1
2026-03-24,icon_eu,icon_eu,2026-03-23 06:00:00+00:00,2026-03-23 10:00:00+00:00,2026-03-23 10:00:00+00:00,1
2026-03-24,ecmwf,ecmwf_ifs025,2026-03-23 00:00:00+00:00,2026-03-23 06:00:00+00:00,2026-03-23 10:00:00+00:00,1
2026-03-24,dmi,dmi_harmonie_arome_europe,2026-03-23 06:00:00+00:00,2026-03-23 10:00:00+00:00,2026-03-23 10:00:00+00:00,1
2026-03-24,arpege_europe,meteofrance_arpege_europe,2026-03-23 00:00:00+00:00,2026-03-23 05:00:00+00:00,2026-03-23 10:00:00+00:00,1
2026-03-24,ukmo_global,ukmo_global_deterministic_10km,2026-03-23 00:00:00+00:00,2026-03-23 06:00:00+00:00,2026-03-23 10:00:00+00:00,1
2026-03-24,cma_grapes,cma_grapes_global,2026-03-23 00:00:00+00:00,2026-03-23 06:00:00+00:00,2026-03-23 10:00:00+00:00,1
2026-03-25,gfs,gfs_global,2026-03-24 00:00:00+00:00,2026-03-24 06:00:00+00:00,2026-03-24 10:00:00+00:00,1
2026-03-25,icon_eu,icon_eu,2026-03-24 06:00:00+00:00,2026-03-24 10:00:00+00:00,2026-03-24 10:00:00+00:00,1
2026-03-25,ecmwf,ecmwf_ifs025,2026-03-24 00:00:00+00:00,2026-03-24 06:00:00+00:00,2026-03-24 10:00:00+00:00,1
2026-03-25,dmi,dmi_harmonie_arome_europe,2026-03-24 06:00:00+00:00,2026-03-24 10:00:00+00:00,2026-03-24 10:00:00+00:00,1
2026-03-25,arpege_europe,meteofrance_arpege_europe,2026-03-24 00:00:00+00:00,2026-03-24 05:00:00+00:00,2026-03-24 10:00:00+00:00,1
2026-03-25,ukmo_global,ukmo_global_deterministic_10km,2026-03-24 00:00:00+00:00,2026-03-24 06:00:00+00:00,2026-03-24 10:00:00+00:00,1
2026-03-25,cma_grapes,cma_grapes_global,2026-03-24 00:00:00+00:00,2026-03-24 06:00:00+00:00,2026-03-24 10:00:00+00:00,1
2026-03-26,gfs,gfs_global,2026-03-25 00:00:00+00:00,2026-03-25 06:00:00+00:00,2026-03-25 10:00:00+00:00,1
2026-03-26,icon_eu,icon_eu,2026-03-25 06:00:00+00:00,2026-03-25 10:00:00+00:00,2026-03-25 10:00:00+00:00,1
2026-03-26,ecmwf,ecmwf_ifs025,2026-03-25 00:00:00+00:00,2026-03-25 06:00:00+00:00,2026-03-25 10:00:00+00:00,1
2026-03-26,dmi,dmi_harmonie_arome_europe,2026-03-25 06:00:00+00:00,2026-03-25 10:00:00+00:00,2026-03-25 10:00:00+00:00,1
2026-03-26,arpege_europe,meteofrance_arpege_europe,2026-03-25 00:00:00+00:00,2026-03-25 05:00:00+00:00,2026-03-25 10:00:00+00:00,1
2026-03-26,ukmo_global,ukmo_global_deterministic_10km,2026-03-25 00:00:00+00:00,2026-03-25 06:00:00+00:00,2026-03-25 10:00:00+00:00,1
2026-03-26,cma_grapes,cma_grapes_global,2026-03-25 00:00:00+00:00,2026-03-25 06:00:00+00:00,2026-03-25 10:00:00+00:00,1
2026-03-27,gfs,gfs_global,2026-03-26 00:00:00+00:00,2026-03-26 06:00:00+00:00,2026-03-26 10:00:00+00:00,1
2026-03-27,icon_eu,icon_eu,2026-03-26 06:00:00+00:00,2026-03-26 10:00:00+00:00,2026-03-26 10:00:00+00:00,1
2026-03-27,ecmwf,ecmwf_ifs025,2026-03-26 00:00:00+00:00,2026-03-26 06:00:00+00:00,2026-03-26 10:00:00+00:00,1
2026-03-27,dmi,dmi_harmonie_arome_europe,2026-03-26 06:00:00+00:00,2026-03-26 10:00:00+00:00,2026-03-26 10:00:00+00:00,1
2026-03-27,arpege_europe,meteofrance_arpege_europe,2026-03-26 00:00:00+00:00,2026-03-26 05:00:00+00:00,2026-03-26 10:00:00+00:00,1
2026-03-27,ukmo_global,ukmo_global_deterministic_10km,2026-03-26 00:00:00+00:00,2026-03-26 06:00:00+00:00,2026-03-26 10:00:00+00:00,1
2026-03-27,cma_grapes,cma_grapes_global,2026-03-26 00:00:00+00:00,2026-03-26 06:00:00+00:00,2026-03-26 10:00:00+00:00,1
2026-03-28,gfs,gfs_global,2026-03-27 00:00:00+00:00,2026-03-27 06:00:00+00:00,2026-03-27 10:00:00+00:00,1
2026-03-28,icon_eu,icon_eu,2026-03-27 06:00:00+00:00,2026-03-27 10:00:00+00:00,2026-03-27 10:00:00+00:00,1
2026-03-28,ecmwf,ecmwf_ifs025,2026-03-27 00:00:00+00:00,2026-03-27 06:00:00+00:00,2026-03-27 10:00:00+00:00,1
2026-03-28,dmi,dmi_harmonie_arome_europe,2026-03-27 06:00:00+00:00,2026-03-27 10:00:00+00:00,2026-03-27 10:00:00+00:00,1
2026-03-29,dmi,dmi_harmonie_arome_europe,2026-03-25 00:00:00+00:00,2026-03-25 04:00:00+00:00,2026-03-28 10:00:00+00:00,27
2026-03-29,arpege_europe,meteofrance_arpege_europe,2026-03-28 00:00:00+00:00,2026-03-28 05:00:00+00:00,2026-03-28 10:00:00+00:00,1
2026-03-29,ukmo_global,ukmo_global_deterministic_10km,2026-03-28 00:00:00+00:00,2026-03-28 06:00:00+00:00,2026-03-28 10:00:00+00:00,1
2026-03-29,cma_grapes,cma_grapes_global,2026-03-28 00:00:00+00:00,2026-03-28 06:00:00+00:00,2026-03-28 10:00:00+00:00,1
2026-03-30,gfs,gfs_global,2026-03-29 00:00:00+00:00,2026-03-29 06:00:00+00:00,2026-03-29 09:00:00+00:00,1
2026-03-30,icon_eu,icon_eu,2026-03-29 00:00:00+00:00,2026-03-29 04:00:00+00:00,2026-03-29 09:00:00+00:00,1
2026-03-30,ecmwf,ecmwf_ifs025,2026-03-29 00:00:00+00:00,2026-03-29 06:00:00+00:00,2026-03-29 09:00:00+00:00,1
2026-03-30,dmi,dmi_harmonie_arome_europe,2026-03-29 03:00:00+00:00,2026-03-29 07:00:00+00:00,2026-03-29 09:00:00+00:00,1
2026-03-30,arpege_europe,meteofrance_arpege_europe,2026-03-29 00:00:00+00:00,2026-03-29 05:00:00+00:00,2026-03-29 09:00:00+00:00,1
2026-03-30,ukmo_global,ukmo_global_deterministic_10km,2026-03-29 00:00:00+00:00,2026-03-29 06:00:00+00:00,2026-03-29 09:00:00+00:00,1
2026-03-30,cma_grapes,cma_grapes_global,2026-03-29 00:00:00+00:00,2026-03-29 06:00:00+00:00,2026-03-29 09:00:00+00:00,1
2026-03-31,gfs,gfs_global,2026-03-30 00:00:00+00:00,2026-03-30 06:00:00+00:00,2026-03-30 09:00:00+00:00,1
2026-03-31,icon_eu,icon_eu,2026-03-30 00:00:00+00:00,2026-03-30 04:00:00+00:00,2026-03-30 09:00:00+00:00,1
2026-03-31,ecmwf,ecmwf_ifs025,2026-03-30 00:00:00+00:00,2026-03-30 06:00:00+00:00,2026-03-30 09:00:00+00:00,1
2026-03-31,dmi,dmi_harmonie_arome_europe,2026-03-30 03:00:00+00:00,2026-03-30 07:00:00+00:00,2026-03-30 09:00:00+00:00,1
2026-03-31,arpege_europe,meteofrance_arpege_europe,2026-03-30 00:00:00+00:00,2026-03-30 05:00:00+00:00,2026-03-30 09:00:00+00:00,1
2026-03-31,ukmo_global,ukmo_global_deterministic_10km,2026-03-30 00:00:00+00:00,2026-03-30 06:00:00+00:00,2026-03-30 09:00:00+00:00,1
2026-03-31,cma_grapes,cma_grapes_global,2026-03-30 00:00:00+00:00,2026-03-30 06:00:00+00:00,2026-03-30 09:00:00+00:00,1
2026-04-01,gfs,gfs_global,2026-03-31 00:00:00+00:00,2026-03-31 06:00:00+00:00,2026-03-31 09:00:00+00:00,1
2026-04-01,icon_eu,icon_eu,2026-03-31 00:00:00+00:00,2026-03-31 04:00:00+00:00,2026-03-31 09:00:00+00:00,1
2026-04-01,ecmwf,ecmwf_ifs025,2026-03-31 00:00:00+00:00,2026-03-31 06:00:00+00:00,2026-03-31 09:00:00+00:00,1
2026-04-01,dmi,dmi_harmonie_arome_europe,2026-03-31 03:00:00+00:00,2026-03-31 07:00:00+00:00,2026-03-31 09:00:00+00:00,1
2026-04-01,arpege_europe,meteofrance_arpege_europe,2026-03-31 00:00:00+00:00,2026-03-31 05:00:00+00:00,2026-03-31 09:00:00+00:00,1
2026-04-01,ukmo_global,ukmo_global_deterministic_10km,2026-03-31 00:00:00+00:00,2026-03-31 06:00:00+00:00,2026-03-31 09:00:00+00:00,1
2026-04-01,cma_grapes,cma_grapes_global,2026-03-31 00:00:00+00:00,2026-03-31 06:00:00+00:00,2026-03-31 09:00:00+00:00,1
2026-04-02,gfs,gfs_global,2026-04-01 00:00:00+00:00,2026-04-01 06:00:00+00:00,2026-04-01 09:00:00+00:00,1
2026-04-02,icon_eu,icon_eu,2026-04-01 00:00:00+00:00,2026-04-01 04:00:00+00:00,2026-04-01 09:00:00+00:00,1
2026-04-02,ecmwf,ecmwf_ifs025,2026-04-01 00:00:00+00:00,2026-04-01 06:00:00+00:00,2026-04-01 09:00:00+00:00,1
2026-04-02,dmi,dmi_harmonie_arome_europe,2026-04-01 03:00:00+00:00,2026-04-01 07:00:00+00:00,2026-04-01 09:00:00+00:00,1
2026-04-02,arpege_europe,meteofrance_arpege_europe,2026-04-01 00:00:00+00:00,2026-04-01 05:00:00+00:00,2026-04-01 09:00:00+00:00,1
2026-04-02,ukmo_global,ukmo_global_deterministic_10km,2026-04-01 00:00:00+00:00,2026-04-01 06:00:00+00:00,2026-04-01 09:00:00+00:00,1
2026-04-02,cma_grapes,cma_grapes_global,2026-04-01 00:00:00+00:00,2026-04-01 06:00:00+00:00,2026-04-01 09:00:00+00:00,1
2026-04-03,gfs,gfs_global,2026-04-02 00:00:00+00:00,2026-04-02 06:00:00+00:00,2026-04-02 09:00:00+00:00,1
2026-04-03,icon_eu,icon_eu,2026-04-02 00:00:00+00:00,2026-04-02 04:00:00+00:00,2026-04-02 09:00:00+00:00,1
2026-04-03,ecmwf,ecmwf_ifs025,2026-04-02 00:00:00+00:00,2026-04-02 06:00:00+00:00,2026-04-02 09:00:00+00:00,1
2026-04-03,dmi,dmi_harmonie_arome_europe,2026-04-02 03:00:00+00:00,2026-04-02 07:00:00+00:00,2026-04-02 09:00:00+00:00,1
2026-04-03,arpege_europe,meteofrance_arpege_europe,2026-04-02 00:00:00+00:00,2026-04-02 05:00:00+00:00,2026-04-02 09:00:00+00:00,1
2026-04-03,ukmo_global,ukmo_global_deterministic_10km,2026-04-02 00:00:00+00:00,2026-04-02 06:00:00+00:00,2026-04-02 09:00:00+00:00,1
2026-04-03,cma_grapes,cma_grapes_global,2026-04-02 00:00:00+00:00,2026-04-02 06:00:00+00:00,2026-04-02 09:00:00+00:00,1
2026-04-04,gfs,gfs_global,2026-04-03 00:00:00+00:00,2026-04-03 06:00:00+00:00,2026-04-03 09:00:00+00:00,1
2026-04-04,icon_eu,icon_eu,2026-04-03 00:00:00+00:00,2026-04-03 04:00:00+00:00,2026-04-03 09:00:00+00:00,1
2026-04-04,ecmwf,ecmwf_ifs025,2026-04-03 00:00:00+00:00,2026-04-03 06:00:00+00:00,2026-04-03 09:00:00+00:00,1
2026-04-04,dmi,dmi_harmonie_arome_europe,2026-04-03 03:00:00+00:00,2026-04-03 07:00:00+00:00,2026-04-03 09:00:00+00:00,1
2026-04-04,arpege_europe,meteofrance_arpege_europe,2026-04-03 00:00:00+00:00,2026-04-03 05:00:00+00:00,2026-04-03 09:00:00+00:00,1
2026-04-04,ukmo_global,ukmo_global_deterministic_10km,2026-04-03 00:00:00+00:00,2026-04-03 06:00:00+00:00,2026-04-03 09:00:00+00:00,1
2026-04-04,cma_grapes,cma_grapes_global,2026-04-03 00:00:00+00:00,2026-04-03 06:00:00+00:00,2026-04-03 09:00:00+00:00,1
2026-04-05,gfs,gfs_global,2026-04-04 00:00:00+00:00,2026-04-04 06:00:00+00:00,2026-04-04 09:00:00+00:00,1
2026-04-05,icon_eu,icon_eu,2026-04-04 00:00:00+00:00,2026-04-04 04:00:00+00:00,2026-04-04 09:00:00+00:00,1
2026-04-05,ecmwf,ecmwf_ifs025,2026-04-04 00:00:00+00:00,2026-04-04 06:00:00+00:00,2026-04-04 09:00:00+00:00,1
2026-04-05,dmi,dmi_harmonie_arome_europe,2026-04-04 03:00:00+00:00,2026-04-04 07:00:00+00:00,2026-04-04 09:00:00+00:00,1
2026-04-05,arpege_europe,meteofrance_arpege_europe,2026-04-04 00:00:00+00:00,2026-04-04 05:00:00+00:00,2026-04-04 09:00:00+00:00,1
2026-04-05,ukmo_global,ukmo_global_deterministic_10km,2026-04-04 00:00:00+00:00,2026-04-04 06:00:00+00:00,2026-04-04 09:00:00+00:00,1
2026-04-05,cma_grapes,cma_grapes_global,2026-04-04 00:00:00+00:00,2026-04-04 06:00:00+00:00,2026-04-04 09:00:00+00:00,1
2026-04-06,gfs,gfs_global,2026-04-05 00:00:00+00:00,2026-04-05 06:00:00+00:00,2026-04-05 09:00:00+00:00,1
2026-04-06,icon_eu,icon_eu,2026-04-05 00:00:00+00:00,2026-04-05 04:00:00+00:00,2026-04-05 09:00:00+00:00,1
2026-04-06,ecmwf,ecmwf_ifs025,2026-04-05 00:00:00+00:00,2026-04-05 06:00:00+00:00,2026-04-05 09:00:00+00:00,1
2026-04-06,dmi,dmi_harmonie_arome_europe,2026-04-05 03:00:00+00:00,2026-04-05 07:00:00+00:00,2026-04-05 09:00:00+00:00,1
2026-04-06,arpege_europe,meteofrance_arpege_europe,2026-04-05 00:00:00+00:00,2026-04-05 05:00:00+00:00,2026-04-05 09:00:00+00:00,1
2026-04-06,ukmo_global,ukmo_global_deterministic_10km,2026-04-05 00:00:00+00:00,2026-04-05 06:00:00+00:00,2026-04-05 09:00:00+00:00,1
2026-04-06,cma_grapes,cma_grapes_global,2026-04-05 00:00:00+00:00,2026-04-05 06:00:00+00:00,2026-04-05 09:00:00+00:00,1
2026-04-07,gfs,gfs_global,2026-04-06 00:00:00+00:00,2026-04-06 06:00:00+00:00,2026-04-06 09:00:00+00:00,1
2026-04-07,icon_eu,icon_eu,2026-04-06 00:00:00+00:00,2026-04-06 04:00:00+00:00,2026-04-06 09:00:00+00:00,1
2026-04-07,ecmwf,ecmwf_ifs025,2026-04-06 00:00:00+00:00,2026-04-06 06:00:00+00:00,2026-04-06 09:00:00+00:00,1
2026-04-07,dmi,dmi_harmonie_arome_europe,2026-04-06 03:00:00+00:00,2026-04-06 07:00:00+00:00,2026-04-06 09:00:00+00:00,1
2026-04-07,arpege_europe,meteofrance_arpege_europe,2026-04-06 00:00:00+00:00,2026-04-06 05:00:00+00:00,2026-04-06 09:00:00+00:00,1
2026-04-07,ukmo_global,ukmo_global_deterministic_10km,2026-04-06 00:00:00+00:00,2026-04-06 06:00:00+00:00,2026-04-06 09:00:00+00:00,1
2026-04-07,cma_grapes,cma_grapes_global,2026-04-06 00:00:00+00:00,2026-04-06 06:00:00+00:00,2026-04-06 09:00:00+00:00,1
2026-04-08,gfs,gfs_global,2026-04-07 00:00:00+00:00,2026-04-07 06:00:00+00:00,2026-04-07 09:00:00+00:00,1
2026-04-08,icon_eu,icon_eu,2026-04-07 00:00:00+00:00,2026-04-07 04:00:00+00:00,2026-04-07 09:00:00+00:00,1
2026-04-08,ecmwf,ecmwf_ifs025,2026-04-07 00:00:00+00:00,2026-04-07 06:00:00+00:00,2026-04-07 09:00:00+00:00,1
2026-04-08,dmi,dmi_harmonie_arome_europe,2026-04-07 03:00:00+00:00,2026-04-07 07:00:00+00:00,2026-04-07 09:00:00+00:00,1
2026-04-08,arpege_europe,meteofrance_arpege_europe,2026-04-07 00:00:00+00:00,2026-04-07 05:00:00+00:00,2026-04-07 09:00:00+00:00,1
2026-04-08,ukmo_global,ukmo_global_deterministic_10km,2026-04-07 00:00:00+00:00,2026-04-07 06:00:00+00:00,2026-04-07 09:00:00+00:00,1
2026-04-08,cma_grapes,cma_grapes_global,2026-04-07 00:00:00+00:00,2026-04-07 06:00:00+00:00,2026-04-07 09:00:00+00:00,1
2026-04-09,gfs,gfs_global,2026-04-08 00:00:00+00:00,2026-04-08 06:00:00+00:00,2026-04-08 09:00:00+00:00,1
2026-04-09,icon_eu,icon_eu,2026-04-08 00:00:00+00:00,2026-04-08 04:00:00+00:00,2026-04-08 09:00:00+00:00,1
2026-04-09,ecmwf,ecmwf_ifs025,2026-04-08 00:00:00+00:00,2026-04-08 06:00:00+00:00,2026-04-08 09:00:00+00:00,1
2026-04-09,dmi,dmi_harmonie_arome_europe,2026-04-08 03:00:00+00:00,2026-04-08 07:00:00+00:00,2026-04-08 09:00:00+00:00,1
2026-04-09,arpege_europe,meteofrance_arpege_europe,2026-04-08 00:00:00+00:00,2026-04-08 05:00:00+00:00,2026-04-08 09:00:00+00:00,1
2026-04-09,ukmo_global,ukmo_global_deterministic_10km,2026-04-08 00:00:00+00:00,2026-04-08 06:00:00+00:00,2026-04-08 09:00:00+00:00,1
2026-04-09,cma_grapes,cma_grapes_global,2026-04-08 00:00:00+00:00,2026-04-08 06:00:00+00:00,2026-04-08 09:00:00+00:00,1
2026-04-10,gfs,gfs_global,2026-04-09 00:00:00+00:00,2026-04-09 06:00:00+00:00,2026-04-09 09:00:00+00:00,1
2026-04-10,icon_eu,icon_eu,2026-04-09 00:00:00+00:00,2026-04-09 04:00:00+00:00,2026-04-09 09:00:00+00:00,1
2026-04-10,ecmwf,ecmwf_ifs025,2026-04-09 00:00:00+00:00,2026-04-09 06:00:00+00:00,2026-04-09 09:00:00+00:00,1
2026-04-10,dmi,dmi_harmonie_arome_europe,2026-04-09 03:00:00+00:00,2026-04-09 07:00:00+00:00,2026-04-09 09:00:00+00:00,1
2026-04-10,arpege_europe,meteofrance_arpege_europe,2026-04-09 00:00:00+00:00,2026-04-09 05:00:00+00:00,2026-04-09 09:00:00+00:00,1
2026-04-10,ukmo_global,ukmo_global_deterministic_10km,2026-04-09 00:00:00+00:00,2026-04-09 06:00:00+00:00,2026-04-09 09:00:00+00:00,1
2026-04-10,cma_grapes,cma_grapes_global,2026-04-09 00:00:00+00:00,2026-04-09 06:00:00+00:00,2026-04-09 09:00:00+00:00,1
2026-04-11,gfs,gfs_global,2026-04-10 00:00:00+00:00,2026-04-10 06:00:00+00:00,2026-04-10 09:00:00+00:00,1
2026-04-11,icon_eu,icon_eu,2026-04-10 00:00:00+00:00,2026-04-10 04:00:00+00:00,2026-04-10 09:00:00+00:00,1
2026-04-11,ecmwf,ecmwf_ifs025,2026-04-10 00:00:00+00:00,2026-04-10 06:00:00+00:00,2026-04-10 09:00:00+00:00,1
2026-04-11,dmi,dmi_harmonie_arome_europe,2026-04-10 03:00:00+00:00,2026-04-10 07:00:00+00:00,2026-04-10 09:00:00+00:00,1
2026-04-11,arpege_europe,meteofrance_arpege_europe,2026-04-10 00:00:00+00:00,2026-04-10 05:00:00+00:00,2026-04-10 09:00:00+00:00,1
2026-04-11,ukmo_global,ukmo_global_deterministic_10km,2026-04-10 00:00:00+00:00,2026-04-10 06:00:00+00:00,2026-04-10 09:00:00+00:00,1
2026-04-11,cma_grapes,cma_grapes_global,2026-04-10 00:00:00+00:00,2026-04-10 06:00:00+00:00,2026-04-10 09:00:00+00:00,1
2026-04-12,gfs,gfs_global,2026-04-11 00:00:00+00:00,2026-04-11 06:00:00+00:00,2026-04-11 09:00:00+00:00,1
2026-04-12,icon_eu,icon_eu,2026-04-11 00:00:00+00:00,2026-04-11 04:00:00+00:00,2026-04-11 09:00:00+00:00,1
2026-04-12,ecmwf,ecmwf_ifs025,2026-04-11 00:00:00+00:00,2026-04-11 06:00:00+00:00,2026-04-11 09:00:00+00:00,1
2026-04-12,dmi,dmi_harmonie_arome_europe,2026-04-11 03:00:00+00:00,2026-04-11 07:00:00+00:00,2026-04-11 09:00:00+00:00,1
2026-04-12,arpege_europe,meteofrance_arpege_europe,2026-04-11 00:00:00+00:00,2026-04-11 05:00:00+00:00,2026-04-11 09:00:00+00:00,1
2026-04-12,ukmo_global,ukmo_global_deterministic_10km,2026-04-11 00:00:00+00:00,2026-04-11 06:00:00+00:00,2026-04-11 09:00:00+00:00,1
2026-04-12,cma_grapes,cma_grapes_global,2026-04-11 00:00:00+00:00,2026-04-11 06:00:00+00:00,2026-04-11 09:00:00+00:00,1
2026-04-13,gfs,gfs_global,2026-04-12 00:00:00+00:00,2026-04-12 06:00:00+00:00,2026-04-12 09:00:00+00:00,1
2026-04-13,icon_eu,icon_eu,2026-04-12 00:00:00+00:00,2026-04-12 04:00:00+00:00,2026-04-12 09:00:00+00:00,1
2026-04-13,ecmwf,ecmwf_ifs025,2026-04-12 00:00:00+00:00,2026-04-12 06:00:00+00:00,2026-04-12 09:00:00+00:00,1
2026-04-13,dmi,dmi_harmonie_arome_europe,2026-04-12 03:00:00+00:00,2026-04-12 07:00:00+00:00,2026-04-12 09:00:00+00:00,1
2026-04-13,arpege_europe,meteofrance_arpege_europe,2026-04-12 00:00:00+00:00,2026-04-12 05:00:00+00:00,2026-04-12 09:00:00+00:00,1
2026-04-13,ukmo_global,ukmo_global_deterministic_10km,2026-04-12 00:00:00+00:00,2026-04-12 06:00:00+00:00,2026-04-12 09:00:00+00:00,1
2026-04-13,cma_grapes,cma_grapes_global,2026-04-12 00:00:00+00:00,2026-04-12 06:00:00+00:00,2026-04-12 09:00:00+00:00,1
2026-04-14,gfs,gfs_global,2026-04-13 00:00:00+00:00,2026-04-13 06:00:00+00:00,2026-04-13 09:00:00+00:00,1
2026-04-14,icon_eu,icon_eu,2026-04-13 00:00:00+00:00,2026-04-13 04:00:00+00:00,2026-04-13 09:00:00+00:00,1
2026-04-14,ecmwf,ecmwf_ifs025,2026-04-13 00:00:00+00:00,2026-04-13 06:00:00+00:00,2026-04-13 09:00:00+00:00,1
2026-04-14,dmi,dmi_harmonie_arome_europe,2026-04-13 03:00:00+00:00,2026-04-13 07:00:00+00:00,2026-04-13 09:00:00+00:00,1
2026-04-14,arpege_europe,meteofrance_arpege_europe,2026-04-13 00:00:00+00:00,2026-04-13 05:00:00+00:00,2026-04-13 09:00:00+00:00,1
2026-04-14,ukmo_global,ukmo_global_deterministic_10km,2026-04-13 00:00:00+00:00,2026-04-13 06:00:00+00:00,2026-04-13 09:00:00+00:00,1
2026-04-14,cma_grapes,cma_grapes_global,2026-04-13 00:00:00+00:00,2026-04-13 06:00:00+00:00,2026-04-13 09:00:00+00:00,1
2026-04-15,gfs,gfs_global,2026-04-14 00:00:00+00:00,2026-04-14 06:00:00+00:00,2026-04-14 09:00:00+00:00,1
2026-04-15,icon_eu,icon_eu,2026-04-14 00:00:00+00:00,2026-04-14 04:00:00+00:00,2026-04-14 09:00:00+00:00,1
2026-04-15,ecmwf,ecmwf_ifs025,2026-04-14 00:00:00+00:00,2026-04-14 06:00:00+00:00,2026-04-14 09:00:00+00:00,1
2026-04-15,dmi,dmi_harmonie_arome_europe,2026-04-14 03:00:00+00:00,2026-04-14 07:00:00+00:00,2026-04-14 09:00:00+00:00,1
2026-04-15,arpege_europe,meteofrance_arpege_europe,2026-04-14 00:00:00+00:00,2026-04-14 05:00:00+00:00,2026-04-14 09:00:00+00:00,1
2026-04-15,ukmo_global,ukmo_global_deterministic_10km,2026-04-14 00:00:00+00:00,2026-04-14 06:00:00+00:00,2026-04-14 09:00:00+00:00,1
2026-04-15,cma_grapes,cma_grapes_global,2026-04-14 00:00:00+00:00,2026-04-14 06:00:00+00:00,2026-04-14 09:00:00+00:00,1
2026-04-16,gfs,gfs_global,2026-04-15 00:00:00+00:00,2026-04-15 06:00:00+00:00,2026-04-15 09:00:00+00:00,1
2026-04-16,icon_eu,icon_eu,2026-04-15 00:00:00+00:00,2026-04-15 04:00:00+00:00,2026-04-15 09:00:00+00:00,1
2026-04-16,ecmwf,ecmwf_ifs025,2026-04-15 00:00:00+00:00,2026-04-15 06:00:00+00:00,2026-04-15 09:00:00+00:00,1
2026-04-16,dmi,dmi_harmonie_arome_europe,2026-04-15 03:00:00+00:00,2026-04-15 07:00:00+00:00,2026-04-15 09:00:00+00:00,1
2026-04-16,arpege_europe,meteofrance_arpege_europe,2026-04-15 00:00:00+00:00,2026-04-15 05:00:00+00:00,2026-04-15 09:00:00+00:00,1
2026-04-16,ukmo_global,ukmo_global_deterministic_10km,2026-04-15 00:00:00+00:00,2026-04-15 06:00:00+00:00,2026-04-15 09:00:00+00:00,1
2026-04-16,cma_grapes,cma_grapes_global,2026-04-15 00:00:00+00:00,2026-04-15 06:00:00+00:00,2026-04-15 09:00:00+00:00,1
2026-04-17,gfs,gfs_global,2026-04-16 00:00:00+00:00,2026-04-16 06:00:00+00:00,2026-04-16 09:00:00+00:00,1
2026-04-17,icon_eu,icon_eu,2026-04-16 00:00:00+00:00,2026-04-16 04:00:00+00:00,2026-04-16 09:00:00+00:00,1
2026-04-17,ecmwf,ecmwf_ifs025,2026-04-16 00:00:00+00:00,2026-04-16 06:00:00+00:00,2026-04-16 09:00:00+00:00,1
2026-04-17,dmi,dmi_harmonie_arome_europe,2026-04-16 03:00:00+00:00,2026-04-16 07:00:00+00:00,2026-04-16 09:00:00+00:00,1
2026-04-17,arpege_europe,meteofrance_arpege_europe,2026-04-16 00:00:00+00:00,2026-04-16 05:00:00+00:00,2026-04-16 09:00:00+00:00,1
2026-04-17,ukmo_global,ukmo_global_deterministic_10km,2026-04-16 00:00:00+00:00,2026-04-16 06:00:00+00:00,2026-04-16 09:00:00+00:00,1
2026-04-17,cma_grapes,cma_grapes_global,2026-04-16 00:00:00+00:00,2026-04-16 06:00:00+00:00,2026-04-16 09:00:00+00:00,1
2026-04-18,gfs,gfs_global,2026-04-17 00:00:00+00:00,2026-04-17 06:00:00+00:00,2026-04-17 09:00:00+00:00,1
2026-04-18,icon_eu,icon_eu,2026-04-17 00:00:00+00:00,2026-04-17 04:00:00+00:00,2026-04-17 09:00:00+00:00,1
2026-04-18,ecmwf,ecmwf_ifs025,2026-04-17 00:00:00+00:00,2026-04-17 06:00:00+00:00,2026-04-17 09:00:00+00:00,1
2026-04-18,dmi,dmi_harmonie_arome_europe,2026-04-17 03:00:00+00:00,2026-04-17 07:00:00+00:00,2026-04-17 09:00:00+00:00,1
2026-04-18,arpege_europe,meteofrance_arpege_europe,2026-04-17 00:00:00+00:00,2026-04-17 05:00:00+00:00,2026-04-17 09:00:00+00:00,1
2026-04-18,ukmo_global,ukmo_global_deterministic_10km,2026-04-17 00:00:00+00:00,2026-04-17 06:00:00+00:00,2026-04-17 09:00:00+00:00,1
2026-04-18,cma_grapes,cma_grapes_global,2026-04-17 00:00:00+00:00,2026-04-17 06:00:00+00:00,2026-04-17 09:00:00+00:00,1
2026-04-19,gfs,gfs_global,2026-04-18 00:00:00+00:00,2026-04-18 06:00:00+00:00,2026-04-18 09:00:00+00:00,1
2026-04-19,icon_eu,icon_eu,2026-04-18 00:00:00+00:00,2026-04-18 04:00:00+00:00,2026-04-18 09:00:00+00:00,1
2026-04-19,ecmwf,ecmwf_ifs025,2026-04-18 00:00:00+00:00,2026-04-18 06:00:00+00:00,2026-04-18 09:00:00+00:00,1
2026-04-19,dmi,dmi_harmonie_arome_europe,2026-04-18 03:00:00+00:00,2026-04-18 07:00:00+00:00,2026-04-18 09:00:00+00:00,1
2026-04-19,arpege_europe,meteofrance_arpege_europe,2026-04-18 00:00:00+00:00,2026-04-18 05:00:00+00:00,2026-04-18 09:00:00+00:00,1
2026-04-19,ukmo_global,ukmo_global_deterministic_10km,2026-04-18 00:00:00+00:00,2026-04-18 06:00:00+00:00,2026-04-18 09:00:00+00:00,1
2026-04-19,cma_grapes,cma_grapes_global,2026-04-18 00:00:00+00:00,2026-04-18 06:00:00+00:00,2026-04-18 09:00:00+00:00,1
2026-04-20,gfs,gfs_global,2026-04-19 00:00:00+00:00,2026-04-19 06:00:00+00:00,2026-04-19 09:00:00+00:00,1
2026-04-20,icon_eu,icon_eu,2026-04-19 00:00:00+00:00,2026-04-19 04:00:00+00:00,2026-04-19 09:00:00+00:00,1
2026-04-20,ecmwf,ecmwf_ifs025,2026-04-19 00:00:00+00:00,2026-04-19 06:00:00+00:00,2026-04-19 09:00:00+00:00,1
2026-04-20,dmi,dmi_harmonie_arome_europe,2026-04-19 03:00:00+00:00,2026-04-19 07:00:00+00:00,2026-04-19 09:00:00+00:00,1
2026-04-20,arpege_europe,meteofrance_arpege_europe,2026-04-19 00:00:00+00:00,2026-04-19 05:00:00+00:00,2026-04-19 09:00:00+00:00,1
2026-04-20,ukmo_global,ukmo_global_deterministic_10km,2026-04-19 00:00:00+00:00,2026-04-19 06:00:00+00:00,2026-04-19 09:00:00+00:00,1
2026-04-20,cma_grapes,cma_grapes_global,2026-04-19 00:00:00+00:00,2026-04-19 06:00:00+00:00,2026-04-19 09:00:00+00:00,1
2026-04-21,gfs,gfs_global,2026-04-20 00:00:00+00:00,2026-04-20 06:00:00+00:00,2026-04-20 09:00:00+00:00,1
2026-04-21,icon_eu,icon_eu,2026-04-20 00:00:00+00:00,2026-04-20 04:00:00+00:00,2026-04-20 09:00:00+00:00,1
2026-04-21,ecmwf,ecmwf_ifs025,2026-04-20 00:00:00+00:00,2026-04-20 06:00:00+00:00,2026-04-20 09:00:00+00:00,1
2026-04-21,dmi,dmi_harmonie_arome_europe,2026-04-20 03:00:00+00:00,2026-04-20 07:00:00+00:00,2026-04-20 09:00:00+00:00,1
2026-04-21,arpege_europe,meteofrance_arpege_europe,2026-04-20 00:00:00+00:00,2026-04-20 05:00:00+00:00,2026-04-20 09:00:00+00:00,1
2026-04-21,ukmo_global,ukmo_global_deterministic_10km,2026-04-20 00:00:00+00:00,2026-04-20 06:00:00+00:00,2026-04-20 09:00:00+00:00,1
2026-04-21,cma_grapes,cma_grapes_global,2026-04-20 00:00:00+00:00,2026-04-20 06:00:00+00:00,2026-04-20 09:00:00+00:00,1
2026-04-22,gfs,gfs_global,2026-04-21 00:00:00+00:00,2026-04-21 06:00:00+00:00,2026-04-21 09:00:00+00:00,1
2026-04-22,icon_eu,icon_eu,2026-04-21 00:00:00+00:00,2026-04-21 04:00:00+00:00,2026-04-21 09:00:00+00:00,1
2026-04-22,ecmwf,ecmwf_ifs025,2026-04-21 00:00:00+00:00,2026-04-21 06:00:00+00:00,2026-04-21 09:00:00+00:00,1
2026-04-22,dmi,dmi_harmonie_arome_europe,2026-04-21 03:00:00+00:00,2026-04-21 07:00:00+00:00,2026-04-21 09:00:00+00:00,1
2026-04-22,arpege_europe,meteofrance_arpege_europe,2026-04-21 00:00:00+00:00,2026-04-21 05:00:00+00:00,2026-04-21 09:00:00+00:00,1
2026-04-22,ukmo_global,ukmo_global_deterministic_10km,2026-04-21 00:00:00+00:00,2026-04-21 06:00:00+00:00,2026-04-21 09:00:00+00:00,1
2026-04-22,cma_grapes,cma_grapes_global,2026-04-21 00:00:00+00:00,2026-04-21 06:00:00+00:00,2026-04-21 09:00:00+00:00,1
2026-04-23,gfs,gfs_global,2026-04-22 00:00:00+00:00,2026-04-22 06:00:00+00:00,2026-04-22 09:00:00+00:00,1
2026-04-23,icon_eu,icon_eu,2026-04-22 00:00:00+00:00,2026-04-22 04:00:00+00:00,2026-04-22 09:00:00+00:00,1
2026-04-23,ecmwf,ecmwf_ifs025,2026-04-22 00:00:00+00:00,2026-04-22 06:00:00+00:00,2026-04-22 09:00:00+00:00,1
2026-04-23,dmi,dmi_harmonie_arome_europe,2026-04-22 03:00:00+00:00,2026-04-22 07:00:00+00:00,2026-04-22 09:00:00+00:00,1
2026-04-23,arpege_europe,meteofrance_arpege_europe,2026-04-22 00:00:00+00:00,2026-04-22 05:00:00+00:00,2026-04-22 09:00:00+00:00,1
2026-04-23,ukmo_global,ukmo_global_deterministic_10km,2026-04-22 00:00:00+00:00,2026-04-22 06:00:00+00:00,2026-04-22 09:00:00+00:00,1
2026-04-23,cma_grapes,cma_grapes_global,2026-04-22 00:00:00+00:00,2026-04-22 06:00:00+00:00,2026-04-22 09:00:00+00:00,1
2026-04-24,gfs,gfs_global,2026-04-23 00:00:00+00:00,2026-04-23 06:00:00+00:00,2026-04-23 09:00:00+00:00,1
2026-04-24,icon_eu,icon_eu,2026-04-23 00:00:00+00:00,2026-04-23 04:00:00+00:00,2026-04-23 09:00:00+00:00,1
2026-04-24,ecmwf,ecmwf_ifs025,2026-04-23 00:00:00+00:00,2026-04-23 06:00:00+00:00,2026-04-23 09:00:00+00:00,1
2026-04-24,dmi,dmi_harmonie_arome_europe,2026-04-23 03:00:00+00:00,2026-04-23 07:00:00+00:00,2026-04-23 09:00:00+00:00,1
2026-04-24,arpege_europe,meteofrance_arpege_europe,2026-04-23 00:00:00+00:00,2026-04-23 05:00:00+00:00,2026-04-23 09:00:00+00:00,1
2026-04-24,ukmo_global,ukmo_global_deterministic_10km,2026-04-23 00:00:00+00:00,2026-04-23 06:00:00+00:00,2026-04-23 09:00:00+00:00,1
2026-04-24,cma_grapes,cma_grapes_global,2026-04-23 00:00:00+00:00,2026-04-23 06:00:00+00:00,2026-04-23 09:00:00+00:00,1
2026-04-25,gfs,gfs_global,2026-04-24 00:00:00+00:00,2026-04-24 06:00:00+00:00,2026-04-24 09:00:00+00:00,1
2026-04-25,icon_eu,icon_eu,2026-04-24 00:00:00+00:00,2026-04-24 04:00:00+00:00,2026-04-24 09:00:00+00:00,1
2026-04-25,ecmwf,ecmwf_ifs025,2026-04-24 00:00:00+00:00,2026-04-24 06:00:00+00:00,2026-04-24 09:00:00+00:00,1
2026-04-25,dmi,dmi_harmonie_arome_europe,2026-04-24 03:00:00+00:00,2026-04-24 07:00:00+00:00,2026-04-24 09:00:00+00:00,1
2026-04-25,arpege_europe,meteofrance_arpege_europe,2026-04-24 00:00:00+00:00,2026-04-24 05:00:00+00:00,2026-04-24 09:00:00+00:00,1
2026-04-25,ukmo_global,ukmo_global_deterministic_10km,2026-04-24 00:00:00+00:00,2026-04-24 06:00:00+00:00,2026-04-24 09:00:00+00:00,1
2026-04-25,cma_grapes,cma_grapes_global,2026-04-24 00:00:00+00:00,2026-04-24 06:00:00+00:00,2026-04-24 09:00:00+00:00,1
2026-04-26,gfs,gfs_global,2026-04-25 00:00:00+00:00,2026-04-25 06:00:00+00:00,2026-04-25 09:00:00+00:00,1
2026-04-26,icon_eu,icon_eu,2026-04-25 00:00:00+00:00,2026-04-25 04:00:00+00:00,2026-04-25 09:00:00+00:00,1
2026-04-26,ecmwf,ecmwf_ifs025,2026-04-25 00:00:00+00:00,2026-04-25 06:00:00+00:00,2026-04-25 09:00:00+00:00,1
2026-04-26,dmi,dmi_harmonie_arome_europe,2026-04-25 03:00:00+00:00,2026-04-25 07:00:00+00:00,2026-04-25 09:00:00+00:00,1
2026-04-26,arpege_europe,meteofrance_arpege_europe,2026-04-25 00:00:00+00:00,2026-04-25 05:00:00+00:00,2026-04-25 09:00:00+00:00,1
2026-04-26,ukmo_global,ukmo_global_deterministic_10km,2026-04-25 00:00:00+00:00,2026-04-25 06:00:00+00:00,2026-04-25 09:00:00+00:00,1
2026-04-26,cma_grapes,cma_grapes_global,2026-04-25 00:00:00+00:00,2026-04-25 06:00:00+00:00,2026-04-25 09:00:00+00:00,1
2026-04-27,gfs,gfs_global,2026-04-26 00:00:00+00:00,2026-04-26 06:00:00+00:00,2026-04-26 09:00:00+00:00,1
2026-04-27,icon_eu,icon_eu,2026-04-26 00:00:00+00:00,2026-04-26 04:00:00+00:00,2026-04-26 09:00:00+00:00,1
2026-04-27,ecmwf,ecmwf_ifs025,2026-04-26 00:00:00+00:00,2026-04-26 06:00:00+00:00,2026-04-26 09:00:00+00:00,1
2026-04-27,dmi,dmi_harmonie_arome_europe,2026-04-26 03:00:00+00:00,2026-04-26 07:00:00+00:00,2026-04-26 09:00:00+00:00,1
2026-04-27,arpege_europe,meteofrance_arpege_europe,2026-04-26 00:00:00+00:00,2026-04-26 05:00:00+00:00,2026-04-26 09:00:00+00:00,1
2026-04-27,ukmo_global,ukmo_global_deterministic_10km,2026-04-26 00:00:00+00:00,2026-04-26 06:00:00+00:00,2026-04-26 09:00:00+00:00,1
2026-04-27,cma_grapes,cma_grapes_global,2026-04-26 00:00:00+00:00,2026-04-26 06:00:00+00:00,2026-04-26 09:00:00+00:00,1
2026-04-28,gfs,gfs_global,2026-04-27 00:00:00+00:00,2026-04-27 06:00:00+00:00,2026-04-27 09:00:00+00:00,1
2026-04-28,icon_eu,icon_eu,2026-04-27 00:00:00+00:00,2026-04-27 04:00:00+00:00,2026-04-27 09:00:00+00:00,1
2026-04-28,ecmwf,ecmwf_ifs025,2026-04-27 00:00:00+00:00,2026-04-27 06:00:00+00:00,2026-04-27 09:00:00+00:00,1
2026-04-28,dmi,dmi_harmonie_arome_europe,2026-04-27 03:00:00+00:00,2026-04-27 07:00:00+00:00,2026-04-27 09:00:00+00:00,1
2026-04-28,arpege_europe,meteofrance_arpege_europe,2026-04-27 00:00:00+00:00,2026-04-27 05:00:00+00:00,2026-04-27 09:00:00+00:00,1
2026-04-28,ukmo_global,ukmo_global_deterministic_10km,2026-04-27 00:00:00+00:00,2026-04-27 06:00:00+00:00,2026-04-27 09:00:00+00:00,1
2026-04-28,cma_grapes,cma_grapes_global,2026-04-27 00:00:00+00:00,2026-04-27 06:00:00+00:00,2026-04-27 09:00:00+00:00,1
2026-04-29,gfs,gfs_global,2026-04-28 00:00:00+00:00,2026-04-28 06:00:00+00:00,2026-04-28 09:00:00+00:00,1
2026-04-29,icon_eu,icon_eu,2026-04-28 00:00:00+00:00,2026-04-28 04:00:00+00:00,2026-04-28 09:00:00+00:00,1
2026-04-29,ecmwf,ecmwf_ifs025,2026-04-28 00:00:00+00:00,2026-04-28 06:00:00+00:00,2026-04-28 09:00:00+00:00,1
2026-04-29,dmi,dmi_harmonie_arome_europe,2026-04-28 03:00:00+00:00,2026-04-28 07:00:00+00:00,2026-04-28 09:00:00+00:00,1
2026-04-29,arpege_europe,meteofrance_arpege_europe,2026-04-28 00:00:00+00:00,2026-04-28 05:00:00+00:00,2026-04-28 09:00:00+00:00,1
2026-04-29,ukmo_global,ukmo_global_deterministic_10km,2026-04-28 00:00:00+00:00,2026-04-28 06:00:00+00:00,2026-04-28 09:00:00+00:00,1
2026-04-29,cma_grapes,cma_grapes_global,2026-04-28 00:00:00+00:00,2026-04-28 06:00:00+00:00,2026-04-28 09:00:00+00:00,1
2026-04-30,gfs,gfs_global,2026-04-29 00:00:00+00:00,2026-04-29 06:00:00+00:00,2026-04-29 09:00:00+00:00,1
2026-04-30,icon_eu,icon_eu,2026-04-29 00:00:00+00:00,2026-04-29 04:00:00+00:00,2026-04-29 09:00:00+00:00,1
2026-04-30,ecmwf,ecmwf_ifs025,2026-04-29 00:00:00+00:00,2026-04-29 06:00:00+00:00,2026-04-29 09:00:00+00:00,1
2026-04-30,dmi,dmi_harmonie_arome_europe,2026-04-29 03:00:00+00:00,2026-04-29 07:00:00+00:00,2026-04-29 09:00:00+00:00,1
2026-04-30,arpege_europe,meteofrance_arpege_europe,2026-04-29 00:00:00+00:00,2026-04-29 05:00:00+00:00,2026-04-29 09:00:00+00:00,1
2026-04-30,ukmo_global,ukmo_global_deterministic_10km,2026-04-29 00:00:00+00:00,2026-04-29 06:00:00+00:00,2026-04-29 09:00:00+00:00,1
2026-04-30,cma_grapes,cma_grapes_global,2026-04-29 00:00:00+00:00,2026-04-29 06:00:00+00:00,2026-04-29 09:00:00+00:00,1
2026-05-01,gfs,gfs_global,2026-04-30 00:00:00+00:00,2026-04-30 06:00:00+00:00,2026-04-30 09:00:00+00:00,1
2026-05-01,icon_eu,icon_eu,2026-04-30 00:00:00+00:00,2026-04-30 04:00:00+00:00,2026-04-30 09:00:00+00:00,1
2026-05-01,ecmwf,ecmwf_ifs025,2026-04-30 00:00:00+00:00,2026-04-30 06:00:00+00:00,2026-04-30 09:00:00+00:00,1
2026-05-01,dmi,dmi_harmonie_arome_europe,2026-04-30 03:00:00+00:00,2026-04-30 07:00:00+00:00,2026-04-30 09:00:00+00:00,1
2026-05-01,arpege_europe,meteofrance_arpege_europe,2026-04-30 00:00:00+00:00,2026-04-30 05:00:00+00:00,2026-04-30 09:00:00+00:00,1
2026-05-01,ukmo_global,ukmo_global_deterministic_10km,2026-04-30 00:00:00+00:00,2026-04-30 06:00:00+00:00,2026-04-30 09:00:00+00:00,1
2026-05-01,cma_grapes,cma_grapes_global,2026-04-30 00:00:00+00:00,2026-04-30 06:00:00+00:00,2026-04-30 09:00:00+00:00,1
2026-05-02,gfs,gfs_global,2026-05-01 00:00:00+00:00,2026-05-01 06:00:00+00:00,2026-05-01 09:00:00+00:00,1
2026-05-02,icon_eu,icon_eu,2026-05-01 00:00:00+00:00,2026-05-01 04:00:00+00:00,2026-05-01 09:00:00+00:00,1
2026-05-02,ecmwf,ecmwf_ifs025,2026-05-01 00:00:00+00:00,2026-05-01 06:00:00+00:00,2026-05-01 09:00:00+00:00,1
2026-05-02,dmi,dmi_harmonie_arome_europe,2026-05-01 03:00:00+00:00,2026-05-01 07:00:00+00:00,2026-05-01 09:00:00+00:00,1
2026-05-02,arpege_europe,meteofrance_arpege_europe,2026-05-01 00:00:00+00:00,2026-05-01 05:00:00+00:00,2026-05-01 09:00:00+00:00,1
2026-05-02,ukmo_global,ukmo_global_deterministic_10km,2026-05-01 00:00:00+00:00,2026-05-01 06:00:00+00:00,2026-05-01 09:00:00+00:00,1
2026-05-02,cma_grapes,cma_grapes_global,2026-05-01 00:00:00+00:00,2026-05-01 06:00:00+00:00,2026-05-01 09:00:00+00:00,1
2026-05-03,gfs,gfs_global,2026-05-02 00:00:00+00:00,2026-05-02 06:00:00+00:00,2026-05-02 09:00:00+00:00,1
2026-05-03,icon_eu,icon_eu,2026-05-02 00:00:00+00:00,2026-05-02 04:00:00+00:00,2026-05-02 09:00:00+00:00,1
2026-05-03,ecmwf,ecmwf_ifs025,2026-05-02 00:00:00+00:00,2026-05-02 06:00:00+00:00,2026-05-02 09:00:00+00:00,1
2026-05-03,dmi,dmi_harmonie_arome_europe,2026-05-02 03:00:00+00:00,2026-05-02 07:00:00+00:00,2026-05-02 09:00:00+00:00,1
2026-05-03,arpege_europe,meteofrance_arpege_europe,2026-05-02 00:00:00+00:00,2026-05-02 05:00:00+00:00,2026-05-02 09:00:00+00:00,1
2026-05-03,ukmo_global,ukmo_global_deterministic_10km,2026-05-02 00:00:00+00:00,2026-05-02 06:00:00+00:00,2026-05-02 09:00:00+00:00,1
2026-05-03,cma_grapes,cma_grapes_global,2026-05-02 00:00:00+00:00,2026-05-02 06:00:00+00:00,2026-05-02 09:00:00+00:00,1
2026-05-04,gfs,gfs_global,2026-05-03 00:00:00+00:00,2026-05-03 06:00:00+00:00,2026-05-03 09:00:00+00:00,1
2026-05-04,icon_eu,icon_eu,2026-05-03 00:00:00+00:00,2026-05-03 04:00:00+00:00,2026-05-03 09:00:00+00:00,1
2026-05-04,ecmwf,ecmwf_ifs025,2026-05-03 00:00:00+00:00,2026-05-03 06:00:00+00:00,2026-05-03 09:00:00+00:00,1
2026-05-04,dmi,dmi_harmonie_arome_europe,2026-05-03 03:00:00+00:00,2026-05-03 07:00:00+00:00,2026-05-03 09:00:00+00:00,1
2026-05-04,arpege_europe,meteofrance_arpege_europe,2026-05-03 00:00:00+00:00,2026-05-03 05:00:00+00:00,2026-05-03 09:00:00+00:00,1
2026-05-04,ukmo_global,ukmo_global_deterministic_10km,2026-05-03 00:00:00+00:00,2026-05-03 06:00:00+00:00,2026-05-03 09:00:00+00:00,1
2026-05-04,cma_grapes,cma_grapes_global,2026-05-03 00:00:00+00:00,2026-05-03 06:00:00+00:00,2026-05-03 09:00:00+00:00,1
2026-05-05,gfs,gfs_global,2026-05-04 00:00:00+00:00,2026-05-04 06:00:00+00:00,2026-05-04 09:00:00+00:00,1
2026-05-05,icon_eu,icon_eu,2026-05-04 00:00:00+00:00,2026-05-04 04:00:00+00:00,2026-05-04 09:00:00+00:00,1
2026-05-05,ecmwf,ecmwf_ifs025,2026-05-04 00:00:00+00:00,2026-05-04 06:00:00+00:00,2026-05-04 09:00:00+00:00,1
2026-05-05,dmi,dmi_harmonie_arome_europe,2026-05-04 03:00:00+00:00,2026-05-04 07:00:00+00:00,2026-05-04 09:00:00+00:00,1
2026-05-05,arpege_europe,meteofrance_arpege_europe,2026-05-04 00:00:00+00:00,2026-05-04 05:00:00+00:00,2026-05-04 09:00:00+00:00,1
2026-05-05,ukmo_global,ukmo_global_deterministic_10km,2026-05-04 00:00:00+00:00,2026-05-04 06:00:00+00:00,2026-05-04 09:00:00+00:00,1
2026-05-05,cma_grapes,cma_grapes_global,2026-05-04 00:00:00+00:00,2026-05-04 06:00:00+00:00,2026-05-04 09:00:00+00:00,1
2026-05-06,gfs,gfs_global,2026-05-05 00:00:00+00:00,2026-05-05 06:00:00+00:00,2026-05-05 09:00:00+00:00,1
2026-05-06,icon_eu,icon_eu,2026-05-05 00:00:00+00:00,2026-05-05 04:00:00+00:00,2026-05-05 09:00:00+00:00,1
2026-05-06,ecmwf,ecmwf_ifs025,2026-05-05 00:00:00+00:00,2026-05-05 06:00:00+00:00,2026-05-05 09:00:00+00:00,1
2026-05-06,dmi,dmi_harmonie_arome_europe,2026-05-05 03:00:00+00:00,2026-05-05 07:00:00+00:00,2026-05-05 09:00:00+00:00,1
2026-05-06,arpege_europe,meteofrance_arpege_europe,2026-05-05 00:00:00+00:00,2026-05-05 05:00:00+00:00,2026-05-05 09:00:00+00:00,1
2026-05-06,ukmo_global,ukmo_global_deterministic_10km,2026-05-05 00:00:00+00:00,2026-05-05 06:00:00+00:00,2026-05-05 09:00:00+00:00,1
2026-05-06,cma_grapes,cma_grapes_global,2026-05-05 00:00:00+00:00,2026-05-05 06:00:00+00:00,2026-05-05 09:00:00+00:00,1
2026-05-07,gfs,gfs_global,2026-05-06 00:00:00+00:00,2026-05-06 06:00:00+00:00,2026-05-06 09:00:00+00:00,1
2026-05-07,icon_eu,icon_eu,2026-05-06 00:00:00+00:00,2026-05-06 04:00:00+00:00,2026-05-06 09:00:00+00:00,1
2026-05-07,ecmwf,ecmwf_ifs025,2026-05-06 00:00:00+00:00,2026-05-06 06:00:00+00:00,2026-05-06 09:00:00+00:00,1
2026-05-07,dmi,dmi_harmonie_arome_europe,2026-05-06 03:00:00+00:00,2026-05-06 07:00:00+00:00,2026-05-06 09:00:00+00:00,1
2026-05-07,arpege_europe,meteofrance_arpege_europe,2026-05-06 00:00:00+00:00,2026-05-06 05:00:00+00:00,2026-05-06 09:00:00+00:00,1
2026-05-07,ukmo_global,ukmo_global_deterministic_10km,2026-05-06 00:00:00+00:00,2026-05-06 06:00:00+00:00,2026-05-06 09:00:00+00:00,1
2026-05-07,cma_grapes,cma_grapes_global,2026-05-06 00:00:00+00:00,2026-05-06 06:00:00+00:00,2026-05-06 09:00:00+00:00,1
2026-05-08,gfs,gfs_global,2026-05-07 00:00:00+00:00,2026-05-07 06:00:00+00:00,2026-05-07 09:00:00+00:00,1
2026-05-08,icon_eu,icon_eu,2026-05-07 00:00:00+00:00,2026-05-07 04:00:00+00:00,2026-05-07 09:00:00+00:00,1
2026-05-08,ecmwf,ecmwf_ifs025,2026-05-07 00:00:00+00:00,2026-05-07 06:00:00+00:00,2026-05-07 09:00:00+00:00,1
2026-05-08,dmi,dmi_harmonie_arome_europe,2026-05-07 03:00:00+00:00,2026-05-07 07:00:00+00:00,2026-05-07 09:00:00+00:00,1
2026-05-08,arpege_europe,meteofrance_arpege_europe,2026-05-07 00:00:00+00:00,2026-05-07 05:00:00+00:00,2026-05-07 09:00:00+00:00,1
2026-05-08,ukmo_global,ukmo_global_deterministic_10km,2026-05-07 00:00:00+00:00,2026-05-07 06:00:00+00:00,2026-05-07 09:00:00+00:00,1
2026-05-08,cma_grapes,cma_grapes_global,2026-05-07 00:00:00+00:00,2026-05-07 06:00:00+00:00,2026-05-07 09:00:00+00:00,1
2026-05-09,gfs,gfs_global,2026-05-08 00:00:00+00:00,2026-05-08 06:00:00+00:00,2026-05-08 09:00:00+00:00,1
2026-05-09,icon_eu,icon_eu,2026-05-08 00:00:00+00:00,2026-05-08 04:00:00+00:00,2026-05-08 09:00:00+00:00,1
2026-05-09,ecmwf,ecmwf_ifs025,2026-05-08 00:00:00+00:00,2026-05-08 06:00:00+00:00,2026-05-08 09:00:00+00:00,1
2026-05-09,dmi,dmi_harmonie_arome_europe,2026-05-08 03:00:00+00:00,2026-05-08 07:00:00+00:00,2026-05-08 09:00:00+00:00,1
2026-05-09,arpege_europe,meteofrance_arpege_europe,2026-05-08 00:00:00+00:00,2026-05-08 05:00:00+00:00,2026-05-08 09:00:00+00:00,1
2026-05-09,ukmo_global,ukmo_global_deterministic_10km,2026-05-08 00:00:00+00:00,2026-05-08 06:00:00+00:00,2026-05-08 09:00:00+00:00,1
2026-05-09,cma_grapes,cma_grapes_global,2026-05-08 00:00:00+00:00,2026-05-08 06:00:00+00:00,2026-05-08 09:00:00+00:00,1
2026-05-10,gfs,gfs_global,2026-05-09 00:00:00+00:00,2026-05-09 06:00:00+00:00,2026-05-09 09:00:00+00:00,1
2026-05-10,icon_eu,icon_eu,2026-05-09 00:00:00+00:00,2026-05-09 04:00:00+00:00,2026-05-09 09:00:00+00:00,1
2026-05-10,ecmwf,ecmwf_ifs025,2026-05-09 00:00:00+00:00,2026-05-09 06:00:00+00:00,2026-05-09 09:00:00+00:00,1
2026-05-10,dmi,dmi_harmonie_arome_europe,2026-05-09 03:00:00+00:00,2026-05-09 07:00:00+00:00,2026-05-09 09:00:00+00:00,1
2026-05-10,arpege_europe,meteofrance_arpege_europe,2026-05-09 00:00:00+00:00,2026-05-09 05:00:00+00:00,2026-05-09 09:00:00+00:00,1
2026-05-10,ukmo_global,ukmo_global_deterministic_10km,2026-05-09 00:00:00+00:00,2026-05-09 06:00:00+00:00,2026-05-09 09:00:00+00:00,1
2026-05-10,cma_grapes,cma_grapes_global,2026-05-09 00:00:00+00:00,2026-05-09 06:00:00+00:00,2026-05-09 09:00:00+00:00,1
2026-05-11,gfs,gfs_global,2026-05-10 00:00:00+00:00,2026-05-10 06:00:00+00:00,2026-05-10 09:00:00+00:00,1
2026-05-11,icon_eu,icon_eu,2026-05-10 00:00:00+00:00,2026-05-10 04:00:00+00:00,2026-05-10 09:00:00+00:00,1
2026-05-11,ecmwf,ecmwf_ifs025,2026-05-10 00:00:00+00:00,2026-05-10 06:00:00+00:00,2026-05-10 09:00:00+00:00,1
2026-05-11,dmi,dmi_harmonie_arome_europe,2026-05-10 03:00:00+00:00,2026-05-10 07:00:00+00:00,2026-05-10 09:00:00+00:00,1
2026-05-11,arpege_europe,meteofrance_arpege_europe,2026-05-10 00:00:00+00:00,2026-05-10 05:00:00+00:00,2026-05-10 09:00:00+00:00,1
2026-05-11,ukmo_global,ukmo_global_deterministic_10km,2026-05-10 00:00:00+00:00,2026-05-10 06:00:00+00:00,2026-05-10 09:00:00+00:00,1
2026-05-11,cma_grapes,cma_grapes_global,2026-05-10 00:00:00+00:00,2026-05-10 06:00:00+00:00,2026-05-10 09:00:00+00:00,1
2026-05-12,gfs,gfs_global,2026-05-11 00:00:00+00:00,2026-05-11 06:00:00+00:00,2026-05-11 09:00:00+00:00,1
2026-05-12,icon_eu,icon_eu,2026-05-11 00:00:00+00:00,2026-05-11 04:00:00+00:00,2026-05-11 09:00:00+00:00,1
2026-05-12,ecmwf,ecmwf_ifs025,2026-05-11 00:00:00+00:00,2026-05-11 06:00:00+00:00,2026-05-11 09:00:00+00:00,1
2026-05-12,dmi,dmi_harmonie_arome_europe,2026-05-11 03:00:00+00:00,2026-05-11 07:00:00+00:00,2026-05-11 09:00:00+00:00,1
2026-05-12,arpege_europe,meteofrance_arpege_europe,2026-05-11 00:00:00+00:00,2026-05-11 05:00:00+00:00,2026-05-11 09:00:00+00:00,1
2026-05-12,ukmo_global,ukmo_global_deterministic_10km,2026-05-11 00:00:00+00:00,2026-05-11 06:00:00+00:00,2026-05-11 09:00:00+00:00,1
2026-05-12,cma_grapes,cma_grapes_global,2026-05-11 00:00:00+00:00,2026-05-11 06:00:00+00:00,2026-05-11 09:00:00+00:00,1
2026-05-13,gfs,gfs_global,2026-05-12 00:00:00+00:00,2026-05-12 06:00:00+00:00,2026-05-12 09:00:00+00:00,1
2026-05-13,icon_eu,icon_eu,2026-05-12 00:00:00+00:00,2026-05-12 04:00:00+00:00,2026-05-12 09:00:00+00:00,1
2026-05-13,ecmwf,ecmwf_ifs025,2026-05-12 00:00:00+00:00,2026-05-12 06:00:00+00:00,2026-05-12 09:00:00+00:00,1
2026-05-13,dmi,dmi_harmonie_arome_europe,2026-05-12 03:00:00+00:00,2026-05-12 07:00:00+00:00,2026-05-12 09:00:00+00:00,1
2026-05-13,arpege_europe,meteofrance_arpege_europe,2026-05-12 00:00:00+00:00,2026-05-12 05:00:00+00:00,2026-05-12 09:00:00+00:00,1
2026-05-13,ukmo_global,ukmo_global_deterministic_10km,2026-05-12 00:00:00+00:00,2026-05-12 06:00:00+00:00,2026-05-12 09:00:00+00:00,1
2026-05-13,cma_grapes,cma_grapes_global,2026-05-12 00:00:00+00:00,2026-05-12 06:00:00+00:00,2026-05-12 09:00:00+00:00,1
2026-05-14,gfs,gfs_global,2026-05-13 00:00:00+00:00,2026-05-13 06:00:00+00:00,2026-05-13 09:00:00+00:00,1
2026-05-14,icon_eu,icon_eu,2026-05-13 00:00:00+00:00,2026-05-13 04:00:00+00:00,2026-05-13 09:00:00+00:00,1
2026-05-14,ecmwf,ecmwf_ifs025,2026-05-13 00:00:00+00:00,2026-05-13 06:00:00+00:00,2026-05-13 09:00:00+00:00,1
2026-05-14,dmi,dmi_harmonie_arome_europe,2026-05-13 03:00:00+00:00,2026-05-13 07:00:00+00:00,2026-05-13 09:00:00+00:00,1
2026-05-14,arpege_europe,meteofrance_arpege_europe,2026-05-13 00:00:00+00:00,2026-05-13 05:00:00+00:00,2026-05-13 09:00:00+00:00,1
2026-05-14,ukmo_global,ukmo_global_deterministic_10km,2026-05-13 00:00:00+00:00,2026-05-13 06:00:00+00:00,2026-05-13 09:00:00+00:00,1
2026-05-14,cma_grapes,cma_grapes_global,2026-05-13 00:00:00+00:00,2026-05-13 06:00:00+00:00,2026-05-13 09:00:00+00:00,1
2026-05-15,gfs,gfs_global,2026-05-14 00:00:00+00:00,2026-05-14 06:00:00+00:00,2026-05-14 09:00:00+00:00,1
2026-05-15,icon_eu,icon_eu,2026-05-14 00:00:00+00:00,2026-05-14 04:00:00+00:00,2026-05-14 09:00:00+00:00,1
2026-05-15,ecmwf,ecmwf_ifs025,2026-05-14 00:00:00+00:00,2026-05-14 06:00:00+00:00,2026-05-14 09:00:00+00:00,1
2026-05-15,dmi,dmi_harmonie_arome_europe,2026-05-14 03:00:00+00:00,2026-05-14 07:00:00+00:00,2026-05-14 09:00:00+00:00,1
2026-05-15,arpege_europe,meteofrance_arpege_europe,2026-05-14 00:00:00+00:00,2026-05-14 05:00:00+00:00,2026-05-14 09:00:00+00:00,1
2026-05-15,ukmo_global,ukmo_global_deterministic_10km,2026-05-14 00:00:00+00:00,2026-05-14 06:00:00+00:00,2026-05-14 09:00:00+00:00,1
2026-05-15,cma_grapes,cma_grapes_global,2026-05-14 00:00:00+00:00,2026-05-14 06:00:00+00:00,2026-05-14 09:00:00+00:00,1
2026-05-16,gfs,gfs_global,2026-05-15 00:00:00+00:00,2026-05-15 06:00:00+00:00,2026-05-15 09:00:00+00:00,1
2026-05-16,icon_eu,icon_eu,2026-05-15 00:00:00+00:00,2026-05-15 04:00:00+00:00,2026-05-15 09:00:00+00:00,1
2026-05-16,ecmwf,ecmwf_ifs025,2026-05-15 00:00:00+00:00,2026-05-15 06:00:00+00:00,2026-05-15 09:00:00+00:00,1
2026-05-16,dmi,dmi_harmonie_arome_europe,2026-05-15 03:00:00+00:00,2026-05-15 07:00:00+00:00,2026-05-15 09:00:00+00:00,1
2026-05-16,arpege_europe,meteofrance_arpege_europe,2026-05-15 00:00:00+00:00,2026-05-15 05:00:00+00:00,2026-05-15 09:00:00+00:00,1
2026-05-16,ukmo_global,ukmo_global_deterministic_10km,2026-05-15 00:00:00+00:00,2026-05-15 06:00:00+00:00,2026-05-15 09:00:00+00:00,1
2026-05-16,cma_grapes,cma_grapes_global,2026-05-15 00:00:00+00:00,2026-05-15 06:00:00+00:00,2026-05-15 09:00:00+00:00,1
2026-05-17,gfs,gfs_global,2026-05-16 00:00:00+00:00,2026-05-16 06:00:00+00:00,2026-05-16 09:00:00+00:00,1
2026-05-17,icon_eu,icon_eu,2026-05-16 00:00:00+00:00,2026-05-16 04:00:00+00:00,2026-05-16 09:00:00+00:00,1
2026-05-17,ecmwf,ecmwf_ifs025,2026-05-16 00:00:00+00:00,2026-05-16 06:00:00+00:00,2026-05-16 09:00:00+00:00,1
2026-05-17,dmi,dmi_harmonie_arome_europe,2026-05-16 03:00:00+00:00,2026-05-16 07:00:00+00:00,2026-05-16 09:00:00+00:00,1
2026-05-17,arpege_europe,meteofrance_arpege_europe,2026-05-16 00:00:00+00:00,2026-05-16 05:00:00+00:00,2026-05-16 09:00:00+00:00,1
2026-05-17,ukmo_global,ukmo_global_deterministic_10km,2026-05-16 00:00:00+00:00,2026-05-16 06:00:00+00:00,2026-05-16 09:00:00+00:00,1
2026-05-17,cma_grapes,cma_grapes_global,2026-05-16 00:00:00+00:00,2026-05-16 06:00:00+00:00,2026-05-16 09:00:00+00:00,1
2026-05-18,gfs,gfs_global,2026-05-17 00:00:00+00:00,2026-05-17 06:00:00+00:00,2026-05-17 09:00:00+00:00,1
2026-05-18,icon_eu,icon_eu,2026-05-17 00:00:00+00:00,2026-05-17 04:00:00+00:00,2026-05-17 09:00:00+00:00,1
2026-05-18,ecmwf,ecmwf_ifs025,2026-05-17 00:00:00+00:00,2026-05-17 06:00:00+00:00,2026-05-17 09:00:00+00:00,1
2026-05-18,dmi,dmi_harmonie_arome_europe,2026-05-17 03:00:00+00:00,2026-05-17 07:00:00+00:00,2026-05-17 09:00:00+00:00,1
2026-05-18,arpege_europe,meteofrance_arpege_europe,2026-05-17 00:00:00+00:00,2026-05-17 05:00:00+00:00,2026-05-17 09:00:00+00:00,1
2026-05-18,ukmo_global,ukmo_global_deterministic_10km,2026-05-17 00:00:00+00:00,2026-05-17 06:00:00+00:00,2026-05-17 09:00:00+00:00,1
2026-05-18,cma_grapes,cma_grapes_global,2026-05-17 00:00:00+00:00,2026-05-17 06:00:00+00:00,2026-05-17 09:00:00+00:00,1
2026-05-19,gfs,gfs_global,2026-05-18 00:00:00+00:00,2026-05-18 06:00:00+00:00,2026-05-18 09:00:00+00:00,1
2026-05-19,icon_eu,icon_eu,2026-05-18 00:00:00+00:00,2026-05-18 04:00:00+00:00,2026-05-18 09:00:00+00:00,1
2026-05-19,ecmwf,ecmwf_ifs025,2026-05-18 00:00:00+00:00,2026-05-18 06:00:00+00:00,2026-05-18 09:00:00+00:00,1
2026-05-19,dmi,dmi_harmonie_arome_europe,2026-05-18 03:00:00+00:00,2026-05-18 07:00:00+00:00,2026-05-18 09:00:00+00:00,1
2026-05-19,arpege_europe,meteofrance_arpege_europe,2026-05-18 00:00:00+00:00,2026-05-18 05:00:00+00:00,2026-05-18 09:00:00+00:00,1
2026-05-19,ukmo_global,ukmo_global_deterministic_10km,2026-05-18 00:00:00+00:00,2026-05-18 06:00:00+00:00,2026-05-18 09:00:00+00:00,1
2026-05-19,cma_grapes,cma_grapes_global,2026-05-18 00:00:00+00:00,2026-05-18 06:00:00+00:00,2026-05-18 09:00:00+00:00,1
2026-05-20,gfs,gfs_global,2026-05-19 00:00:00+00:00,2026-05-19 06:00:00+00:00,2026-05-19 09:00:00+00:00,1
2026-05-20,icon_eu,icon_eu,2026-05-19 00:00:00+00:00,2026-05-19 04:00:00+00:00,2026-05-19 09:00:00+00:00,1
2026-05-20,ecmwf,ecmwf_ifs025,2026-05-19 00:00:00+00:00,2026-05-19 06:00:00+00:00,2026-05-19 09:00:00+00:00,1
2026-05-20,dmi,dmi_harmonie_arome_europe,2026-05-19 03:00:00+00:00,2026-05-19 07:00:00+00:00,2026-05-19 09:00:00+00:00,1
2026-05-20,arpege_europe,meteofrance_arpege_europe,2026-05-19 00:00:00+00:00,2026-05-19 05:00:00+00:00,2026-05-19 09:00:00+00:00,1
2026-05-20,ukmo_global,ukmo_global_deterministic_10km,2026-05-19 00:00:00+00:00,2026-05-19 06:00:00+00:00,2026-05-19 09:00:00+00:00,1
2026-05-20,cma_grapes,cma_grapes_global,2026-05-19 00:00:00+00:00,2026-05-19 06:00:00+00:00,2026-05-19 09:00:00+00:00,1
2026-05-21,gfs,gfs_global,2026-05-20 00:00:00+00:00,2026-05-20 06:00:00+00:00,2026-05-20 09:00:00+00:00,1
2026-05-21,icon_eu,icon_eu,2026-05-20 00:00:00+00:00,2026-05-20 04:00:00+00:00,2026-05-20 09:00:00+00:00,1
2026-05-21,ecmwf,ecmwf_ifs025,2026-05-20 00:00:00+00:00,2026-05-20 06:00:00+00:00,2026-05-20 09:00:00+00:00,1
2026-05-21,dmi,dmi_harmonie_arome_europe,2026-05-20 03:00:00+00:00,2026-05-20 07:00:00+00:00,2026-05-20 09:00:00+00:00,1
2026-05-21,arpege_europe,meteofrance_arpege_europe,2026-05-20 00:00:00+00:00,2026-05-20 05:00:00+00:00,2026-05-20 09:00:00+00:00,1
2026-05-21,ukmo_global,ukmo_global_deterministic_10km,2026-05-20 00:00:00+00:00,2026-05-20 06:00:00+00:00,2026-05-20 09:00:00+00:00,1
2026-05-21,cma_grapes,cma_grapes_global,2026-05-20 00:00:00+00:00,2026-05-20 06:00:00+00:00,2026-05-20 09:00:00+00:00,1
2026-05-22,gfs,gfs_global,2026-05-21 00:00:00+00:00,2026-05-21 06:00:00+00:00,2026-05-21 09:00:00+00:00,1
2026-05-22,icon_eu,icon_eu,2026-05-21 00:00:00+00:00,2026-05-21 04:00:00+00:00,2026-05-21 09:00:00+00:00,1
2026-05-22,ecmwf,ecmwf_ifs025,2026-05-21 00:00:00+00:00,2026-05-21 06:00:00+00:00,2026-05-21 09:00:00+00:00,1
2026-05-22,dmi,dmi_harmonie_arome_europe,2026-05-21 03:00:00+00:00,2026-05-21 07:00:00+00:00,2026-05-21 09:00:00+00:00,1
2026-05-22,arpege_europe,meteofrance_arpege_europe,2026-05-21 00:00:00+00:00,2026-05-21 05:00:00+00:00,2026-05-21 09:00:00+00:00,1
2026-05-22,ukmo_global,ukmo_global_deterministic_10km,2026-05-21 00:00:00+00:00,2026-05-21 06:00:00+00:00,2026-05-21 09:00:00+00:00,1
2026-05-22,cma_grapes,cma_grapes_global,2026-05-21 00:00:00+00:00,2026-05-21 06:00:00+00:00,2026-05-21 09:00:00+00:00,1
2026-05-23,gfs,gfs_global,2026-05-22 00:00:00+00:00,2026-05-22 06:00:00+00:00,2026-05-22 09:00:00+00:00,1
2026-05-23,icon_eu,icon_eu,2026-05-22 00:00:00+00:00,2026-05-22 04:00:00+00:00,2026-05-22 09:00:00+00:00,1
2026-05-23,ecmwf,ecmwf_ifs025,2026-05-22 00:00:00+00:00,2026-05-22 06:00:00+00:00,2026-05-22 09:00:00+00:00,1
2026-05-23,dmi,dmi_harmonie_arome_europe,2026-05-22 03:00:00+00:00,2026-05-22 07:00:00+00:00,2026-05-22 09:00:00+00:00,1
2026-05-23,arpege_europe,meteofrance_arpege_europe,2026-05-22 00:00:00+00:00,2026-05-22 05:00:00+00:00,2026-05-22 09:00:00+00:00,1
2026-05-23,ukmo_global,ukmo_global_deterministic_10km,2026-05-22 00:00:00+00:00,2026-05-22 06:00:00+00:00,2026-05-22 09:00:00+00:00,1
2026-05-23,cma_grapes,cma_grapes_global,2026-05-22 00:00:00+00:00,2026-05-22 06:00:00+00:00,2026-05-22 09:00:00+00:00,1
2026-05-24,gfs,gfs_global,2026-05-23 00:00:00+00:00,2026-05-23 06:00:00+00:00,2026-05-23 09:00:00+00:00,1
2026-05-24,icon_eu,icon_eu,2026-05-23 00:00:00+00:00,2026-05-23 04:00:00+00:00,2026-05-23 09:00:00+00:00,1
2026-05-24,ecmwf,ecmwf_ifs025,2026-05-23 00:00:00+00:00,2026-05-23 06:00:00+00:00,2026-05-23 09:00:00+00:00,1
2026-05-24,dmi,dmi_harmonie_arome_europe,2026-05-23 03:00:00+00:00,2026-05-23 07:00:00+00:00,2026-05-23 09:00:00+00:00,1
2026-05-24,arpege_europe,meteofrance_arpege_europe,2026-05-23 00:00:00+00:00,2026-05-23 05:00:00+00:00,2026-05-23 09:00:00+00:00,1
2026-05-24,ukmo_global,ukmo_global_deterministic_10km,2026-05-23 00:00:00+00:00,2026-05-23 06:00:00+00:00,2026-05-23 09:00:00+00:00,1
2026-05-24,cma_grapes,cma_grapes_global,2026-05-23 00:00:00+00:00,2026-05-23 06:00:00+00:00,2026-05-23 09:00:00+00:00,1
2026-05-25,gfs,gfs_global,2026-05-24 00:00:00+00:00,2026-05-24 06:00:00+00:00,2026-05-24 09:00:00+00:00,1
2026-05-25,icon_eu,icon_eu,2026-05-24 00:00:00+00:00,2026-05-24 04:00:00+00:00,2026-05-24 09:00:00+00:00,1
2026-05-25,ecmwf,ecmwf_ifs025,2026-05-24 00:00:00+00:00,2026-05-24 06:00:00+00:00,2026-05-24 09:00:00+00:00,1
2026-05-25,dmi,dmi_harmonie_arome_europe,2026-05-24 03:00:00+00:00,2026-05-24 07:00:00+00:00,2026-05-24 09:00:00+00:00,1
2026-05-25,arpege_europe,meteofrance_arpege_europe,2026-05-24 00:00:00+00:00,2026-05-24 05:00:00+00:00,2026-05-24 09:00:00+00:00,1
2026-05-25,ukmo_global,ukmo_global_deterministic_10km,2026-05-24 00:00:00+00:00,2026-05-24 06:00:00+00:00,2026-05-24 09:00:00+00:00,1
2026-05-25,cma_grapes,cma_grapes_global,2026-05-24 00:00:00+00:00,2026-05-24 06:00:00+00:00,2026-05-24 09:00:00+00:00,1
2026-05-26,gfs,gfs_global,2026-05-25 00:00:00+00:00,2026-05-25 06:00:00+00:00,2026-05-25 09:00:00+00:00,1
2026-05-26,icon_eu,icon_eu,2026-05-25 00:00:00+00:00,2026-05-25 04:00:00+00:00,2026-05-25 09:00:00+00:00,1
2026-05-26,ecmwf,ecmwf_ifs025,2026-05-25 00:00:00+00:00,2026-05-25 06:00:00+00:00,2026-05-25 09:00:00+00:00,1
2026-05-26,dmi,dmi_harmonie_arome_europe,2026-05-25 03:00:00+00:00,2026-05-25 07:00:00+00:00,2026-05-25 09:00:00+00:00,1
2026-05-26,arpege_europe,meteofrance_arpege_europe,2026-05-25 00:00:00+00:00,2026-05-25 05:00:00+00:00,2026-05-25 09:00:00+00:00,1
2026-05-26,ukmo_global,ukmo_global_deterministic_10km,2026-05-25 00:00:00+00:00,2026-05-25 06:00:00+00:00,2026-05-25 09:00:00+00:00,1
2026-05-26,cma_grapes,cma_grapes_global,2026-05-25 00:00:00+00:00,2026-05-25 06:00:00+00:00,2026-05-25 09:00:00+00:00,1
2026-05-27,gfs,gfs_global,2026-05-26 00:00:00+00:00,2026-05-26 06:00:00+00:00,2026-05-26 09:00:00+00:00,1
2026-05-27,icon_eu,icon_eu,2026-05-26 00:00:00+00:00,2026-05-26 04:00:00+00:00,2026-05-26 09:00:00+00:00,1
2026-05-27,ecmwf,ecmwf_ifs025,2026-05-26 00:00:00+00:00,2026-05-26 06:00:00+00:00,2026-05-26 09:00:00+00:00,1
2026-05-27,dmi,dmi_harmonie_arome_europe,2026-05-26 03:00:00+00:00,2026-05-26 07:00:00+00:00,2026-05-26 09:00:00+00:00,1
2026-05-27,arpege_europe,meteofrance_arpege_europe,2026-05-26 00:00:00+00:00,2026-05-26 05:00:00+00:00,2026-05-26 09:00:00+00:00,1
2026-05-27,ukmo_global,ukmo_global_deterministic_10km,2026-05-26 00:00:00+00:00,2026-05-26 06:00:00+00:00,2026-05-26 09:00:00+00:00,1
2026-05-27,cma_grapes,cma_grapes_global,2026-05-26 00:00:00+00:00,2026-05-26 06:00:00+00:00,2026-05-26 09:00:00+00:00,1
2026-05-28,gfs,gfs_global,2026-05-27 00:00:00+00:00,2026-05-27 06:00:00+00:00,2026-05-27 09:00:00+00:00,1
2026-05-28,icon_eu,icon_eu,2026-05-27 00:00:00+00:00,2026-05-27 04:00:00+00:00,2026-05-27 09:00:00+00:00,1
2026-05-28,ecmwf,ecmwf_ifs025,2026-05-27 00:00:00+00:00,2026-05-27 06:00:00+00:00,2026-05-27 09:00:00+00:00,1
2026-05-28,dmi,dmi_harmonie_arome_europe,2026-05-27 03:00:00+00:00,2026-05-27 07:00:00+00:00,2026-05-27 09:00:00+00:00,1
2026-05-28,arpege_europe,meteofrance_arpege_europe,2026-05-27 00:00:00+00:00,2026-05-27 05:00:00+00:00,2026-05-27 09:00:00+00:00,1
2026-05-28,ukmo_global,ukmo_global_deterministic_10km,2026-05-27 00:00:00+00:00,2026-05-27 06:00:00+00:00,2026-05-27 09:00:00+00:00,1
2026-05-28,cma_grapes,cma_grapes_global,2026-05-27 00:00:00+00:00,2026-05-27 06:00:00+00:00,2026-05-27 09:00:00+00:00,1
2026-05-29,gfs,gfs_global,2026-05-28 00:00:00+00:00,2026-05-28 06:00:00+00:00,2026-05-28 09:00:00+00:00,1
2026-05-29,icon_eu,icon_eu,2026-05-28 00:00:00+00:00,2026-05-28 04:00:00+00:00,2026-05-28 09:00:00+00:00,1
2026-05-29,ecmwf,ecmwf_ifs025,2026-05-28 00:00:00+00:00,2026-05-28 06:00:00+00:00,2026-05-28 09:00:00+00:00,1
2026-05-29,dmi,dmi_harmonie_arome_europe,2026-05-28 03:00:00+00:00,2026-05-28 07:00:00+00:00,2026-05-28 09:00:00+00:00,1
2026-05-29,arpege_europe,meteofrance_arpege_europe,2026-05-28 00:00:00+00:00,2026-05-28 05:00:00+00:00,2026-05-28 09:00:00+00:00,1
2026-05-29,ukmo_global,ukmo_global_deterministic_10km,2026-05-28 00:00:00+00:00,2026-05-28 06:00:00+00:00,2026-05-28 09:00:00+00:00,1
2026-05-29,cma_grapes,cma_grapes_global,2026-05-28 00:00:00+00:00,2026-05-28 06:00:00+00:00,2026-05-28 09:00:00+00:00,1
2026-05-30,gfs,gfs_global,2026-05-29 00:00:00+00:00,2026-05-29 06:00:00+00:00,2026-05-29 09:00:00+00:00,1
2026-05-30,icon_eu,icon_eu,2026-05-29 00:00:00+00:00,2026-05-29 04:00:00+00:00,2026-05-29 09:00:00+00:00,1
2026-05-30,ecmwf,ecmwf_ifs025,2026-05-29 00:00:00+00:00,2026-05-29 06:00:00+00:00,2026-05-29 09:00:00+00:00,1
2026-05-30,dmi,dmi_harmonie_arome_europe,2026-05-29 03:00:00+00:00,2026-05-29 07:00:00+00:00,2026-05-29 09:00:00+00:00,1
2026-05-30,arpege_europe,meteofrance_arpege_europe,2026-05-29 00:00:00+00:00,2026-05-29 05:00:00+00:00,2026-05-29 09:00:00+00:00,1
2026-05-30,ukmo_global,ukmo_global_deterministic_10km,2026-05-29 00:00:00+00:00,2026-05-29 06:00:00+00:00,2026-05-29 09:00:00+00:00,1
2026-05-30,cma_grapes,cma_grapes_global,2026-05-29 00:00:00+00:00,2026-05-29 06:00:00+00:00,2026-05-29 09:00:00+00:00,1
2026-05-31,gfs,gfs_global,2026-05-30 00:00:00+00:00,2026-05-30 06:00:00+00:00,2026-05-30 09:00:00+00:00,1
2026-05-31,icon_eu,icon_eu,2026-05-30 00:00:00+00:00,2026-05-30 04:00:00+00:00,2026-05-30 09:00:00+00:00,1
2026-05-31,ecmwf,ecmwf_ifs025,2026-05-30 00:00:00+00:00,2026-05-30 06:00:00+00:00,2026-05-30 09:00:00+00:00,1
2026-05-31,dmi,dmi_harmonie_arome_europe,2026-05-30 03:00:00+00:00,2026-05-30 07:00:00+00:00,2026-05-30 09:00:00+00:00,1
2026-05-31,arpege_europe,meteofrance_arpege_europe,2026-05-30 00:00:00+00:00,2026-05-30 05:00:00+00:00,2026-05-30 09:00:00+00:00,1
2026-05-31,ukmo_global,ukmo_global_deterministic_10km,2026-05-30 00:00:00+00:00,2026-05-30 06:00:00+00:00,2026-05-30 09:00:00+00:00,1
2026-05-31,cma_grapes,cma_grapes_global,2026-05-30 00:00:00+00:00,2026-05-30 06:00:00+00:00,2026-05-30 09:00:00+00:00,1
2026-06-01,gfs,gfs_global,2026-05-31 00:00:00+00:00,2026-05-31 06:00:00+00:00,2026-05-31 09:00:00+00:00,1
2026-06-01,icon_eu,icon_eu,2026-05-31 00:00:00+00:00,2026-05-31 04:00:00+00:00,2026-05-31 09:00:00+00:00,1
2026-06-01,ecmwf,ecmwf_ifs025,2026-05-31 00:00:00+00:00,2026-05-31 06:00:00+00:00,2026-05-31 09:00:00+00:00,1
2026-06-01,dmi,dmi_harmonie_arome_europe,2026-05-31 03:00:00+00:00,2026-05-31 07:00:00+00:00,2026-05-31 09:00:00+00:00,1
2026-06-01,arpege_europe,meteofrance_arpege_europe,2026-05-31 00:00:00+00:00,2026-05-31 05:00:00+00:00,2026-05-31 09:00:00+00:00,1
2026-06-01,ukmo_global,ukmo_global_deterministic_10km,2026-05-31 00:00:00+00:00,2026-05-31 06:00:00+00:00,2026-05-31 09:00:00+00:00,1
2026-06-01,cma_grapes,cma_grapes_global,2026-05-31 00:00:00+00:00,2026-05-31 06:00:00+00:00,2026-05-31 09:00:00+00:00,1
2026-06-02,gfs,gfs_global,2026-06-01 00:00:00+00:00,2026-06-01 06:00:00+00:00,2026-06-01 09:00:00+00:00,1
2026-06-02,icon_eu,icon_eu,2026-06-01 00:00:00+00:00,2026-06-01 04:00:00+00:00,2026-06-01 09:00:00+00:00,1
2026-06-02,ecmwf,ecmwf_ifs025,2026-06-01 00:00:00+00:00,2026-06-01 06:00:00+00:00,2026-06-01 09:00:00+00:00,1
2026-06-02,dmi,dmi_harmonie_arome_europe,2026-06-01 03:00:00+00:00,2026-06-01 07:00:00+00:00,2026-06-01 09:00:00+00:00,1
2026-06-02,arpege_europe,meteofrance_arpege_europe,2026-06-01 00:00:00+00:00,2026-06-01 05:00:00+00:00,2026-06-01 09:00:00+00:00,1
2026-06-02,ukmo_global,ukmo_global_deterministic_10km,2026-06-01 00:00:00+00:00,2026-06-01 06:00:00+00:00,2026-06-01 09:00:00+00:00,1
2026-06-02,cma_grapes,cma_grapes_global,2026-06-01 00:00:00+00:00,2026-06-01 06:00:00+00:00,2026-06-01 09:00:00+00:00,1
2026-06-03,gfs,gfs_global,2026-06-02 00:00:00+00:00,2026-06-02 06:00:00+00:00,2026-06-02 09:00:00+00:00,1
2026-06-03,icon_eu,icon_eu,2026-06-02 00:00:00+00:00,2026-06-02 04:00:00+00:00,2026-06-02 09:00:00+00:00,1
2026-06-03,ecmwf,ecmwf_ifs025,2026-06-02 00:00:00+00:00,2026-06-02 06:00:00+00:00,2026-06-02 09:00:00+00:00,1
2026-06-03,dmi,dmi_harmonie_arome_europe,2026-06-02 03:00:00+00:00,2026-06-02 07:00:00+00:00,2026-06-02 09:00:00+00:00,1
2026-06-03,arpege_europe,meteofrance_arpege_europe,2026-06-02 00:00:00+00:00,2026-06-02 05:00:00+00:00,2026-06-02 09:00:00+00:00,1
2026-06-03,ukmo_global,ukmo_global_deterministic_10km,2026-06-02 00:00:00+00:00,2026-06-02 06:00:00+00:00,2026-06-02 09:00:00+00:00,1
2026-06-03,cma_grapes,cma_grapes_global,2026-06-02 00:00:00+00:00,2026-06-02 06:00:00+00:00,2026-06-02 09:00:00+00:00,1
2026-06-04,gfs,gfs_global,2026-06-03 00:00:00+00:00,2026-06-03 06:00:00+00:00,2026-06-03 09:00:00+00:00,1
2026-06-04,icon_eu,icon_eu,2026-06-03 00:00:00+00:00,2026-06-03 04:00:00+00:00,2026-06-03 09:00:00+00:00,1
2026-06-04,ecmwf,ecmwf_ifs025,2026-06-03 00:00:00+00:00,2026-06-03 06:00:00+00:00,2026-06-03 09:00:00+00:00,1
2026-06-04,dmi,dmi_harmonie_arome_europe,2026-06-03 03:00:00+00:00,2026-06-03 07:00:00+00:00,2026-06-03 09:00:00+00:00,1
2026-06-04,arpege_europe,meteofrance_arpege_europe,2026-06-03 00:00:00+00:00,2026-06-03 05:00:00+00:00,2026-06-03 09:00:00+00:00,1
2026-06-04,ukmo_global,ukmo_global_deterministic_10km,2026-06-03 00:00:00+00:00,2026-06-03 06:00:00+00:00,2026-06-03 09:00:00+00:00,1
2026-06-04,cma_grapes,cma_grapes_global,2026-06-03 00:00:00+00:00,2026-06-03 06:00:00+00:00,2026-06-03 09:00:00+00:00,1
2026-06-05,gfs,gfs_global,2026-06-04 00:00:00+00:00,2026-06-04 06:00:00+00:00,2026-06-04 09:00:00+00:00,1
2026-06-05,icon_eu,icon_eu,2026-06-04 00:00:00+00:00,2026-06-04 04:00:00+00:00,2026-06-04 09:00:00+00:00,1
2026-06-05,ecmwf,ecmwf_ifs025,2026-06-04 00:00:00+00:00,2026-06-04 06:00:00+00:00,2026-06-04 09:00:00+00:00,1
2026-06-05,dmi,dmi_harmonie_arome_europe,2026-06-04 03:00:00+00:00,2026-06-04 07:00:00+00:00,2026-06-04 09:00:00+00:00,1
2026-06-05,arpege_europe,meteofrance_arpege_europe,2026-06-04 00:00:00+00:00,2026-06-04 05:00:00+00:00,2026-06-04 09:00:00+00:00,1
2026-06-05,ukmo_global,ukmo_global_deterministic_10km,2026-06-04 00:00:00+00:00,2026-06-04 06:00:00+00:00,2026-06-04 09:00:00+00:00,1
2026-06-05,cma_grapes,cma_grapes_global,2026-06-04 00:00:00+00:00,2026-06-04 06:00:00+00:00,2026-06-04 09:00:00+00:00,1
